# This file uses centimeters as units for non-parametric coordinates.

v 0.000000 7.880264 0.752036
v 0.000000 7.757433 0.836744
v 0.270246 7.727890 0.804358
v 0.273200 7.847873 0.722131
v 0.517589 7.669890 0.717092
v 0.529424 7.789845 0.646848
v 0.259222 7.573088 0.840821
v 0.486571 7.525052 0.755493
v 0.000000 7.601498 0.883054
v 0.718982 7.438209 0.605684
v 0.756409 7.580451 0.565909
v 0.769781 7.698847 0.495970
v 0.000000 7.924031 0.589587
v 0.256828 7.909318 0.569569
v 0.500256 7.883933 0.503163
v 0.729467 7.798858 0.367572
v 0.244762 7.983394 0.438603
v 0.000000 7.979450 0.478140
v 0.478539 7.970067 0.385751
v 0.705928 7.890702 0.256314
v 0.700126 7.987733 0.143578
v 0.471552 8.071770 0.259782
v 0.241267 8.086257 0.300723
v 0.000000 8.090336 0.318563
v 0.243411 8.191680 0.160791
v 0.000000 8.199738 0.176026
v 0.473481 8.173212 0.118035
v 0.686378 8.079510 0.003751
v 0.246889 8.291578 0.031628
v 0.000000 8.293912 0.056995
v 0.479717 8.252819 -0.032811
v 0.951032 7.457699 0.352145
v 0.954862 7.575756 0.290366
v 0.932397 7.319909 0.385625
v 0.892975 7.676556 0.179338
v 0.852325 7.767628 0.079246
v 0.836933 7.860280 -0.020926
v 0.815737 7.946539 -0.130946
v 0.240546 7.498641 0.799484
v 0.000000 7.523427 0.837552
v 0.446981 7.468586 0.729786
v 0.677852 7.377195 0.572200
v 0.881668 7.240967 0.330954
v 0.000000 8.393649 -0.080578
v 0.258951 8.366263 -0.115779
v 0.461813 8.270296 -0.205345
v 0.000000 8.251478 -0.491582
v 0.213324 8.244779 -0.521224
v 0.415325 8.173639 -0.532324
v 0.226661 8.318791 -0.342330
v 0.429981 8.231980 -0.366733
v 0.000000 8.361591 -0.291596
v 0.205112 8.007349 -0.801895
v 0.000000 8.052658 -0.772453
v 0.651659 8.127162 -0.135611
v 0.775982 7.993342 -0.238155
v 0.614425 8.133836 -0.265981
v 0.740500 8.006027 -0.330443
v 0.587611 8.115391 -0.391055
v 0.717748 7.989213 -0.432842
v 0.573086 8.062445 -0.538961
v 0.697633 7.942225 -0.548170
v 0.385144 7.955801 -0.796896
v 0.526148 7.879187 -0.772576
v 0.646098 7.797534 -0.753270
v 0.936056 7.119840 0.136686
v 1.020499 7.186268 0.142817
v 1.049384 7.318145 0.124759
v 1.062537 7.437032 0.055965
v 0.990414 7.545426 -0.022309
v 0.943712 7.639657 -0.103461
v 0.921434 7.732128 -0.191418
v 0.893334 7.816911 -0.274610
v 0.852192 7.877517 -0.345671
v 0.953058 6.998391 -0.091928
v 1.037674 7.050704 -0.109101
v 1.075718 7.182716 -0.122100
v 0.894517 6.905686 -0.260197
v 0.989309 6.943305 -0.269944
v 1.049195 7.061109 -0.305661
v 1.088646 7.309902 -0.162940
v 1.068594 7.199858 -0.344198
v 1.026997 7.420568 -0.210158
v 1.028498 7.313500 -0.366291
v 0.996016 7.517553 -0.275422
v 1.007589 7.406550 -0.409111
v 0.972914 7.603912 -0.369659
v 0.990443 7.482886 -0.445178
v 0.927333 7.721663 -0.411138
v 0.877745 7.794898 -0.458837
v 0.810781 7.916935 -0.384176
v 0.809737 7.881554 -0.464370
v 0.796475 7.839761 -0.553688
v 0.871726 7.745338 -0.550983
v 0.923074 7.661266 -0.526240
v 0.946366 7.555692 -0.517603
v 0.956120 7.445038 -0.533894
v 0.750540 7.722260 -0.733674
v 0.835571 7.631874 -0.714535
v 0.873982 7.563377 -0.691073
v 0.899041 7.482761 -0.682810
v 0.910192 7.406269 -0.686709
v 0.971576 7.312248 -0.536915
v 0.998710 7.225030 -0.490694
v 1.030431 7.121173 -0.475846
v 0.898352 7.432623 -0.601819
v 0.895236 7.522847 -0.593384
v 0.897463 7.618556 -0.601768
v 0.862107 7.702425 -0.617099
v 0.778430 7.786542 -0.643766
v 0.672829 7.875145 -0.653269
v 0.550503 7.975092 -0.666778
v 0.403742 8.075774 -0.687012
v 0.211558 8.134741 -0.690300
v 0.000000 8.151618 -0.658861
v 0.904693 7.306857 -0.605392
v 0.907608 7.309704 -0.702457
v 0.891228 7.184800 -0.650114
v 0.892414 7.210835 -0.745380
v 0.870117 7.055514 -0.712759
v 0.947009 7.174728 -0.606381
v 0.937283 7.042688 -0.662697
v 0.974243 7.159289 -0.563332
v 0.989542 7.062208 -0.574471
v 1.006882 6.983984 -0.435642
v 0.948114 6.908811 -0.553155
v 0.928359 6.866190 -0.382141
v 0.857066 6.791214 -0.491664
v 0.839262 6.835501 -0.357933
v 0.762138 6.761966 -0.459137
v 0.866902 6.838236 -0.687838
v 0.776106 6.717972 -0.599207
v 0.685465 6.696450 -0.543693
v 0.818692 6.920800 -0.797051
v 0.709826 6.709110 -0.790167
v 0.715876 6.840672 -0.902037
v 0.727026 6.825726 -0.952229
v 0.650592 6.647159 -0.698778
v 0.588402 6.639745 -0.623620
v 0.550846 6.641480 -0.868244
v 0.579780 6.764111 -0.983432
v 0.500387 6.587389 -0.775868
v 0.600139 6.723472 -1.027243
v 0.406659 6.607153 -0.933680
v 0.449287 6.693707 -1.053258
v 0.357709 6.550036 -0.828788
v 0.178322 6.571101 -0.983313
v 0.184288 6.641488 -1.115980
v 0.157582 6.520405 -0.868962
v 0.433113 6.562246 -0.688988
v 0.000000 6.503532 -0.756808
v 0.312255 6.525245 -0.730507
v 0.470966 6.613203 -1.111484
v 0.197965 6.493879 -1.184194
v 0.217551 6.409921 -1.285846
v 0.000000 7.906412 -0.917324
v 0.200130 7.871688 -0.899589
v 0.373484 7.833698 -0.870872
v 0.504751 7.771103 -0.881398
v 0.621914 7.694577 -0.863447
v 0.722495 7.621311 -0.838484
v 0.799262 7.544123 -0.813953
v 0.843077 7.480182 -0.794760
v 0.872020 7.422019 -0.782483
v 0.889767 7.373446 -0.774673
v 0.892267 7.294548 -0.793247
v 0.883111 7.223285 -0.826244
v 0.803478 6.896875 -0.992840
v 0.652035 6.669940 -1.098162
v 0.510648 6.538503 -1.174920
v 0.000000 7.773351 -1.033214
v 0.191751 7.732936 -1.007782
v 0.347592 7.700365 -0.987112
v 0.481542 7.645579 -0.990618
v 0.601945 7.578039 -0.974998
v 0.697670 7.510142 -0.943298
v 0.769133 7.446063 -0.909556
v 0.816585 7.391798 -0.879767
v 0.854455 7.345015 -0.847595
v 0.846762 7.254918 -0.903581
v 0.844738 7.139104 -0.965076
v 0.709832 6.628895 -1.175348
v 0.558186 6.465645 -1.249581
v 0.248587 6.332846 -1.388981
v 0.286972 6.264376 -1.513604
v 0.629687 6.395138 -1.388470
v 0.756306 6.615871 -1.322477
v 0.793690 6.846416 -1.223872
v 0.805080 7.020453 -1.130148
v 0.804247 7.163363 -1.045889
v 0.805095 7.283871 -0.963330
v 0.754495 7.329920 -1.008834
v 0.685250 7.386039 -1.053621
v 0.592679 7.448967 -1.093497
v 0.468258 7.507577 -1.112944
v 0.330968 7.545283 -1.122336
v 0.179662 7.577026 -1.142634
v 0.000000 7.598989 -1.175453
v 0.176350 7.432267 -1.276571
v 0.000000 7.457665 -1.304969
v 0.327019 7.399377 -1.250937
v 0.463006 7.359686 -1.231317
v 0.588909 7.313600 -1.211197
v 0.684651 7.256180 -1.164115
v 0.753488 7.204183 -1.107068
v 0.755842 7.056326 -1.207066
v 0.685490 7.101280 -1.281259
v 0.586976 7.153584 -1.337012
v 0.463720 7.193956 -1.358259
v 0.331216 7.233086 -1.380816
v 0.181111 7.278798 -1.407489
v 0.000000 7.339513 -1.403416
v 0.748234 6.876707 -1.317233
v 0.675524 6.921043 -1.401666
v 0.575655 6.965273 -1.460438
v 0.455868 7.004844 -1.489785
v 0.329193 7.041081 -1.523645
v 0.180688 7.084126 -1.556345
v 0.000000 7.133770 -1.568345
v 0.178595 6.874146 -1.704640
v 0.000000 6.888137 -1.739577
v 0.722671 6.674305 -1.426859
v 0.640352 6.727221 -1.514010
v 0.544783 6.768697 -1.570059
v 0.320323 6.842889 -1.657458
v 0.436618 6.813745 -1.610424
v 0.657672 6.461894 -1.529529
v 0.584738 6.536162 -1.615075
v 0.497831 6.593723 -1.667879
v 0.410763 6.641448 -1.706286
v 0.307385 6.656163 -1.760677
v 0.171819 6.660634 -1.820613
v 0.000000 6.632558 -1.870926
v 0.449486 6.301783 -1.464959
v 0.398251 6.378553 -1.327156
v 0.357454 6.452795 -1.241423
v 0.331666 6.537541 -1.156018
v 0.309512 6.671421 -1.087887
v 0.284011 6.585380 -0.967035
v 0.256328 6.532481 -0.855602
v 0.219814 6.511099 -0.742171
v 0.000000 6.174311 -1.700215
v 0.331000 6.227439 -1.633649
v 0.000000 6.127020 -1.813813
v 0.355847 6.218102 -1.753456
v 0.360143 6.247923 -1.821385
v 0.000000 6.106380 -1.947069
v 0.505779 6.291118 -1.595224
v 0.523055 6.349880 -1.682079
v 0.463106 6.425138 -1.742884
v 0.172385 6.460850 -1.887254
v 0.303255 6.494118 -1.819921
v 0.385289 6.520447 -1.765157
v 0.199488 6.156348 -1.896297
v 0.178180 6.154649 -1.795656
v 0.131086 6.241510 -1.542181
v 0.121177 6.307362 -1.423340
v 0.108198 6.392423 -1.308408
v 0.094750 6.480788 -1.193652
v 0.082752 6.622869 -1.124769
v 0.086530 6.565352 -0.991801
v 0.079943 6.514291 -0.869622
v 0.000000 6.504700 -0.756339
v -0.000000 6.566014 -0.999067
v -0.000000 6.632192 -1.126489
v 0.000000 6.478321 -1.194312
v 0.000000 6.381160 -1.324715
v 0.000000 6.288029 -1.454137
v 0.037988 6.216080 -1.598353
v 0.000000 6.404883 -1.935207
v -0.000000 6.486008 -1.912681
v 0.000000 6.510901 -0.864071
v 0.000000 6.503421 -0.754830
v -0.000000 6.363382 -1.937581
v -0.270246 7.727890 0.804358
v -0.273200 7.847873 0.722131
v -0.517589 7.669890 0.717092
v -0.529424 7.789845 0.646848
v -0.259222 7.573088 0.840821
v -0.486571 7.525052 0.755493
v -0.718982 7.438209 0.605684
v -0.756409 7.580451 0.565909
v -0.769781 7.698847 0.495970
v -0.256828 7.909318 0.569569
v -0.500256 7.883933 0.503163
v -0.729467 7.798858 0.367572
v -0.244762 7.983394 0.438603
v -0.478539 7.970067 0.385751
v -0.705928 7.890702 0.256314
v -0.700126 7.987733 0.143578
v -0.471552 8.071770 0.259782
v -0.241267 8.086257 0.300723
v -0.243411 8.191680 0.160791
v -0.473481 8.173212 0.118035
v -0.686378 8.079510 0.003751
v -0.246889 8.291578 0.031628
v -0.479717 8.252819 -0.032811
v -0.951032 7.457699 0.352145
v -0.954862 7.575756 0.290366
v -0.932397 7.319909 0.385625
v -0.892975 7.676556 0.179338
v -0.852325 7.767628 0.079246
v -0.836933 7.860280 -0.020926
v -0.815737 7.946539 -0.130946
v -0.240546 7.498641 0.799484
v -0.446981 7.468586 0.729786
v -0.677852 7.377195 0.572200
v -0.881668 7.240967 0.330954
v -0.258951 8.366263 -0.115779
v -0.461813 8.270296 -0.205345
v -0.213324 8.244779 -0.521224
v -0.415325 8.173639 -0.532324
v -0.226661 8.318791 -0.342330
v -0.429981 8.231980 -0.366733
v -0.205112 8.007349 -0.801895
v -0.651659 8.127162 -0.135611
v -0.775982 7.993342 -0.238155
v -0.614425 8.133836 -0.265981
v -0.740500 8.006027 -0.330443
v -0.587611 8.115391 -0.391055
v -0.717748 7.989213 -0.432842
v -0.573086 8.062445 -0.538961
v -0.697633 7.942225 -0.548170
v -0.385144 7.955801 -0.796896
v -0.526148 7.879187 -0.772576
v -0.646098 7.797534 -0.753270
v -0.936056 7.119840 0.136686
v -1.020499 7.186268 0.142817
v -1.049384 7.318145 0.124759
v -1.062537 7.437032 0.055965
v -0.990414 7.545426 -0.022309
v -0.943712 7.639657 -0.103461
v -0.921434 7.732128 -0.191418
v -0.893334 7.816911 -0.274610
v -0.852192 7.877517 -0.345671
v -0.953058 6.998391 -0.091928
v -1.037674 7.050704 -0.109101
v -1.075718 7.182716 -0.122100
v -0.894517 6.905686 -0.260197
v -0.989309 6.943305 -0.269944
v -1.049195 7.061109 -0.305661
v -1.088646 7.309902 -0.162940
v -1.068594 7.199858 -0.344198
v -1.026997 7.420568 -0.210158
v -1.028498 7.313500 -0.366291
v -0.996016 7.517553 -0.275422
v -1.007589 7.406550 -0.409111
v -0.972914 7.603912 -0.369659
v -0.990443 7.482886 -0.445178
v -0.927333 7.721663 -0.411138
v -0.877745 7.794898 -0.458837
v -0.810781 7.916935 -0.384176
v -0.809737 7.881554 -0.464370
v -0.796475 7.839761 -0.553688
v -0.871726 7.745338 -0.550983
v -0.923074 7.661266 -0.526240
v -0.946366 7.555692 -0.517603
v -0.956120 7.445038 -0.533894
v -0.750540 7.722260 -0.733674
v -0.835571 7.631874 -0.714535
v -0.873982 7.563377 -0.691073
v -0.899041 7.482761 -0.682810
v -0.910192 7.406269 -0.686709
v -0.971576 7.312248 -0.536915
v -0.998710 7.225030 -0.490694
v -1.030431 7.121173 -0.475846
v -0.898352 7.432623 -0.601819
v -0.895236 7.522847 -0.593384
v -0.897463 7.618556 -0.601768
v -0.862107 7.702425 -0.617099
v -0.778430 7.786542 -0.643766
v -0.672829 7.875145 -0.653269
v -0.550503 7.975092 -0.666778
v -0.403742 8.075774 -0.687012
v -0.211558 8.134741 -0.690300
v -0.904693 7.306857 -0.605392
v -0.907608 7.309704 -0.702457
v -0.891228 7.184800 -0.650114
v -0.892414 7.210835 -0.745380
v -0.870117 7.055514 -0.712759
v -0.867261 7.095177 -0.801189
v -0.947009 7.174728 -0.606381
v -0.937283 7.042688 -0.662697
v -0.974243 7.159289 -0.563332
v -0.989542 7.062208 -0.574471
v -1.006882 6.983984 -0.435642
v -0.948114 6.908811 -0.553155
v -0.928359 6.866190 -0.382141
v -0.857066 6.791214 -0.491664
v -0.839262 6.835501 -0.357933
v -0.762138 6.761966 -0.459137
v -0.866902 6.838236 -0.687838
v -0.776106 6.717972 -0.599207
v -0.685465 6.696450 -0.543693
v -0.818692 6.920800 -0.797051
v -0.818355 6.962737 -0.870680
v -0.709826 6.709110 -0.790167
v -0.715876 6.840672 -0.902037
v -0.727026 6.825726 -0.952229
v -0.650592 6.647159 -0.698778
v -0.588402 6.639745 -0.623620
v -0.550846 6.641480 -0.868244
v -0.579780 6.764111 -0.983432
v -0.500387 6.587389 -0.775868
v -0.600139 6.723472 -1.027243
v -0.406659 6.607153 -0.933680
v -0.449287 6.693707 -1.053258
v -0.357709 6.550036 -0.828788
v -0.178322 6.571101 -0.983313
v -0.184288 6.641488 -1.115980
v -0.157582 6.520405 -0.868962
v -0.433113 6.562246 -0.688988
v -0.312255 6.525245 -0.730507
v -0.470966 6.613203 -1.111484
v -0.197965 6.493879 -1.184194
v -0.217551 6.409921 -1.285846
v -0.200130 7.871688 -0.899589
v -0.373484 7.833698 -0.870872
v -0.504751 7.771103 -0.881398
v -0.621914 7.694577 -0.863447
v -0.722495 7.621311 -0.838484
v -0.799262 7.544123 -0.813953
v -0.843077 7.480182 -0.794760
v -0.872020 7.422019 -0.782483
v -0.889767 7.373446 -0.774673
v -0.892267 7.294548 -0.793247
v -0.883111 7.223285 -0.826244
v -0.867286 7.108287 -0.882190
v -0.846447 7.003988 -0.935261
v -0.776626 6.824263 -1.019412
v -0.652035 6.669940 -1.098162
v -0.510648 6.538503 -1.174920
v -0.191751 7.732936 -1.007782
v -0.347592 7.700365 -0.987112
v -0.481542 7.645579 -0.990618
v -0.601945 7.578039 -0.974998
v -0.697670 7.510142 -0.943298
v -0.769133 7.446063 -0.909556
v -0.816585 7.391798 -0.879767
v -0.854455 7.345015 -0.847595
v -0.846762 7.254918 -0.903581
v -0.844738 7.139104 -0.965076
v -0.837594 7.007470 -1.027081
v -0.803307 6.832084 -1.112358
v -0.709832 6.628895 -1.175348
v -0.558186 6.465645 -1.249581
v -0.248587 6.332846 -1.388981
v -0.286972 6.264376 -1.513604
v -0.629687 6.395138 -1.388470
v -0.756306 6.615871 -1.322477
v -0.793690 6.846416 -1.223872
v -0.805080 7.020453 -1.130148
v -0.804247 7.163363 -1.045889
v -0.805095 7.283871 -0.963330
v -0.754495 7.329920 -1.008834
v -0.685250 7.386039 -1.053621
v -0.592679 7.448967 -1.093497
v -0.468258 7.507577 -1.112944
v -0.330968 7.545283 -1.122336
v -0.179662 7.577026 -1.142634
v -0.176350 7.432267 -1.276571
v -0.327019 7.399377 -1.250937
v -0.463006 7.359686 -1.231317
v -0.588909 7.313600 -1.211197
v -0.684651 7.256180 -1.164115
v -0.753488 7.204183 -1.107068
v -0.755842 7.056326 -1.207066
v -0.685490 7.101280 -1.281259
v -0.586976 7.153584 -1.337012
v -0.463720 7.193956 -1.358259
v -0.331216 7.233086 -1.380816
v -0.181111 7.278798 -1.407489
v -0.748234 6.876707 -1.317233
v -0.675524 6.921043 -1.401666
v -0.575655 6.965273 -1.460438
v -0.455868 7.004844 -1.489785
v -0.329193 7.041081 -1.523645
v -0.180688 7.084126 -1.556345
v -0.178595 6.874146 -1.704640
v -0.722671 6.674305 -1.426859
v -0.640352 6.727221 -1.514010
v -0.544783 6.768697 -1.570059
v -0.320323 6.842889 -1.657458
v -0.436618 6.813745 -1.610424
v -0.657672 6.461894 -1.529529
v -0.584738 6.536162 -1.615075
v -0.497831 6.593723 -1.667879
v -0.410763 6.641448 -1.706286
v -0.307385 6.656163 -1.760677
v -0.171819 6.660634 -1.820613
v -0.449486 6.301783 -1.464959
v -0.398251 6.378553 -1.327156
v -0.357454 6.452795 -1.241423
v -0.331666 6.537541 -1.156018
v -0.309512 6.671421 -1.087887
v -0.284011 6.585380 -0.967035
v -0.256328 6.532481 -0.855602
v -0.219814 6.511099 -0.742171
v -0.331000 6.227439 -1.633649
v -0.355847 6.218102 -1.753456
v -0.360143 6.247923 -1.821385
v -0.505779 6.291118 -1.595224
v -0.523055 6.349880 -1.682079
v -0.463106 6.425138 -1.742884
v -0.172385 6.460850 -1.887254
v -0.303255 6.494118 -1.819921
v -0.385289 6.520447 -1.765157
v -0.199488 6.156348 -1.896297
v -0.178180 6.154649 -1.795656
v -0.151950 6.190989 -1.672513
v -0.131086 6.241510 -1.542181
v -0.121177 6.307362 -1.423340
v -0.108198 6.392423 -1.308408
v -0.094750 6.480788 -1.193652
v -0.082752 6.622869 -1.124769
v -0.086530 6.565352 -0.991801
v -0.079943 6.514291 -0.869622
v 0.040628 5.221473 0.691073
v 0.167633 5.400920 0.621397
v 0.000000 5.321169 0.655211
v 0.180627 4.791310 0.794809
v 0.000000 4.671413 0.831164
v 0.187617 4.620070 0.843302
v 0.000000 4.430363 0.909180
v 0.190424 4.398622 0.909811
v 0.000000 4.146463 0.984869
v 0.187218 4.141365 0.973306
v 0.000000 3.839092 1.033517
v 0.186419 3.873468 1.013282
v 0.000000 3.642719 1.034863
v 0.199067 3.648968 1.016649
v 0.000000 3.445458 1.018554
v 0.207120 3.429801 0.999063
v 0.000000 3.201102 1.008556
v 0.210447 3.196353 0.994675
v 0.000000 2.941815 0.998497
v 0.210533 2.944376 0.985681
v 0.199314 2.659060 0.936106
v 0.334669 5.216477 0.691500
v 0.335507 5.376363 0.630228
v 0.384609 5.515048 0.558132
v 0.283336 5.558667 0.538652
v 0.508562 5.193921 0.676422
v 0.492955 5.353530 0.627892
v 0.464078 5.629274 0.473890
v 0.392948 5.692087 0.434644
v 0.564864 5.734215 0.362964
v 0.502691 5.815777 0.280855
v 0.499261 5.476693 0.569301
v 0.533831 5.564606 0.509207
v 0.690239 5.871948 0.107234
v 0.587797 5.884406 0.077762
v 0.705682 5.876681 -0.072438
v 0.597859 5.883970 -0.073058
v 0.761853 5.483036 0.470850
v 0.650656 5.479338 0.532829
v 0.790144 5.349195 0.514963
v 0.664681 5.340491 0.592577
v 0.704635 5.154644 0.616251
v 0.818333 5.208448 0.504621
v 0.751440 5.609906 0.390437
v 0.641115 5.637398 0.426058
v 0.780797 5.728665 0.276796
v 0.703456 5.763175 0.272029
v 0.820300 5.835505 0.150905
v 0.749824 5.848267 0.127702
v 0.549841 5.865308 0.171063
v 0.635247 5.816426 0.236546
v 0.861736 4.876903 0.410864
v 0.910741 4.970182 0.336287
v 0.338097 5.064780 0.724336
v 0.512541 5.047387 0.699778
v 0.656580 5.025052 0.646473
v 0.778149 4.750209 0.526699
v 0.861976 4.654649 0.303285
v 0.901110 4.778957 0.253810
v 0.933540 4.857859 0.207167
v 0.846724 5.868901 -0.055363
v 0.781951 5.872414 -0.065832
v 0.654612 5.794341 -0.231085
v 0.560267 5.828608 -0.228349
v 0.578150 5.655718 -0.397768
v 0.477426 5.762876 -0.369582
v 0.844757 5.772094 -0.210313
v 0.757641 5.785462 -0.217863
v 0.729734 5.627800 -0.342833
v 0.844943 5.617930 -0.296570
v 0.396692 5.586104 -0.471198
v 0.321104 5.695452 -0.444739
v 0.188000 5.531423 -0.493916
v 0.732881 5.442379 -0.403475
v 0.578820 5.440723 -0.462766
v 0.392747 5.408354 -0.497874
v 0.193679 5.377127 -0.508714
v 0.852093 5.445822 -0.334733
v 0.873048 5.282718 -0.348092
v 0.745224 5.267764 -0.417381
v 0.579322 5.263568 -0.469887
v 0.391414 5.241910 -0.494910
v 0.194167 5.213888 -0.500437
v 0.201311 4.937451 -0.469114
v 0.212023 4.679832 -0.479016
v 0.217333 4.525031 -0.518377
v 0.227061 4.347609 -0.576902
v 0.266900 3.760039 -0.765539
v 0.276097 3.312626 -0.796487
v 0.268612 3.093952 -0.782673
v 0.000000 3.076955 -0.815732
v 0.250585 2.883978 -0.779908
v 0.202452 2.642075 -0.733214
v 0.276839 3.543027 -0.800225
v 0.251532 3.976444 -0.705234
v 0.590512 4.752575 0.707101
v 0.382428 4.770407 0.779668
v 0.768421 4.530999 0.544125
v 0.611976 4.559414 0.731403
v 0.398085 4.585359 0.824877
v 0.840053 4.481111 0.336612
v 0.404660 4.370635 0.874706
v 0.615566 4.347034 0.768641
v 0.780159 4.319717 0.572536
v 0.850401 4.282769 0.366210
v 0.940475 4.755576 0.009469
v 0.852631 4.422105 -0.004110
v 0.862277 4.233661 0.007990
v 0.880971 4.765315 -0.248818
v 0.945910 4.937099 -0.236354
v 0.799239 5.003084 -0.382274
v 0.407597 4.960002 -0.469919
v 0.613544 4.979754 -0.446821
v 0.672170 4.731688 -0.422323
v 0.849566 4.583541 -0.211653
v 0.685643 4.570807 -0.420274
v 0.434288 4.704050 -0.476302
v 0.443663 4.552935 -0.504692
v 0.822491 4.415650 -0.190691
v 0.696370 4.393207 -0.419091
v 0.458354 4.377541 -0.544096
v 0.237136 4.163320 -0.640696
v 0.474889 4.191006 -0.585916
v 0.706255 4.207202 -0.429346
v 0.826877 4.224280 -0.182373
v 0.399264 4.132436 0.921649
v 0.617547 4.114079 0.804054
v 0.800151 4.091331 0.605048
v 0.887063 4.068748 0.388563
v 0.499477 3.993231 -0.627477
v 0.726570 4.007136 -0.456659
v 0.857683 4.018804 -0.193930
v 0.901505 4.031901 0.019823
v 0.900129 3.804252 -0.210123
v 0.954573 3.818361 0.032713
v 0.749465 3.788180 -0.482602
v 0.526299 3.779107 -0.665524
v 0.405891 3.882531 0.946995
v 0.625732 3.871450 0.821940
v 0.819182 3.856667 0.625829
v 0.924236 3.845390 0.412001
v 0.953486 5.843575 -0.028221
v 0.922651 5.813641 0.145437
v 0.957421 5.774498 -0.171752
v 0.886216 5.703730 0.269349
v 0.867086 5.592109 0.363503
v 0.870033 5.478127 0.429983
v 0.887033 5.361682 0.460633
v 0.925790 5.254968 0.448631
v 1.024051 5.039986 0.326610
v 1.046081 4.852036 0.192613
v 1.037430 4.766293 -0.019819
v 1.057420 4.795450 -0.168726
v 1.027866 5.341555 -0.311490
v 0.988195 5.484581 -0.303732
v 0.966216 5.626502 -0.269301
v 1.015715 5.665652 0.255074
v 1.051693 5.767480 0.123458
v 1.080205 5.777452 -0.021121
v 1.076968 5.722470 -0.147147
v 1.202597 5.673863 -0.022087
v 1.179140 5.631000 -0.142873
v 1.186782 5.670798 0.112806
v 1.131699 5.606284 0.241474
v 1.312006 5.552383 -0.014059
v 1.269770 5.509411 -0.149629
v 1.303106 5.553738 0.108686
v 1.257807 5.507499 0.231009
v 1.405185 5.429621 -0.018074
v 1.352413 5.384647 -0.153036
v 1.404767 5.430873 0.114038
v 1.366294 5.390494 0.226406
v 0.978955 5.560638 0.332665
v 0.968013 5.458751 0.386345
v 0.957788 5.372895 0.418032
v 1.097493 5.512194 0.313392
v 1.065390 5.416778 0.362326
v 1.015348 5.316118 0.399217
v 1.225206 5.427061 0.304685
v 1.165864 5.343654 0.355926
v 1.082466 5.238632 0.380661
v 0.966134 5.152369 0.401066
v 0.872006 5.086560 0.445000
v 0.798602 5.008982 0.534593
v 0.701937 4.925889 0.615566
v 0.542764 4.914699 0.704104
v 0.356374 4.923528 0.746565
v 0.171971 4.937736 0.758659
v 0.000000 4.958178 0.767367
v 1.137763 5.150149 0.374949
v 1.241085 5.249220 0.364262
v 1.315839 5.327765 0.306268
v 1.115340 5.002235 0.337736
v 1.155038 4.892467 0.309825
v 1.213867 5.069575 0.378131
v 1.320122 5.151348 0.364652
v 1.397339 5.219456 0.307986
v 1.453753 5.273284 0.230301
v 1.495050 5.310498 0.122916
v 1.493269 5.313865 -0.011035
v 1.436177 5.269450 -0.144873
v 1.067805 5.627398 -0.230628
v 1.114693 5.548523 -0.244871
v 1.172924 5.428516 -0.258446
v 1.245155 5.299155 -0.260576
v 1.336735 5.185162 -0.250163
v 0.196529 5.072758 -0.482998
v 0.396786 5.093623 -0.481072
v 0.592353 5.111967 -0.459551
v 0.768700 5.126289 -0.405966
v 0.902908 5.157467 -0.330246
v 1.080554 5.183872 -0.304598
v 1.288578 4.971424 0.373740
v 1.396540 5.051787 0.360389
v 1.468703 5.117019 0.310364
v 1.527605 5.165496 0.240202
v 1.572833 5.206298 0.137844
v 1.423461 5.085567 -0.243962
v 1.522351 5.171818 -0.133268
v 1.578439 5.212902 0.004290
v 1.289235 4.977687 -0.299883
v 1.199045 5.078739 -0.298816
v 1.162717 4.873527 -0.281574
v 1.277737 4.746772 -0.278980
v 1.374549 4.833222 -0.292940
v 1.512536 4.954448 -0.229778
v 1.641743 5.076033 -0.022171
v 1.640002 5.086452 0.146851
v 1.475907 4.959105 0.335312
v 1.375244 4.882588 0.359670
v 1.535274 5.005445 0.294811
v 1.595153 5.059384 0.231164
v 1.255137 4.773795 0.286960
v 1.185608 4.703374 0.176549
v 1.084222 4.966737 -0.276293
v 0.845115 4.890920 -0.333284
v 0.642442 4.858357 -0.434156
v 0.422028 4.833856 -0.466087
v 0.207121 4.811956 -0.465089
v 0.831772 3.622261 0.633070
v 0.952055 3.618954 0.435991
v 0.635693 3.634845 0.825454
v 0.415610 3.647983 0.950628
v 0.967362 3.391126 0.446144
v 0.835544 3.392794 0.630244
v 0.637826 3.405040 0.815257
v 0.417969 3.423450 0.942191
v 1.043193 3.368914 0.055943
v 1.007491 3.596717 0.040050
v 0.967845 3.352136 -0.235201
v 0.946066 3.581524 -0.226360
v 0.782487 3.333600 -0.506789
v 0.772485 3.563637 -0.501042
v 0.539684 3.329001 -0.684318
v 0.539617 3.554614 -0.684972
v 0.782459 3.102520 -0.501136
v 0.969898 3.122025 -0.235032
v 0.530790 3.100475 -0.676742
v 1.064876 3.143815 0.068931
v 0.990164 3.167239 0.451329
v 0.841773 3.168588 0.635595
v 0.422603 3.194566 0.934255
v 0.641416 3.176497 0.804982
v 0.429198 2.946232 0.915146
v 0.432656 2.655991 0.858052
v 0.647938 2.941112 0.795667
v 0.632524 2.651531 0.743268
v 0.841636 2.942463 0.648323
v 0.810219 2.651253 0.617757
v 1.006385 2.669514 0.399321
v 1.019589 2.941443 0.442007
v 1.070514 2.931222 0.062941
v 0.518065 2.879218 -0.670136
v 0.775497 2.879457 -0.484736
v 0.955432 2.897339 -0.233619
v 0.476627 2.640326 -0.624191
v 0.703142 2.631444 -0.452068
v 0.878659 2.627633 -0.196112
v 1.029789 5.060584 -0.292246
v 1.244148 4.778107 -0.288395
v 1.125800 4.708758 -0.165947
v 1.110029 4.688189 -0.004532
v 1.149156 4.730597 0.184038
v 1.223660 4.801052 0.300868
v 1.357519 4.899605 0.369912
v 1.467828 4.979568 0.350051
v 1.527180 5.036426 0.309282
v 1.585334 5.084054 0.242595
v 1.630417 5.126519 0.146928
v 1.646480 5.134963 0.014857
v 1.601283 5.095914 -0.118630
v 1.493632 5.002916 -0.245285
v 1.355216 4.874607 -0.306923
v 1.461846 4.955732 0.313492
v 1.371942 4.884145 0.328387
v 1.516661 4.993999 0.283126
v 1.569327 5.049274 0.214632
v 1.614141 5.076998 0.135491
v 1.489656 4.967405 -0.201895
v 1.355992 4.840827 -0.259775
v 1.278427 4.758837 -0.246327
v 1.194920 4.738682 0.152671
v 1.253833 4.804597 0.255421
v 1.590165 5.116535 0.023773
v 1.557503 5.078072 -0.085806
v 1.579396 5.108746 0.128580
v 1.532481 5.091718 0.203212
v 1.484564 5.031970 0.268708
v 1.433944 4.987269 0.303083
v 1.456758 5.003103 -0.196877
v 1.322407 4.876614 -0.251374
v 1.251171 4.792895 -0.234853
v 1.167502 4.732436 -0.137119
v 1.161858 4.782337 0.150098
v 1.141061 4.734994 -0.010345
v 1.225181 4.836588 0.249565
v 1.334714 4.912640 0.315737
v -0.031148 5.680096 -0.430579
v 0.028875 5.380909 0.587787
v 0.237535 5.572712 0.507031
v 0.356812 5.704684 0.403611
v 0.480692 5.822263 0.246958
v 0.523467 5.860219 0.170681
v 0.560104 5.874608 0.065832
v 0.558265 5.859534 -0.120792
v 0.242784 5.480799 0.518764
v 0.369740 5.653185 0.397498
v 0.505896 5.759982 0.261259
v 0.547099 5.799522 0.185549
v 0.579318 5.829020 0.091738
v 0.592625 5.840113 -0.032877
v 0.547812 5.786510 -0.205845
v 0.460154 5.728287 -0.332499
v 0.327611 5.675661 -0.393154
v 0.179274 5.636706 -0.414135
v 0.000000 5.605576 -0.422028
v 0.574050 5.882709 0.072226
v 0.537248 5.864601 0.171312
v 0.491403 5.823563 0.267311
v 0.375920 5.703693 0.425659
v 0.261407 5.570557 0.531817
v 0.142313 5.419981 0.611625
v 0.000000 5.351190 0.641378
v 0.000000 2.678534 -0.789457
v 0.220528 2.665436 -0.758458
v 0.500458 2.676524 -0.647130
v 0.726300 2.654101 -0.468970
v 0.912143 2.649812 -0.207163
v 1.033890 2.675488 0.074387
v 1.017094 2.701881 0.407910
v 0.812911 2.674528 0.638284
v 0.648130 2.676766 0.755390
v 0.443847 2.688693 0.869793
v 0.189810 2.688697 0.954223
v 0.613485 2.678863 0.717091
v 0.415648 2.658912 0.835472
v 0.187828 2.667505 0.909827
v 0.781727 2.671923 0.598528
v 0.956707 2.672130 0.398834
v 1.020629 2.655733 0.186450
v 1.057316 2.682750 0.245375
v 1.081576 2.930413 0.252457
v 1.062844 3.158468 0.252071
v 1.036994 3.383600 0.250446
v 1.006211 3.610460 0.241248
v 0.959493 3.831696 0.226971
v 0.909645 4.047832 0.206343
v 0.870222 4.252626 0.186652
v 0.858181 4.444969 0.165783
v 1.039413 4.790244 0.090197
v 1.111891 4.709207 0.087153
v 1.167242 4.682128 0.032686
v 1.140545 4.755402 0.067399
v 0.864704 2.666045 -0.187341
v 0.684978 2.644296 -0.424277
v 0.458211 2.647749 -0.596448
v 0.207122 2.656699 -0.701568
v 0.082852 5.061077 0.737535
v 0.000000 4.828946 0.786013
v 0.000000 4.801080 0.794010
v 0.000000 2.792132 0.982876
v 0.000000 2.653348 0.949261
v 0.083494 5.658401 -0.464213
v 0.000000 5.503193 -0.498007
v 0.000000 5.360605 -0.509516
v 0.000000 5.190302 -0.498594
v 0.000000 4.906158 -0.464289
v 0.000000 4.677479 -0.474302
v 0.000000 4.518071 -0.518486
v 0.000000 4.319500 -0.591103
v 0.000000 3.720800 -0.803966
v 0.000000 3.294309 -0.829420
v -0.000000 3.095477 -0.816957
v 0.000000 2.897714 -0.808576
v 0.000000 3.035392 -0.814117
v 0.000000 2.643188 -0.758204
v 0.000000 2.658039 -0.771492
v 0.000000 3.533085 -0.831733
v 0.000000 3.968299 -0.727657
v 0.000000 4.128206 -0.665781
v 0.000000 4.885346 0.777863
v 0.000000 5.049531 -0.479433
v 0.000000 4.797087 -0.461826
v -0.000000 2.820930 -0.801999
v 0.000000 2.684775 0.971169
v 0.000000 2.661583 0.924709
v 0.000000 2.644095 -0.731601
v -0.162511 5.227668 0.689320
v -0.167633 5.400920 0.621397
v -0.165705 5.070167 0.731564
v -0.180627 4.791310 0.794809
v -0.187617 4.620070 0.843302
v -0.190424 4.398622 0.909811
v -0.187218 4.141365 0.973306
v -0.186419 3.873468 1.013282
v -0.199067 3.648968 1.016649
v -0.207120 3.429801 0.999063
v -0.210447 3.196353 0.994675
v -0.210533 2.944376 0.985681
v -0.199314 2.659060 0.936106
v -0.334669 5.216477 0.691500
v -0.335507 5.376363 0.630228
v -0.384609 5.515048 0.558132
v -0.283336 5.558667 0.538652
v -0.508562 5.193921 0.676422
v -0.492955 5.353530 0.627892
v -0.464078 5.629274 0.473890
v -0.392948 5.692087 0.434644
v -0.564864 5.734215 0.362964
v -0.502691 5.815777 0.280855
v -0.499261 5.476693 0.569301
v -0.533831 5.564606 0.509207
v -0.690239 5.871948 0.107234
v -0.587797 5.884406 0.077762
v -0.705682 5.876681 -0.072438
v -0.597859 5.883970 -0.073058
v -0.761853 5.483036 0.470850
v -0.650656 5.479338 0.532829
v -0.790144 5.349195 0.514963
v -0.664681 5.340491 0.592577
v -0.704635 5.154644 0.616251
v -0.818333 5.208448 0.504621
v -0.751440 5.609906 0.390437
v -0.641115 5.637398 0.426058
v -0.780797 5.728665 0.276796
v -0.703456 5.763175 0.272029
v -0.820300 5.835505 0.150905
v -0.749824 5.848267 0.127702
v -0.549841 5.865308 0.171063
v -0.635247 5.816426 0.236546
v -0.861736 4.876903 0.410864
v -0.910741 4.970182 0.336287
v -0.338097 5.064780 0.724336
v -0.512541 5.047387 0.699778
v -0.656580 5.025052 0.646473
v -0.778149 4.750209 0.526699
v -0.861976 4.654649 0.303285
v -0.901110 4.778957 0.253810
v -0.933540 4.857859 0.207167
v -0.846724 5.868901 -0.055363
v -0.781951 5.872414 -0.065832
v -0.654612 5.794341 -0.231085
v -0.560267 5.828608 -0.228349
v -0.578150 5.655718 -0.397768
v -0.477426 5.762876 -0.369582
v -0.844757 5.772094 -0.210313
v -0.757641 5.785462 -0.217863
v -0.729734 5.627800 -0.342833
v -0.844943 5.617930 -0.296570
v -0.396692 5.586104 -0.471198
v -0.321104 5.695452 -0.444739
v -0.188000 5.531423 -0.493916
v -0.166988 5.658980 -0.465094
v -0.732881 5.442379 -0.403475
v -0.578820 5.440723 -0.462766
v -0.392747 5.408354 -0.497874
v -0.193679 5.377127 -0.508714
v -0.852093 5.445822 -0.334733
v -0.873048 5.282718 -0.348092
v -0.745224 5.267764 -0.417381
v -0.579322 5.263568 -0.469887
v -0.391414 5.241910 -0.494910
v -0.194167 5.213888 -0.500437
v -0.201311 4.937451 -0.469114
v -0.212023 4.679832 -0.479016
v -0.217333 4.525031 -0.518377
v -0.227061 4.347609 -0.576902
v -0.266900 3.760039 -0.765539
v -0.276097 3.312626 -0.796487
v -0.268612 3.093952 -0.782673
v -0.250585 2.883978 -0.779908
v -0.202452 2.642075 -0.733214
v -0.276839 3.543027 -0.800225
v -0.251532 3.976444 -0.705234
v -0.590512 4.752575 0.707101
v -0.382428 4.770407 0.779668
v -0.768421 4.530999 0.544125
v -0.611976 4.559414 0.731403
v -0.398085 4.585359 0.824877
v -0.840053 4.481111 0.336612
v -0.404660 4.370635 0.874706
v -0.615566 4.347034 0.768641
v -0.780159 4.319717 0.572536
v -0.850401 4.282769 0.366210
v -0.879385 4.582021 -0.028817
v -0.852631 4.422105 -0.004110
v -0.862277 4.233661 0.007990
v -0.880971 4.765315 -0.248818
v -0.799239 5.003084 -0.382274
v -0.407597 4.960002 -0.469919
v -0.613544 4.979754 -0.446821
v -0.672170 4.731688 -0.422323
v -0.849566 4.583541 -0.211653
v -0.685643 4.570807 -0.420274
v -0.434288 4.704050 -0.476302
v -0.443663 4.552935 -0.504692
v -0.822491 4.415650 -0.190691
v -0.696370 4.393207 -0.419091
v -0.458354 4.377541 -0.544096
v -0.237136 4.163320 -0.640696
v -0.474889 4.191006 -0.585916
v -0.706255 4.207202 -0.429346
v -0.826877 4.224280 -0.182373
v -0.399264 4.132436 0.921649
v -0.617547 4.114079 0.804054
v -0.800151 4.091331 0.605048
v -0.887063 4.068748 0.388563
v -0.499477 3.993231 -0.627477
v -0.726570 4.007136 -0.456659
v -0.857683 4.018804 -0.193930
v -0.901505 4.031901 0.019823
v -0.900129 3.804252 -0.210123
v -0.954573 3.818361 0.032713
v -0.749465 3.788180 -0.482602
v -0.526299 3.779107 -0.665524
v -0.405891 3.882531 0.946995
v -0.625732 3.871450 0.821940
v -0.819182 3.856667 0.625829
v -0.924236 3.845390 0.412001
v -0.953486 5.843575 -0.028221
v -0.922651 5.813641 0.145437
v -0.957421 5.774498 -0.171752
v -0.886216 5.703730 0.269349
v -0.867086 5.592109 0.363503
v -0.870033 5.478127 0.429983
v -0.887033 5.361682 0.460633
v -0.925790 5.254968 0.448631
v -1.024051 5.039986 0.326610
v -1.046081 4.852036 0.192613
v -1.037430 4.766293 -0.019819
v -1.057420 4.795450 -0.168726
v -1.027866 5.341555 -0.311490
v -0.988195 5.484581 -0.303732
v -0.966216 5.626502 -0.269301
v -1.015715 5.665652 0.255074
v -1.051693 5.767480 0.123458
v -1.080205 5.777452 -0.021121
v -1.076968 5.722470 -0.147147
v -1.202597 5.673863 -0.022087
v -1.179140 5.631000 -0.142873
v -1.186782 5.670798 0.112806
v -1.131699 5.606284 0.241474
v -1.312006 5.552383 -0.014059
v -1.269770 5.509411 -0.149629
v -1.303106 5.553738 0.108686
v -1.257807 5.507499 0.231009
v -1.405185 5.429621 -0.018074
v -1.352413 5.384647 -0.153036
v -1.404767 5.430873 0.114038
v -1.366294 5.390494 0.226406
v -0.978955 5.560638 0.332665
v -0.968013 5.458751 0.386345
v -0.957788 5.372895 0.418032
v -1.097493 5.512194 0.313392
v -1.065390 5.416778 0.362326
v -1.015348 5.316118 0.399217
v -1.225206 5.427061 0.304685
v -1.165864 5.343654 0.355926
v -1.082466 5.238632 0.380661
v -0.966134 5.152369 0.401066
v -0.872006 5.086560 0.445000
v -0.798602 5.008982 0.534593
v -0.701937 4.925889 0.615566
v -0.542764 4.914699 0.704104
v -0.356374 4.923528 0.746565
v -0.171971 4.937736 0.758659
v -1.137763 5.150149 0.374949
v -1.241085 5.249220 0.364262
v -1.315839 5.327765 0.306268
v -1.115340 5.002235 0.337736
v -1.155038 4.892467 0.309825
v -1.213867 5.069575 0.378131
v -1.320122 5.151348 0.364652
v -1.397339 5.219456 0.307986
v -1.453753 5.273284 0.230301
v -1.495050 5.310498 0.122916
v -1.493269 5.313865 -0.011035
v -1.436177 5.269450 -0.144873
v -1.067805 5.627398 -0.230628
v -1.114693 5.548523 -0.244871
v -1.172924 5.428516 -0.258446
v -1.245155 5.299155 -0.260576
v -1.336735 5.185162 -0.250163
v -0.196529 5.072758 -0.482998
v -0.396786 5.093623 -0.481072
v -0.592353 5.111967 -0.459551
v -0.768700 5.126289 -0.405966
v -0.902908 5.157467 -0.330246
v -1.080554 5.183872 -0.304598
v -1.288578 4.971424 0.373740
v -1.396540 5.051787 0.360389
v -1.468703 5.117019 0.310364
v -1.527605 5.165496 0.240202
v -1.572833 5.206298 0.137844
v -1.423461 5.085567 -0.243962
v -1.522351 5.171818 -0.133268
v -1.578439 5.212902 0.004290
v -1.289235 4.977687 -0.299883
v -1.199045 5.078739 -0.298816
v -1.162717 4.873527 -0.281574
v -1.277737 4.746772 -0.278980
v -1.374549 4.833222 -0.292940
v -1.512536 4.954448 -0.229778
v -1.640002 5.086452 0.146851
v -1.614438 5.058273 -0.064537
v -1.475907 4.959105 0.335312
v -1.375244 4.882588 0.359670
v -1.535274 5.005445 0.294811
v -1.595153 5.059384 0.231164
v -1.255137 4.773795 0.286960
v -1.185608 4.703374 0.176549
v -1.166921 4.684083 -0.049133
v -1.084222 4.966737 -0.276293
v -0.941463 4.959504 -0.251037
v -0.845115 4.890920 -0.333284
v -0.642442 4.858357 -0.434156
v -0.422028 4.833856 -0.466087
v -0.207121 4.811956 -0.465089
v -0.831772 3.622261 0.633070
v -0.952055 3.618954 0.435991
v -0.635693 3.634845 0.825454
v -0.415610 3.647983 0.950628
v -0.967362 3.391126 0.446144
v -0.835544 3.392794 0.630244
v -0.637826 3.405040 0.815257
v -0.417969 3.423450 0.942191
v -1.043193 3.368914 0.055943
v -1.007491 3.596717 0.040050
v -0.967845 3.352136 -0.235201
v -0.946066 3.581524 -0.226360
v -0.782487 3.333600 -0.506789
v -0.772485 3.563637 -0.501042
v -0.539684 3.329001 -0.684318
v -0.539617 3.554614 -0.684972
v -0.782459 3.102520 -0.501136
v -0.969898 3.122025 -0.235032
v -0.530790 3.100475 -0.676742
v -1.064876 3.143815 0.068931
v -0.990164 3.167239 0.451329
v -0.841773 3.168588 0.635595
v -0.422603 3.194566 0.934255
v -0.641416 3.176497 0.804982
v -0.429198 2.946232 0.915146
v -0.432656 2.655991 0.858052
v -0.647938 2.941112 0.795667
v -0.632524 2.651531 0.743268
v -0.841636 2.942463 0.648323
v -0.810219 2.651253 0.617757
v -1.006385 2.669514 0.399321
v -1.019589 2.941443 0.442007
v -1.003387 2.664644 0.125001
v -1.070514 2.931222 0.062941
v -0.518065 2.879218 -0.670136
v -0.775497 2.879457 -0.484736
v -0.955432 2.897339 -0.233619
v -0.476627 2.640326 -0.624191
v -0.703142 2.631444 -0.452068
v -0.878659 2.627633 -0.196112
v -1.029789 5.060584 -0.292246
v -1.244148 4.778107 -0.288395
v -1.125800 4.708758 -0.165947
v -1.110029 4.688189 -0.004532
v -1.149156 4.730597 0.184038
v -1.223660 4.801052 0.300868
v -1.357519 4.899605 0.369912
v -1.467828 4.979568 0.350051
v -1.527180 5.036426 0.309282
v -1.585334 5.084054 0.242595
v -1.630417 5.126519 0.146928
v -1.646480 5.134963 0.014857
v -1.601283 5.095914 -0.118630
v -1.493632 5.002916 -0.245285
v -1.355216 4.874607 -0.306923
v -1.461846 4.955732 0.313492
v -1.371942 4.884145 0.328387
v -1.516661 4.993999 0.283126
v -1.569327 5.049274 0.214632
v -1.614141 5.076998 0.135491
v -1.489656 4.967405 -0.201895
v -1.355992 4.840827 -0.259775
v -1.278427 4.758837 -0.246327
v -1.194920 4.738682 0.152671
v -1.253833 4.804597 0.255421
v -1.590165 5.116535 0.023773
v -1.557503 5.078072 -0.085806
v -1.579396 5.108746 0.128580
v -1.532481 5.091718 0.203212
v -1.484564 5.031970 0.268708
v -1.433944 4.987269 0.303083
v -1.456758 5.003103 -0.196877
v -1.322407 4.876614 -0.251374
v -1.251171 4.792895 -0.234853
v -1.167502 4.732436 -0.137119
v -1.161858 4.782337 0.150098
v -1.141061 4.734994 -0.010345
v -1.225181 4.836588 0.249565
v -1.334714 4.912640 0.315737
v -0.115499 5.430232 0.579694
v -0.237535 5.572712 0.507031
v -0.356812 5.704684 0.403611
v -0.480692 5.822263 0.246958
v -0.523467 5.860219 0.170681
v -0.560104 5.874608 0.065832
v -0.242784 5.480799 0.518764
v -0.369740 5.653185 0.397498
v -0.505896 5.759982 0.261259
v -0.547099 5.799522 0.185549
v -0.579318 5.829020 0.091738
v -0.592625 5.840113 -0.032877
v -0.547812 5.786510 -0.205845
v -0.460154 5.728287 -0.332499
v -0.327611 5.675661 -0.393154
v -0.179274 5.636706 -0.414135
v -0.556938 5.857574 -0.117578
v -0.574050 5.882709 0.072226
v -0.537248 5.864601 0.171312
v -0.491403 5.823563 0.267311
v -0.375920 5.703693 0.425659
v -0.261407 5.570557 0.531817
v -0.142313 5.419981 0.611625
v -0.220528 2.665436 -0.758458
v -0.500458 2.676524 -0.647130
v -0.726300 2.654101 -0.468970
v -0.912143 2.649812 -0.207163
v -1.033890 2.675488 0.074387
v -1.017094 2.701881 0.407910
v -0.812911 2.674528 0.638284
v -0.648130 2.676766 0.755390
v -0.443847 2.688693 0.869793
v -0.189810 2.688697 0.954223
v -0.613485 2.678863 0.717091
v -0.415648 2.658912 0.835472
v -0.187828 2.667505 0.909827
v -0.781727 2.671923 0.598528
v -0.956707 2.672130 0.398834
v -1.057316 2.682750 0.245375
v -1.081576 2.930413 0.252457
v -1.062844 3.158468 0.252071
v -1.036994 3.383600 0.250446
v -1.006211 3.610460 0.241248
v -0.959493 3.831696 0.226971
v -0.909645 4.047832 0.206343
v -0.870222 4.252626 0.186652
v -0.858181 4.444969 0.165783
v -0.879067 4.603006 0.138983
v -0.926167 4.741882 0.048633
v -1.039413 4.790244 0.090197
v -1.111891 4.709207 0.087153
v -1.164423 4.669263 0.079580
v -1.171163 4.719171 0.075290
v -1.140545 4.755402 0.067399
v -0.864704 2.666045 -0.187341
v -0.684978 2.644296 -0.424277
v -0.458211 2.647749 -0.596448
v -0.207122 2.656699 -0.701568
v -0.651888 7.298458 0.721556
v -0.484526 7.311308 0.894774
v -0.576740 7.301266 0.556924
v -0.346389 7.248808 0.499544
v -0.229591 7.127487 0.558705
v -0.384281 7.299501 0.896251
v -0.206453 7.013248 0.767818
v -0.316079 7.036754 0.933727
v -0.691999 7.242890 0.730146
v -0.661549 7.274925 0.778229
v -0.621239 7.324628 0.740425
v -0.649295 7.298885 0.675243
v -0.697677 7.223364 0.663736
v -0.601158 7.340544 0.694037
v -0.469845 7.332515 0.870749
v -0.525549 7.321763 0.869507
v -0.528979 7.286903 0.906309
v -0.511854 7.253881 0.936805
v -0.463208 7.298188 0.910161
v -0.435074 7.325812 0.879275
v -0.540925 7.322556 0.561267
v -0.537126 7.267322 0.502931
v -0.591500 7.243093 0.515200
v -0.641090 7.226073 0.549614
v -0.603627 7.302705 0.584906
v -0.557663 7.341355 0.606737
v -0.355413 7.280799 0.520718
v -0.312270 7.276856 0.546853
v -0.315911 7.235626 0.511690
v -0.377218 7.221221 0.473150
v -0.404929 7.265136 0.491465
v -0.342200 7.182676 0.473252
v -0.214659 7.156132 0.587928
v -0.207297 7.081959 0.600193
v -0.239466 7.061238 0.552644
v -0.286443 7.060489 0.504043
v -0.257439 7.137558 0.523969
v -0.242433 7.193171 0.560427
v -0.359424 7.302834 0.881298
v -0.382499 7.329124 0.860948
v -0.405619 7.314783 0.886582
v -0.398383 7.264601 0.930498
v -0.357407 7.255281 0.922421
v -0.435256 7.278757 0.925901
v -0.192232 7.046450 0.750528
v -0.198232 7.075748 0.795062
v -0.215818 7.021302 0.805833
v -0.230460 6.960939 0.742492
v -0.208074 6.995512 0.700423
v -0.253413 6.949157 0.796929
v -0.368893 7.007342 0.947397
v -0.362756 6.943119 0.903962
v -0.298234 6.998709 0.903052
v -0.260844 7.058761 0.894922
v -0.297704 7.080796 0.931817
v -0.355805 7.076299 0.963028
v -0.282222 7.129548 0.921756
v -0.337019 7.136437 0.955683
v -0.401127 7.135356 0.977428
v -0.430031 7.060775 0.978193
v -0.446922 6.981012 0.950042
v -0.505002 7.062202 0.974874
v -0.529560 6.977716 0.935740
v -0.533541 6.905155 0.867760
v -0.445408 6.909176 0.892551
v -0.517295 6.857560 0.782798
v -0.426619 6.862046 0.816087
v -0.343397 6.900332 0.841156
v -0.277332 6.961145 0.853714
v -0.394520 6.847404 0.732541
v -0.314754 6.885730 0.769484
v -0.353927 6.866125 0.655577
v -0.282002 6.902147 0.702157
v -0.309847 6.912180 0.595280
v -0.248928 6.944810 0.648641
v -0.269580 6.981689 0.560160
v -0.222117 7.007580 0.615648
v -0.192645 7.048203 0.670563
v -0.183101 7.089850 0.723584
v -0.189262 7.110972 0.647753
v -0.183777 7.144036 0.696696
v -0.204559 7.178991 0.624530
v -0.201822 7.204579 0.668955
v -0.209489 7.232401 0.715754
v -0.190857 7.176525 0.745045
v -0.188653 7.123934 0.772971
v -0.210149 7.203432 0.792164
v -0.206962 7.149759 0.819494
v -0.215370 7.095494 0.840298
v -0.234101 7.168971 0.862471
v -0.242134 7.113383 0.882705
v -0.235743 7.033373 0.852579
v -0.272114 7.183508 0.901484
v -0.238693 7.223647 0.835151
v -0.274489 7.238042 0.872489
v -0.314881 7.247688 0.901989
v -0.319846 7.193680 0.934005
v -0.373093 7.200756 0.955910
v -0.426788 7.210042 0.964009
v -0.465661 7.142548 0.981865
v -0.475636 7.227121 0.957146
v -0.522965 7.162992 0.970264
v -0.570785 7.084714 0.956252
v -0.566303 7.196979 0.945376
v -0.620519 7.127301 0.926850
v -0.661907 7.052866 0.877264
v -0.604485 7.001683 0.910638
v -0.679111 6.989274 0.802092
v -0.614347 6.931885 0.836650
v -0.670726 6.948046 0.710574
v -0.602812 6.886910 0.745485
v -0.638491 6.935193 0.617611
v -0.568344 6.872272 0.650328
v -0.482801 6.842136 0.690728
v -0.516475 6.892321 0.565705
v -0.435862 6.860819 0.608279
v -0.456725 6.938616 0.501409
v -0.382643 6.909505 0.544281
v -0.394900 7.004093 0.467575
v -0.330253 6.979022 0.508533
v -0.339141 7.080712 0.467096
v -0.452790 7.053905 0.445758
v -0.389958 7.120454 0.447560
v -0.298513 7.154494 0.490218
v -0.277151 7.215143 0.530143
v -0.271499 7.258608 0.570943
v -0.235340 7.229617 0.598454
v -0.276931 7.292884 0.612481
v -0.235033 7.257996 0.641087
v -0.289097 7.321295 0.654609
v -0.243238 7.284781 0.685479
v -0.309279 7.341825 0.698462
v -0.262694 7.304753 0.729316
v -0.229137 7.256368 0.761535
v -0.289672 7.320996 0.770817
v -0.256966 7.275739 0.803835
v -0.322453 7.331347 0.806516
v -0.290700 7.290030 0.839756
v -0.355488 7.334049 0.835973
v -0.326477 7.299114 0.865571
v -0.363199 7.359898 0.780807
v -0.392175 7.356722 0.817533
v -0.415340 7.343496 0.849224
v -0.437134 7.368083 0.802777
v -0.457115 7.352089 0.840001
v -0.488606 7.370568 0.788961
v -0.510136 7.349922 0.830647
v -0.540080 7.362350 0.774415
v -0.565728 7.334520 0.821129
v -0.585880 7.292773 0.866744
v -0.588847 7.241864 0.910101
v -0.617802 7.307018 0.806438
v -0.644300 7.249451 0.849702
v -0.646179 7.184566 0.890071
v -0.691940 7.201937 0.809174
v -0.692290 7.122791 0.842413
v -0.720209 7.158647 0.744731
v -0.716388 7.069041 0.769909
v -0.722131 7.129873 0.666752
v -0.713176 7.033152 0.683676
v -0.697427 7.120653 0.589653
v -0.683294 7.021834 0.596319
v -0.651539 7.131481 0.525387
v -0.632682 7.036049 0.520650
v -0.585807 6.951826 0.535750
v -0.567726 7.071425 0.467614
v -0.520684 6.993721 0.476113
v -0.498169 7.120488 0.442944
v -0.591655 7.158641 0.480735
v -0.526542 7.195271 0.462148
v -0.462827 7.233706 0.467585
v -0.432504 7.173347 0.447175
v -0.481373 7.291482 0.508123
v -0.426826 7.310367 0.525878
v -0.495496 7.337673 0.564141
v -0.445490 7.348881 0.576166
v -0.392836 7.351604 0.597599
v -0.373555 7.318644 0.553521
v -0.339464 7.343237 0.624947
v -0.322312 7.313875 0.583331
v -0.414300 7.374033 0.647804
v -0.361211 7.364542 0.670804
v -0.438336 7.383859 0.697410
v -0.385511 7.376185 0.717064
v -0.333982 7.354963 0.741331
v -0.412041 7.376524 0.761131
v -0.463751 7.382431 0.744014
v -0.489743 7.380079 0.680447
v -0.514303 7.376873 0.727357
v -0.537668 7.366823 0.664905
v -0.560227 7.362475 0.710473
v -0.585524 7.345608 0.757947
v -0.581872 7.344600 0.648907
v -0.634338 7.297156 0.625211
v -0.514486 7.360536 0.618005
v -0.465737 7.372145 0.630579
v -0.678744 7.217791 0.600477
v 0.714684 7.149426 0.643453
v 0.556546 6.960474 0.509360
v 0.331251 6.963989 0.518953
v 0.475786 7.249111 0.476776
v 0.453213 6.840454 0.728452
v 0.588018 7.335527 0.792532
v 0.603626 7.150196 0.935730
v 0.542705 6.945774 0.905534
v 0.701970 7.184016 0.625263
v 0.704918 7.207311 0.666179
v 0.720139 7.154561 0.675740
v 0.723257 7.107749 0.675628
v 0.713708 7.119097 0.633297
v 0.696692 7.151948 0.595784
v 0.560484 6.938085 0.532436
v 0.513685 6.926720 0.521421
v 0.522191 6.964751 0.493084
v 0.535712 7.005092 0.474878
v 0.575276 6.984291 0.504707
v 0.595700 6.958683 0.537386
v 0.307248 7.015679 0.503409
v 0.367755 7.001751 0.477813
v 0.372320 6.945826 0.512017
v 0.346052 6.913725 0.559106
v 0.290589 6.955387 0.558563
v 0.442379 7.223494 0.462919
v 0.387979 7.268451 0.497812
v 0.451540 7.291985 0.506453
v 0.513869 7.289715 0.513501
v 0.516594 7.235004 0.476075
v 0.496945 7.191857 0.454018
v 0.404872 6.848507 0.758300
v 0.382420 6.849270 0.713965
v 0.453357 6.840216 0.695588
v 0.485915 6.843880 0.740324
v 0.442435 6.853232 0.792746
v 0.502026 6.844345 0.697664
v 0.619293 7.308811 0.801579
v 0.634013 7.314039 0.749294
v 0.581423 7.350623 0.750124
v 0.505391 7.374381 0.767055
v 0.533415 7.348304 0.822040
v 0.569788 7.312888 0.854359
v 0.633589 7.154990 0.911319
v 0.602971 7.208601 0.917772
v 0.563384 7.184173 0.949702
v 0.592727 7.115780 0.944758
v 0.637830 7.106582 0.911485
v 0.526385 7.144608 0.971520
v 0.568927 6.932695 0.880483
v 0.596607 6.969093 0.891524
v 0.551553 6.974867 0.923849
v 0.492149 6.935559 0.913962
v 0.515360 6.905059 0.875367
v 0.480196 6.979673 0.947458
v 0.398596 6.988128 0.946001
v 0.418025 6.930644 0.909115
v 0.558723 7.020551 0.944250
v 0.482495 7.034996 0.970191
v 0.398282 7.054204 0.971007
v 0.315700 7.075746 0.942596
v 0.319800 6.998483 0.917938
v 0.498350 7.092157 0.978699
v 0.416446 7.122055 0.980379
v 0.335961 7.153765 0.953605
v 0.267267 7.182237 0.896978
v 0.247322 7.095600 0.886646
v 0.451835 7.183447 0.973852
v 0.378227 7.224191 0.947743
v 0.313225 7.258764 0.893993
v 0.266956 7.280400 0.817116
v 0.219368 7.200397 0.818098
v 0.436398 7.276156 0.928405
v 0.378863 7.314554 0.878326
v 0.336581 7.339994 0.806204
v 0.316506 7.348122 0.721434
v 0.245004 7.288708 0.727268
v 0.456237 7.345671 0.852904
v 0.420129 7.372271 0.788124
v 0.402368 7.380551 0.711572
v 0.403081 7.368800 0.633010
v 0.320267 7.337444 0.635107
v 0.490303 7.382373 0.700216
v 0.489500 7.370270 0.630289
v 0.499435 7.337746 0.565808
v 0.421420 7.338399 0.561993
v 0.570511 7.358258 0.692067
v 0.566736 7.347032 0.630715
v 0.570127 7.315968 0.572460
v 0.572610 7.270009 0.523601
v 0.630505 7.306371 0.637665
v 0.628969 7.278544 0.584719
v 0.625173 7.236963 0.539475
v 0.615321 7.187515 0.505170
v 0.566519 7.215734 0.485948
v 0.672761 7.232784 0.603172
v 0.667620 7.195222 0.563907
v 0.657074 7.151796 0.534512
v 0.641189 7.106537 0.514247
v 0.598795 7.138545 0.481979
v 0.687306 7.114399 0.572558
v 0.672462 7.072754 0.554895
v 0.651966 7.030671 0.544063
v 0.621004 7.062349 0.502481
v 0.706910 7.081807 0.617241
v 0.692774 7.041689 0.601687
v 0.670295 7.001075 0.590820
v 0.701547 7.017067 0.655584
v 0.678486 6.976136 0.642174
v 0.646707 6.938094 0.630446
v 0.641061 6.962344 0.583168
v 0.625677 6.991349 0.539570
v 0.597745 7.021286 0.499720
v 0.603057 6.929778 0.577095
v 0.605456 6.905385 0.620927
v 0.557434 6.881080 0.611324
v 0.559281 6.906734 0.568508
v 0.504778 6.867074 0.605623
v 0.508170 6.893040 0.560698
v 0.447904 6.862173 0.604613
v 0.454402 6.888447 0.557097
v 0.463709 6.926737 0.513507
v 0.473202 6.974675 0.477037
v 0.399725 6.894568 0.557694
v 0.415380 6.933571 0.510001
v 0.422102 6.987324 0.470990
v 0.361218 7.065057 0.459381
v 0.428240 7.043022 0.448491
v 0.485687 7.023856 0.455411
v 0.442322 7.097404 0.439252
v 0.503697 7.072126 0.446727
v 0.555669 7.047910 0.467654
v 0.525933 7.119211 0.448642
v 0.577691 7.092351 0.469664
v 0.549169 7.165839 0.461585
v 0.466972 7.147056 0.440951
v 0.371922 7.126565 0.451619
v 0.399996 7.181610 0.453151
v 0.301958 7.158385 0.489576
v 0.335574 7.221241 0.490992
v 0.244361 7.184714 0.552491
v 0.283893 7.256574 0.553324
v 0.345774 7.309741 0.557133
v 0.251697 7.280045 0.635695
v 0.208100 7.202935 0.634850
v 0.199420 7.208451 0.727097
v 0.191875 7.113955 0.633065
v 0.181349 7.116055 0.721124
v 0.200122 7.110126 0.809422
v 0.196329 7.024872 0.710112
v 0.210334 7.019367 0.792969
v 0.254017 7.009810 0.864892
v 0.250910 6.939609 0.768348
v 0.287618 6.934812 0.833599
v 0.346404 6.930639 0.882313
v 0.341264 6.879255 0.797759
v 0.390444 6.880541 0.839817
v 0.452307 6.888384 0.864924
v 0.491396 6.863757 0.816704
v 0.543048 6.885120 0.830669
v 0.570329 6.876522 0.779363
v 0.615057 6.910099 0.792825
v 0.592448 6.918849 0.841127
v 0.525507 6.854725 0.762421
v 0.547062 6.857792 0.709482
v 0.591893 6.878641 0.725133
v 0.603060 6.889081 0.671053
v 0.644037 6.920679 0.684302
v 0.633334 6.909949 0.739931
v 0.555732 6.865432 0.659149
v 0.504891 6.851565 0.652533
v 0.447828 6.845857 0.652367
v 0.375426 6.855343 0.661786
v 0.383221 6.869020 0.608326
v 0.303976 6.887007 0.678548
v 0.315822 6.897128 0.616183
v 0.239250 6.943947 0.695405
v 0.253295 6.949450 0.621869
v 0.208161 7.026099 0.628461
v 0.248180 7.023514 0.555802
v 0.231081 7.104194 0.553810
v 0.291308 7.087360 0.493302
v 0.312119 6.881454 0.741156
v 0.677325 6.959273 0.697971
v 0.668292 6.951996 0.753000
v 0.653224 6.952695 0.804785
v 0.694915 7.000360 0.763786
v 0.678926 7.001276 0.815208
v 0.652547 7.005525 0.863616
v 0.629365 6.960254 0.852038
v 0.614013 7.011817 0.905846
v 0.666653 7.053920 0.869849
v 0.627842 7.058323 0.912990
v 0.572600 7.069202 0.951520
v 0.672749 7.106475 0.872181
v 0.699663 7.108954 0.825933
v 0.693728 7.168956 0.826769
v 0.665156 7.164367 0.873989
v 0.694461 7.052808 0.822228
v 0.712047 7.053067 0.771499
v 0.717648 7.109784 0.775310
v 0.724901 7.108087 0.724161
v 0.720576 7.163848 0.722722
v 0.712221 7.168741 0.774329
v 0.718712 7.053909 0.719856
v 0.717134 7.060601 0.668248
v 0.702595 7.003521 0.710541
v 0.704059 7.219721 0.714505
v 0.695625 7.225070 0.767722
v 0.674681 7.225867 0.823238
v 0.668173 7.273781 0.757183
v 0.648578 7.273099 0.814466
v 0.608127 7.270492 0.870746
v 0.641206 7.221356 0.875383
v 0.556712 7.258754 0.916422
v 0.504282 7.305443 0.896247
v 0.501285 7.230562 0.951901
v 0.674863 7.271464 0.702962
v 0.632951 7.317065 0.693691
v 0.675169 7.258846 0.651138
v 0.155647 6.445678 0.892384
v 0.150449 6.488916 0.894987
v 0.110424 6.487312 0.869531
v 0.126080 6.440492 0.873077
v 0.183764 6.448209 0.899777
v 0.182417 6.490794 0.900339
v 0.240534 6.445737 0.893984
v 0.246616 6.490212 0.892053
v 0.266425 6.444553 0.881320
v 0.278639 6.486325 0.878639
v 0.286170 6.437601 0.858015
v 0.307489 6.478520 0.853915
v 0.288830 6.431544 0.827790
v 0.308798 6.471959 0.821056
v 0.268422 6.431448 0.801535
v 0.288531 6.471213 0.794243
v 0.235618 6.433448 0.789050
v 0.241776 6.472242 0.777606
v 0.177115 6.434914 0.792084
v 0.174398 6.470345 0.780557
v 0.133815 6.434210 0.814980
v 0.123593 6.470806 0.802630
v 0.116088 6.435528 0.844005
v 0.101581 6.478225 0.837228
v 0.204391 6.434656 0.787318
v 0.201821 6.469634 0.777092
v 0.266223 6.403508 0.856845
v 0.253005 6.408284 0.876073
v 0.141586 6.403614 0.871698
v 0.164100 6.408256 0.885588
v 0.187318 6.410376 0.892017
v 0.232918 6.409584 0.886672
v 0.238767 6.371197 0.816669
v 0.156877 6.371861 0.829152
v 0.218449 6.378979 0.809636
v 0.204378 6.388303 0.805788
v 0.190509 6.380315 0.810780
v 0.252530 6.400032 0.809999
v 0.227913 6.404366 0.800319
v 0.204822 6.407438 0.798177
v 0.183850 6.406255 0.802016
v 0.145722 6.401587 0.823792
v 0.267423 6.399931 0.833760
v 0.251652 6.370195 0.857208
v 0.252113 6.368925 0.838894
v 0.132954 6.399523 0.846511
v 0.145554 6.368063 0.848376
v 0.154607 6.371500 0.870559
v 0.172826 6.374647 0.879825
v 0.190902 6.375935 0.883896
v 0.225561 6.374697 0.880528
v 0.241057 6.372838 0.873218
v 0.202436 6.353709 0.818866
v 0.166721 6.345015 0.834744
v 0.223327 6.341719 0.822844
v 0.155963 6.338470 0.851570
v 0.166848 6.342499 0.870222
v 0.181765 6.343419 0.874970
v 0.194322 6.344063 0.876597
v 0.218322 6.342432 0.874101
v 0.228069 6.339972 0.868715
v 0.235137 6.338564 0.856586
v 0.235483 6.336735 0.844119
v 0.213769 6.314755 0.836363
v 0.198754 6.321301 0.831519
v 0.174949 6.323190 0.840319
v 0.168231 6.316769 0.855084
v 0.176527 6.318361 0.868354
v 0.187361 6.319355 0.872046
v 0.195476 6.318008 0.873241
v 0.213096 6.314610 0.871324
v 0.219364 6.313297 0.865103
v 0.221753 6.314608 0.856294
v 0.220058 6.314222 0.847988
v 0.181546 6.299418 0.866857
v 0.192235 6.301081 0.872290
v 0.198153 6.302008 0.873329
v 0.206886 6.294824 0.869581
v 0.208983 6.294988 0.862567
v 0.211334 6.299259 0.856512
v 0.211635 6.302054 0.851188
v 0.206040 6.298847 0.847189
v 0.195715 6.299950 0.841218
v 0.179829 6.308751 0.844595
v 0.176454 6.300879 0.856244
v 0.198765 6.288853 0.851545
v 0.200174 6.286529 0.859222
v 0.202296 6.287804 0.865481
v 0.202424 6.289750 0.856452
v 0.202855 6.288607 0.861404
v 0.217150 6.490781 0.894871
v 0.214748 6.448061 0.899906
v 0.211365 6.410599 0.891732
v 0.208967 6.375650 0.883775
v 0.207067 6.343360 0.876207
v 0.203874 6.316429 0.873449
v 0.202755 6.298396 0.873079
v 0.195232 6.288579 0.871614
v 0.186674 6.285496 0.865837
v 0.184122 6.287126 0.855145
v 0.186042 6.304218 0.842458
v 0.185180 6.324162 0.834279
v 0.181770 6.349093 0.825216
v 0.172848 6.375503 0.818111
v 0.164083 6.404038 0.810244
v 0.155558 6.434448 0.800279
v 0.148469 6.470745 0.787723
v -0.155647 6.445678 0.892384
v -0.150449 6.488916 0.894987
v -0.110424 6.487312 0.869531
v -0.126080 6.440492 0.873077
v -0.183764 6.448209 0.899777
v -0.182417 6.490794 0.900339
v -0.240534 6.445737 0.893984
v -0.246616 6.490212 0.892053
v -0.266425 6.444553 0.881320
v -0.278639 6.486325 0.878639
v -0.286170 6.437601 0.858015
v -0.307489 6.478520 0.853915
v -0.288830 6.431544 0.827790
v -0.308798 6.471959 0.821056
v -0.268422 6.431448 0.801535
v -0.288531 6.471213 0.794243
v -0.235618 6.433448 0.789050
v -0.241776 6.472242 0.777606
v -0.177115 6.434914 0.792084
v -0.174398 6.470345 0.780557
v -0.133815 6.434210 0.814980
v -0.123593 6.470806 0.802630
v -0.116088 6.435528 0.844005
v -0.101581 6.478225 0.837228
v -0.204391 6.434656 0.787318
v -0.201821 6.469634 0.777092
v -0.266223 6.403508 0.856845
v -0.253005 6.408284 0.876073
v -0.141586 6.403614 0.871698
v -0.164100 6.408256 0.885588
v -0.187318 6.410376 0.892017
v -0.232918 6.409584 0.886672
v -0.238767 6.371197 0.816669
v -0.156877 6.371861 0.829152
v -0.218449 6.378979 0.809636
v -0.204378 6.388303 0.805788
v -0.190509 6.380315 0.810780
v -0.252530 6.400032 0.809999
v -0.227913 6.404366 0.800319
v -0.204822 6.407438 0.798177
v -0.183850 6.406255 0.802016
v -0.145722 6.401587 0.823792
v -0.267423 6.399931 0.833760
v -0.251652 6.370195 0.857208
v -0.252113 6.368925 0.838894
v -0.132954 6.399523 0.846511
v -0.145554 6.368063 0.848376
v -0.154607 6.371500 0.870559
v -0.172826 6.374647 0.879825
v -0.190902 6.375935 0.883896
v -0.225561 6.374697 0.880528
v -0.241057 6.372838 0.873218
v -0.202436 6.353709 0.818866
v -0.166721 6.345015 0.834744
v -0.223327 6.341719 0.822844
v -0.155963 6.338470 0.851570
v -0.166848 6.342499 0.870222
v -0.181765 6.343419 0.874970
v -0.194322 6.344063 0.876597
v -0.218322 6.342432 0.874101
v -0.228069 6.339972 0.868715
v -0.235137 6.338564 0.856586
v -0.235483 6.336735 0.844119
v -0.213769 6.314755 0.836363
v -0.198754 6.321301 0.831519
v -0.174949 6.323190 0.840319
v -0.168231 6.316769 0.855084
v -0.176527 6.318361 0.868354
v -0.187361 6.319355 0.872046
v -0.195476 6.318008 0.873241
v -0.213096 6.314610 0.871324
v -0.219364 6.313297 0.865103
v -0.221753 6.314608 0.856294
v -0.220058 6.314222 0.847988
v -0.181546 6.299418 0.866857
v -0.192235 6.301081 0.872290
v -0.198153 6.302008 0.873329
v -0.206886 6.294824 0.869581
v -0.208983 6.294988 0.862567
v -0.211334 6.299259 0.856512
v -0.211635 6.302054 0.851188
v -0.206040 6.298847 0.847189
v -0.195715 6.299950 0.841218
v -0.179829 6.308751 0.844595
v -0.176454 6.300879 0.856244
v -0.198765 6.288853 0.851545
v -0.200174 6.286529 0.859222
v -0.202296 6.287804 0.865481
v -0.202424 6.289750 0.856452
v -0.202855 6.288607 0.861404
v -0.217150 6.490781 0.894871
v -0.214748 6.448061 0.899906
v -0.211365 6.410599 0.891732
v -0.208967 6.375650 0.883775
v -0.207067 6.343360 0.876207
v -0.203874 6.316429 0.873449
v -0.202755 6.298396 0.873079
v -0.195232 6.288579 0.871614
v -0.186674 6.285496 0.865837
v -0.184122 6.287126 0.855145
v -0.186042 6.304218 0.842458
v -0.185180 6.324162 0.834279
v -0.181770 6.349093 0.825216
v -0.172848 6.375503 0.818111
v -0.164083 6.404038 0.810244
v -0.155558 6.434448 0.800279
v -0.148469 6.470745 0.787723
v 0.559956 7.336898 0.685214
v 0.603262 7.441468 0.657585
v 0.386608 7.422694 0.823497
v 0.428432 7.357812 0.768495
v 0.644104 7.240259 0.640972
v 0.729272 7.315851 0.596967
v 0.672637 7.105782 0.660398
v 0.780960 7.098053 0.621586
v 0.622022 7.017555 0.721913
v 0.702593 6.950702 0.739918
v 0.520097 6.987433 0.781018
v 0.535626 6.903925 0.879247
v 0.310885 7.066891 0.815309
v 0.342456 6.987865 0.954725
v 0.406159 7.118080 0.769370
v 0.270910 7.158151 0.921312
v 0.311936 7.314575 0.874548
v 0.350497 7.270841 0.785301
v 0.592002 7.388117 0.686608
v 0.417303 7.387661 0.799682
v 0.333152 7.290692 0.830726
v 0.300918 7.153103 0.861500
v 0.376358 7.012121 0.885591
v 0.536670 6.951826 0.848710
v 0.674110 6.987301 0.744346
v 0.741152 7.105620 0.650350
v 0.701314 7.285157 0.629580
v 0.855609 7.081884 0.523286
v 0.761323 6.865812 0.687373
v 0.787327 7.338416 0.500903
v 0.601702 7.505747 0.595833
v 0.334038 7.487590 0.799291
v 0.512865 6.846734 0.903080
v 0.319854 6.928067 0.977354
v 0.229736 7.136456 0.966130
v 0.256326 7.385746 0.889401
v 0.211161 6.882863 1.051416
v 0.152062 6.994576 1.052280
v 0.136650 6.914809 1.204567
v 0.260765 6.782744 1.046977
v 0.340629 6.765918 0.963528
v 0.242299 6.646194 1.005142
v 0.311964 6.636665 0.957872
v 0.149864 6.553027 1.026083
v 0.218701 6.525061 0.960164
v 0.000000 6.495597 1.019234
v 0.000000 6.433884 0.971412
v 0.492419 6.739527 0.892931
v 0.766504 6.730408 0.658800
v 0.071406 7.236033 0.981525
v 0.056239 7.115819 1.067192
v 0.000000 7.249458 0.981236
v 0.000000 7.161320 1.038175
v 0.078492 7.379478 0.922667
v 0.052264 7.016859 1.234273
v 0.000000 7.036711 1.225702
v 0.234836 7.553424 0.784728
v 0.077616 7.512543 0.845900
v 0.306040 7.592846 0.724927
v 0.591921 7.586046 0.517174
v 0.207005 6.460609 0.928569
v 0.000000 6.382170 0.952146
v 0.379396 6.477632 0.890646
v 0.411902 6.539113 0.893544
v 0.458912 6.632712 0.891742
v 0.532657 6.515377 0.796637
v 0.561492 6.582496 0.808740
v 0.649925 6.511164 0.678271
v 0.696479 6.560101 0.676091
v 0.571975 6.999093 0.748762
v 0.605493 6.967147 0.793038
v 0.621880 6.928272 0.809779
v 0.659909 6.841422 0.796265
v 0.641526 6.730148 0.791953
v 0.591684 6.645112 0.807117
v 0.732669 6.630378 0.665107
v 0.672106 6.463741 0.635862
v 0.727342 6.493904 0.600082
v 0.607205 6.357358 0.615049
v 0.638381 6.321020 0.564823
v 0.458306 6.307635 0.656261
v 0.490690 6.234715 0.618705
v 0.333983 6.259814 0.720045
v 0.353590 6.169690 0.680213
v 0.213074 6.237761 0.795565
v 0.220025 6.141300 0.740886
v 0.000000 6.253116 0.796344
v 0.000000 6.171106 0.792197
v 0.187836 6.430066 0.880075
v 0.000000 6.349192 0.933031
v 0.346931 6.404072 0.869401
v 0.500030 6.441394 0.780287
v 0.589755 6.476367 0.663707
v 0.578371 6.387493 0.641058
v 0.430737 6.347405 0.677497
v 0.321302 6.319639 0.718591
v 0.195770 6.307368 0.795081
v 0.000000 6.294477 0.813456
v 0.165650 6.399292 0.815844
v 0.000000 6.319992 0.908178
v 0.326923 6.354562 0.826299
v 0.473163 6.387527 0.756346
v 0.554558 6.433725 0.656396
v 0.452783 6.364407 0.720044
v 0.335666 6.328957 0.777036
v 0.615185 6.449863 0.650218
v 0.607659 6.419375 0.642011
v 0.650752 6.415502 0.620858
v 0.710468 6.406048 0.556343
v 0.546294 6.406007 0.652739
v 0.182810 6.343693 0.794432
v 0.000000 6.303275 0.868581
v 0.211407 6.664309 1.051887
v 0.243329 6.729913 1.102137
v 0.246470 6.816640 1.174577
v 0.250668 6.753179 1.185557
v 0.199853 6.864468 1.190437
v 0.236743 6.781168 1.304860
v 0.231269 6.723132 1.263844
v 0.197142 6.680627 1.396031
v 0.188261 6.648565 1.330999
v 0.141020 6.590563 1.340193
v 0.129424 6.592027 1.415320
v 0.097917 6.522984 1.118841
v 0.112310 6.546731 1.133850
v 0.142843 6.585879 1.080687
v 0.000000 6.493286 1.074183
v 0.098876 6.536676 1.217765
v 0.080058 6.515834 1.213586
v 0.000000 6.487781 1.195586
v 0.112398 6.555956 1.301175
v 0.090885 6.537114 1.314237
v 0.128261 6.654109 1.547969
v 0.133971 6.724813 1.646854
v 0.000000 6.675894 1.783805
v 0.074735 6.867481 1.912342
v 0.186612 6.736231 1.456814
v 0.201114 6.826029 1.333200
v 0.158137 6.802374 1.511178
v 0.148670 6.862762 1.360528
v 0.000000 6.948324 1.441116
v 0.054865 6.940599 1.425485
v 0.000000 6.912154 1.682340
v 0.063380 6.898716 1.642193
v 0.000000 6.904887 1.944535
v 0.181616 6.737449 1.162289
v 0.160260 6.716133 1.228425
v 0.181597 6.725117 1.116847
v 0.144293 6.686389 1.087204
v 0.112073 6.621390 1.102725
v 0.098784 6.584554 1.147949
v 0.095725 6.571838 1.211378
v 0.092416 6.597443 1.261265
v 0.108672 6.615599 1.296564
v 0.151618 6.661105 1.295560
v 0.136549 6.723924 1.154796
v 0.115610 6.709103 1.194125
v 0.133112 6.712516 1.130391
v 0.101456 6.682813 1.142712
v 0.094329 6.639935 1.128601
v 0.084530 6.617402 1.154680
v 0.076255 6.634089 1.196340
v 0.078753 6.626402 1.239192
v 0.087035 6.653858 1.252329
v 0.096942 6.676252 1.239165
v 0.833148 7.402591 0.338611
v 0.940197 7.109406 0.334319
v 0.923677 6.733501 0.354724
v 0.941879 6.908051 0.375077
v 1.021776 7.094371 0.272799
v 0.993698 6.908042 0.290681
v 0.956385 7.244364 0.187340
v 0.902725 7.316685 0.245248
v 0.980174 7.242781 0.054543
v 0.919301 7.340709 0.000124
v 0.954532 6.755710 0.272747
v 0.909883 6.501821 0.189442
v 0.930484 6.569594 0.192679
v 0.929493 6.536750 -0.052962
v 0.959651 6.589677 -0.008966
v 0.958719 6.740653 -0.167937
v 0.986764 6.740058 -0.074270
v 0.978887 7.020047 -0.163831
v 1.033599 6.985683 -0.068361
v 1.014408 7.116176 -0.033860
v 0.962347 7.183611 -0.107486
v 0.866237 7.446977 0.001899
v 0.926770 7.270009 -0.168056
v 0.947724 7.090630 -0.260129
v 0.908026 6.710634 -0.319439
v 0.875552 6.431861 -0.157120
v 0.838391 6.375938 0.288724
v 0.889529 7.120543 0.445119
v 0.881851 6.891870 0.498765
v 0.875784 6.698145 0.464493
v 0.935664 6.634756 0.225803
v 0.911663 6.598776 0.298632
v 0.856405 6.553056 0.422323
v 0.715703 6.237437 0.357556
v 0.690236 6.148746 0.194987
v 0.796559 6.251212 0.139902
v 0.500679 6.121194 0.490589
v 0.351598 6.067026 0.567169
v 0.217304 6.038461 0.629717
v 0.483811 6.022506 0.314452
v 0.778690 6.258286 -0.139923
v 0.666404 6.109387 -0.072302
v 0.329550 5.971741 0.418688
v 0.000000 6.050812 0.704755
v 0.000000 5.930670 0.522152
v 0.204728 5.948083 0.484903
v 0.523201 5.975408 0.059843
v 0.182303 5.886907 0.355047
v 0.000000 5.872174 0.388702
v 0.314934 5.909079 0.278578
v 0.432272 5.880842 -0.016194
v 0.295302 5.852831 0.186683
v 0.171566 5.824187 0.281302
v 0.000000 5.839865 0.292073
v 0.418196 5.860688 -0.165860
v 0.505300 5.972339 -0.216251
v 0.359184 5.879970 -0.301707
v 0.413996 5.987108 -0.363468
v 0.600641 6.113311 -0.275140
v 0.072066 7.648222 0.734866
v 0.215557 7.678229 0.672939
v 0.282051 7.696606 0.624540
v 0.565545 7.673103 0.417558
v 0.771966 7.559907 0.196905
v 0.066856 7.844515 0.463395
v 0.000000 7.808902 0.533960
v 0.188300 7.853381 0.405958
v 0.250429 7.853350 0.368673
v 0.524460 7.781507 0.201257
v 0.663705 7.696073 0.053116
v 0.811819 7.531217 -0.009190
v 0.709132 7.648633 -0.058147
v 0.868522 7.374473 -0.228367
v 0.751825 7.532384 -0.281499
v 0.892830 7.174894 -0.364471
v 0.768858 7.325301 -0.491827
v 0.831222 6.710219 -0.477078
v 0.698588 6.273495 -0.330007
v 0.788442 6.468007 -0.386326
v 0.717018 6.779186 -0.651072
v 0.643485 6.521832 -0.607109
v 0.558811 6.313433 -0.523632
v 0.480946 6.139758 -0.440177
v 0.065655 5.854439 -0.384249
v 0.074955 5.986770 -0.484644
v 0.000000 5.843968 -0.332533
v 0.000000 5.973347 -0.477735
v 0.000000 6.142644 -0.606094
v 0.076814 6.161522 -0.617108
v 0.000000 6.342055 -0.766427
v 0.087846 6.365582 -0.779503
v 0.000000 6.607749 -0.914899
v 0.101783 6.635296 -0.918999
v 0.113517 6.962252 -0.968842
v 0.063641 7.921649 0.245399
v 0.000000 7.915177 0.280600
v 0.231897 7.903913 0.208365
v 0.174903 7.908909 0.241522
v 0.497119 7.815241 0.067235
v 0.617018 7.735245 0.003843
v 0.620136 7.723733 -0.096153
v 0.641164 7.620481 -0.346300
v 0.465620 7.826723 -0.085388
v 0.205294 7.927134 0.044061
v 0.161399 7.933220 0.092783
v 0.054642 7.943077 -0.066775
v 0.114208 7.894994 -0.277959
v 0.414788 7.780199 -0.344956
v 0.111145 7.723941 -0.597382
v 0.460635 7.560465 -0.618445
v 0.685384 7.402946 -0.544137
v 0.000000 7.358458 -0.887643
v 0.117431 7.347897 -0.884735
v 0.638919 6.823012 -0.734127
v 0.564899 6.547621 -0.693223
v 0.483602 6.331738 -0.597147
v 0.411223 6.154107 -0.500081
v 0.357212 6.005268 -0.418264
v 0.317036 5.895320 -0.351614
v 1.017386 6.852256 -0.080744
v 0.973843 6.868291 -0.185892
v 0.938945 6.898434 -0.314560
v 0.881408 6.948697 -0.447316
v 0.760444 7.060957 -0.614586
v 0.682808 7.123285 -0.684496
v 0.485623 7.244501 -0.798118
v 0.469376 6.906551 -0.857267
v 0.422576 6.606411 -0.813410
v 0.354653 6.364793 -0.701136
v 0.290331 6.175786 -0.575114
v 0.247463 6.016216 -0.472603
v 0.222159 5.895233 -0.391694
v 1.092544 7.327239 0.121856
v 1.069895 7.309237 0.020403
v 1.143559 7.211822 0.202316
v 1.144148 7.123947 0.156638
v 1.045362 7.021832 0.197498
v 1.026858 6.890444 0.217854
v 0.975234 6.778900 0.195691
v 0.960507 6.696450 0.173547
v 0.990809 6.631198 0.126395
v 1.037057 6.621594 0.005569
v 1.105242 6.726740 -0.071282
v 1.096581 7.156106 -0.069121
v 1.115664 7.012120 -0.109623
v 1.139059 6.852295 -0.120636
v 1.224720 7.227041 0.071651
v 1.247009 7.299506 0.129462
v 1.189955 7.392300 0.067544
v 1.163655 7.389166 -0.023545
v 1.174503 7.221851 -0.117000
v 0.988450 6.803874 0.132208
v 1.024311 6.882703 0.137313
v 1.033377 6.992816 0.112322
v 1.105581 7.090261 0.073553
v 1.195530 7.179982 0.006261
v 1.286909 7.261008 -0.061632
v 1.310137 7.306438 -0.000463
v 1.372619 7.334740 -0.125211
v 1.393646 7.373339 -0.068924
v 1.438476 7.388254 -0.165711
v 1.462243 7.435568 -0.133000
v 1.410723 7.432733 -0.002313
v 1.480037 7.507143 -0.073356
v 1.336808 7.367212 0.064549
v 0.985332 6.727751 0.120825
v 1.010157 6.679203 0.101730
v 1.025778 6.719183 0.078831
v 1.009945 6.756220 0.086518
v 1.009308 6.808518 0.091813
v 1.025907 6.879216 0.084431
v 1.056861 6.961758 0.054695
v 1.117189 7.046396 0.016688
v 1.205590 7.125980 -0.042191
v 1.301209 7.205375 -0.105183
v 1.390267 7.291739 -0.164926
v 1.071938 6.664682 0.051961
v 1.062341 6.715954 0.051213
v 1.125455 6.667173 -0.026182
v 1.140624 6.700759 0.015962
v 1.189560 6.717046 -0.063587
v 1.213507 6.741867 -0.021416
v 1.254801 6.780937 -0.102478
v 1.261744 6.804307 -0.055968
v 1.298600 6.846991 -0.138618
v 1.297011 6.873102 -0.105430
v 1.258473 6.958685 -0.165821
v 1.264739 6.978253 -0.115407
v 1.332437 6.959642 -0.201586
v 1.344589 6.963372 -0.135850
v 1.394924 6.938319 -0.196410
v 1.405675 6.927211 -0.152760
v 1.453776 7.021027 -0.237638
v 1.478090 7.018137 -0.178791
v 1.540488 7.149163 -0.279471
v 1.560807 7.153149 -0.237314
v 1.621137 7.287921 -0.292917
v 1.605628 7.281315 -0.319321
v 1.704599 7.424814 -0.361580
v 1.706473 7.426452 -0.333198
v 1.758636 7.524324 -0.386249
v 1.754066 7.525346 -0.348341
v 1.826510 7.610958 -0.409268
v 1.821490 7.611476 -0.379575
v 1.864478 7.677928 -0.434919
v 1.869425 7.692124 -0.408787
v 1.115358 6.749619 0.011790
v 1.172802 6.789810 -0.024673
v 1.217155 6.859231 -0.060055
v 1.255863 6.906998 -0.080191
v 1.241915 6.986594 -0.090639
v 1.333980 7.026627 -0.129188
v 1.398839 6.997759 -0.145883
v 1.427938 7.088649 -0.181892
v 1.498373 7.197190 -0.225218
v 1.573331 7.314920 -0.274332
v 1.634102 7.420027 -0.305917
v 1.682992 7.497895 -0.317524
v 1.758577 7.615779 -0.338033
v 1.834033 7.687900 -0.372626
v 1.463359 7.376066 -0.201108
v 1.278621 7.455276 0.004450
v 1.349091 7.501223 -0.053419
v 1.437050 7.553817 -0.117212
v 1.422416 7.552826 -0.162484
v 1.318602 7.494325 -0.111355
v 1.252437 7.453645 -0.069234
v 1.557819 7.554658 -0.149065
v 1.530097 7.599483 -0.172281
v 1.509484 7.597054 -0.215275
v 1.631227 7.614283 -0.213837
v 1.612734 7.645633 -0.225407
v 1.589843 7.633110 -0.271350
v 1.684922 7.682019 -0.276632
v 1.668635 7.670390 -0.310497
v 1.751528 7.714689 -0.326598
v 1.741774 7.701897 -0.361324
v 1.705946 7.656417 -0.274077
v 1.770300 7.681469 -0.326573
v 1.844597 7.643428 -0.425437
v 1.845447 7.650250 -0.393052
v 1.800427 7.659434 -0.358713
v 1.815191 7.710004 -0.348684
v 1.799035 7.731958 -0.355233
v 1.865346 7.726690 -0.397274
v 1.854080 7.736020 -0.389478
v 1.842065 7.743173 -0.399402
v 1.873172 7.715014 -0.408796
v 1.869088 7.711059 -0.438996
v 1.787629 7.723679 -0.387701
v 1.819947 7.730675 -0.414939
v 1.833946 7.718463 -0.431829
v 1.798289 7.685780 -0.419161
v 1.856339 7.741691 -0.406539
v 1.857808 7.739289 -0.423871
v 1.855444 7.729524 -0.436062
v 1.871958 7.722710 -0.434933
v 1.873618 7.726222 -0.415560
v 1.868721 7.731863 -0.407727
v 1.862103 7.737651 -0.404372
v 1.525149 7.473734 -0.213945
v 1.616507 7.541633 -0.262314
v 1.431211 7.243101 -0.203886
v 1.508034 7.343514 -0.243894
v 1.574448 7.438963 -0.273100
v 1.644095 7.509729 -0.296759
v 1.341127 7.136657 -0.148550
v 1.232394 7.061890 -0.082810
v 1.142837 6.993680 -0.033001
v 1.169938 6.932698 -0.054970
v 1.043648 6.769653 0.052230
v 1.033552 6.806476 0.059816
v 1.083241 6.921786 0.012343
v 1.048099 6.857073 0.045237
v 1.076755 6.808547 0.018732
v 1.115278 6.865773 -0.016944
v 1.708330 7.557498 -0.319671
v 1.676062 7.576957 -0.293312
v 1.737832 7.654458 -0.388839
v 1.667738 7.620605 -0.348107
v 1.592148 7.572344 -0.310902
v 1.507855 7.508645 -0.276011
v 1.417041 7.444258 -0.236006
v 1.331362 7.367484 -0.197101
v 1.255041 7.306131 -0.158419
v 1.217061 6.901747 -0.160728
v 1.202310 7.051323 -0.166746
v 1.282278 7.131079 -0.206478
v 1.399166 7.060977 -0.257454
v 1.362346 7.213324 -0.239556
v 1.448282 7.308085 -0.275277
v 1.486321 7.195460 -0.292239
v 1.535080 7.408097 -0.309982
v 1.576886 7.318496 -0.325489
v 1.656889 7.441201 -0.361895
v 1.616511 7.495500 -0.343113
v 1.725441 7.533477 -0.389171
v 1.687591 7.564462 -0.374379
v 1.794062 7.643214 -0.418940
v 1.777471 7.604678 -0.410599
v 1.756050 7.637259 -0.403009
v 1.739362 7.614498 -0.396783
v 0.000000 5.741937 -0.382428
v 0.057772 5.749904 -0.378702
v 0.054284 5.594537 -0.424503
v 0.058769 5.237992 -0.446986
v 0.056244 5.061119 -0.424102
v 0.380670 5.779972 -0.325886
v 0.322902 5.772881 -0.347520
v 0.220536 5.758081 -0.370363
v 0.494896 5.805281 -0.223513
v 0.551358 5.835373 0.014426
v 0.384852 5.796351 0.239593
v 0.234820 5.745500 0.348818
v 0.000000 5.752850 0.365069
v 0.231674 5.625066 0.437705
v 0.000000 5.608331 0.458892
v 0.000000 5.194777 0.640799
v 0.277329 5.196208 0.638121
v 0.296672 4.892514 0.701641
v 0.364632 5.609382 0.433246
v 0.344584 5.691097 0.372202
v 0.468366 5.720366 0.319167
v 0.730344 5.840361 0.015217
v 0.621056 5.751679 0.240912
v 0.748024 5.739472 0.196922
v 0.678645 5.621500 0.350940
v 0.794254 5.615862 0.301543
v 0.775113 5.240489 0.496060
v 0.882070 5.246110 0.395705
v 0.819035 4.916784 0.384315
v 0.894869 5.006185 0.273355
v 0.886802 4.822864 0.080572
v 0.935717 4.894334 0.066945
v 0.865924 4.840969 -0.202727
v 0.943208 4.897251 -0.142320
v 0.816225 5.122089 -0.319807
v 0.915171 5.108997 -0.269060
v 0.789612 5.327954 -0.332111
v 0.897763 5.328047 -0.286884
v 0.759784 5.505398 -0.311902
v 0.873776 5.508609 -0.267059
v 0.821890 5.744474 -0.176017
v 0.687989 5.721523 -0.220039
v 0.584013 5.692694 -0.300356
v 0.953996 5.729718 -0.145786
v 0.875249 5.817546 0.034863
v 0.879160 5.724931 0.181593
v 0.919173 5.602521 0.259344
v 0.976528 5.236995 0.327955
v 0.984463 5.015977 0.228680
v 0.998642 4.891953 0.060961
v 1.003620 4.895703 -0.135142
v 1.004025 5.061871 -0.235839
v 1.001914 5.308151 -0.259759
v 0.994765 5.492714 -0.243078
v 0.517520 5.622108 0.399119
v 0.439190 5.207523 0.625606
v 0.614510 5.221878 0.586429
v 0.660884 4.905656 0.579018
v 0.473574 4.901495 0.669771
v 0.790406 4.736417 0.374603
v 0.833587 4.706372 0.083234
v 0.669999 4.735845 0.577464
v 0.768582 4.550582 0.086124
v 0.761680 4.558527 0.373984
v 0.813899 4.697983 -0.195953
v 0.751898 4.529993 -0.183485
v 0.761238 4.362325 0.382669
v 0.744970 4.347433 0.084719
v 0.720443 4.334274 -0.177919
v 0.853049 3.929877 0.400435
v 0.868573 3.927274 0.057670
v 0.896218 3.682349 0.389835
v 0.916977 3.710057 0.045320
v 0.925771 3.448360 0.332009
v 0.933519 3.494834 0.029307
v 0.781543 3.921346 -0.208516
v 0.821117 3.715623 -0.231790
v 0.847412 3.493713 -0.235784
v 0.716081 4.670547 -0.328253
v 0.732017 4.807405 -0.334926
v 0.709613 5.121752 -0.371100
v 0.655329 5.493190 -0.366346
v 0.683221 5.320948 -0.380449
v 0.427928 5.650949 -0.388872
v 0.355652 5.632016 -0.407159
v 0.235448 5.604387 -0.421834
v 0.058307 5.413143 -0.451068
v 0.000000 5.419734 -0.451024
v 0.257582 5.419762 -0.449729
v 0.388242 5.440403 -0.440524
v 0.468420 5.454995 -0.429524
v 0.270544 5.272843 -0.447370
v 0.404765 5.293005 -0.440497
v 0.488410 5.304498 -0.431249
v 0.509944 5.112195 -0.415410
v 0.421841 5.102226 -0.423238
v 0.278285 5.090396 -0.427540
v 0.676614 4.562642 0.585093
v 0.489122 4.738471 0.697009
v 0.297719 4.731848 0.740572
v 0.692254 4.375019 0.599002
v 0.506453 4.567220 0.731936
v 0.313267 4.565406 0.787917
v 0.518649 4.379433 0.762341
v 0.320909 4.381561 0.835512
v 0.000000 4.387280 0.863203
v 0.802678 4.156343 0.392220
v 0.795419 4.137087 0.078994
v 0.743108 4.125084 -0.188510
v 0.315920 4.183257 0.880023
v 0.299757 3.972765 0.918239
v 0.000000 3.794810 0.980894
v 0.266885 3.761590 0.941072
v 0.527747 4.175589 0.789532
v 0.718836 4.168345 0.610909
v 0.742516 3.931120 0.626417
v 0.516414 3.957606 0.822162
v 0.748055 3.627312 0.641915
v 0.496669 3.725866 0.841191
v 0.923032 3.299293 0.010275
v 0.850348 3.284809 -0.193353
v 0.933986 3.252893 0.275778
v 0.745736 3.165714 -0.375472
v 0.723369 3.290509 -0.426306
v 0.818875 3.373818 0.521788
v 0.826257 3.201177 0.432458
v 0.665685 3.249832 0.631200
v 0.675022 3.135719 0.547484
v 0.391151 3.072975 0.692453
v 0.408440 2.998159 0.597697
v 0.190444 2.965376 0.614567
v 0.225459 2.908400 0.547510
v 0.060347 2.900450 0.394517
v 0.077597 2.864646 0.377336
v 0.041723 2.952279 0.078140
v 0.070949 2.848370 0.137175
v 0.065497 2.970930 -0.122161
v 0.098928 2.866775 -0.077747
v 0.197598 3.117685 0.793985
v 0.576525 3.040752 -0.461330
v 0.567647 3.139097 -0.541304
v 0.408896 2.949410 -0.450627
v 0.387972 3.033120 -0.529806
v 0.153693 2.901941 -0.237071
v 0.106509 3.032587 -0.343014
v -0.000000 3.242778 -0.586148
v 0.061451 3.130104 -0.563869
v 0.366753 3.126779 -0.639702
v 0.077564 3.256409 -0.684906
v 0.528664 3.253684 -0.611411
v 0.330381 3.254614 -0.684230
v 0.676676 3.392740 -0.488173
v 0.798882 3.570668 -0.312245
v 0.741218 3.722850 -0.337787
v 0.617553 3.475996 -0.537165
v 0.459604 3.370259 -0.650251
v 0.708825 3.911906 -0.309941
v 0.681819 4.086632 -0.302994
v 0.069234 4.152681 -0.448481
v 0.068318 4.325523 -0.426451
v 0.309489 4.207032 -0.439511
v 0.677867 4.287909 -0.304075
v 0.552290 4.247872 -0.398555
v 0.465618 4.234646 -0.423843
v 0.699696 4.494775 -0.313479
v 0.558103 4.429824 -0.410959
v 0.465862 4.402343 -0.426363
v 0.308198 4.365769 -0.430785
v 0.064905 4.655643 -0.403672
v 0.296442 4.686959 -0.406325
v 0.451725 4.718076 -0.405725
v 0.543070 4.742410 -0.397459
v 0.068977 4.504394 -0.422467
v 0.303499 4.531675 -0.423796
v 0.460372 4.569098 -0.420281
v 0.551451 4.598606 -0.407791
v 0.551934 4.079990 -0.400011
v 0.466428 4.084354 -0.434591
v 0.557872 3.940219 -0.423320
v 0.468751 3.953391 -0.462308
v 0.552703 3.827771 -0.460805
v 0.496272 3.586154 -0.592511
v 0.469158 3.846691 -0.502721
v 0.300135 3.862488 -0.551698
v 0.306108 3.955911 -0.503823
v 0.078230 3.820723 -0.573360
v 0.074171 3.910429 -0.529755
v 0.427876 3.616342 -0.616268
v 0.291831 3.640974 -0.653457
v 0.064927 3.620049 -0.664143
v 0.000000 3.786751 -0.585660
v 0.000000 3.880693 -0.542618
v 0.067908 3.438033 -0.695249
v 0.290050 3.492324 -0.682982
v 0.393517 3.491921 -0.657786
v 0.436771 3.485323 -0.643975
v 0.307377 4.067191 -0.467910
v 0.071383 4.019217 -0.486813
v 0.000000 3.980422 -0.500609
v 0.117757 3.334302 -0.707568
v 0.401651 3.394325 -0.668909
v 0.310126 3.343585 -0.692681
v 0.367854 3.210601 0.794952
v 0.605959 3.414618 0.735226
v 0.423589 3.520983 0.861078
v 0.218809 3.557227 0.940855
v 0.285944 3.323182 0.868874
v 0.000000 3.544284 0.966546
v 0.152894 3.308510 0.896336
v 0.000000 3.331124 0.916256
v 1.071678 5.660629 0.159480
v 1.068942 5.725268 0.033596
v 1.112661 5.634959 -0.123010
v 1.083750 5.551465 0.237802
v 1.117896 5.424764 -0.223639
v 1.100005 5.262018 -0.247082
v 1.065799 5.029875 -0.229253
v 1.040711 4.869426 -0.132471
v 1.038785 4.861611 0.059389
v 1.046985 4.979742 0.219688
v 1.078339 5.208740 0.312833
v 1.272309 5.498790 0.123648
v 1.275640 5.521744 0.020699
v 1.266599 5.475803 -0.090829
v 1.240912 5.311373 -0.199651
v 1.200354 5.178010 -0.238463
v 1.124526 4.983451 -0.232895
v 1.255299 5.430192 0.211167
v 1.179893 5.151324 0.315780
v 1.103195 4.929032 0.217591
v 1.081792 4.821055 0.068125
v 1.079420 4.823282 -0.127764
v 1.420634 5.316444 0.112296
v 1.424283 5.328337 0.026718
v 1.396466 5.273333 0.191235
v 1.403752 5.291807 -0.074539
v 1.361625 5.170255 -0.180473
v 1.307786 5.068937 -0.229086
v 1.277133 5.054800 0.309269
v 1.170444 4.863825 0.220523
v 1.144077 4.755250 0.076186
v 1.135935 4.752139 -0.126398
v 1.205309 4.908501 -0.242630
v 1.566325 5.146276 0.040879
v 1.545252 5.118839 -0.064423
v 1.554550 5.136338 0.117668
v 1.525903 5.106395 0.185485
v 1.500576 5.017394 -0.174347
v 1.435848 4.933109 -0.231129
v 1.311360 4.789897 -0.255011
v 1.216631 4.654323 -0.120306
v 1.230873 4.657911 0.084006
v 1.259255 4.766950 0.225294
v 1.379089 4.930970 0.304561
v 1.653998 4.933338 0.190763
v 1.686821 4.955368 0.132388
v 1.707193 4.964216 0.067821
v 1.702797 4.946145 -0.044731
v 1.655927 4.853820 -0.167211
v 1.584390 4.765459 -0.228947
v 1.451739 4.632462 -0.252032
v 1.339593 4.504556 -0.091053
v 1.338593 4.530249 0.102675
v 1.365932 4.630730 0.239639
v 1.493959 4.788299 0.311922
v 1.820659 4.772213 0.159671
v 1.843278 4.775364 0.100246
v 1.846576 4.753876 -0.009593
v 1.797572 4.665583 -0.123274
v 1.787495 4.759077 0.211080
v 1.935466 4.592725 0.260175
v 1.967543 4.597117 0.209909
v 1.989851 4.591599 0.152907
v 1.987304 4.552486 0.048175
v 1.928346 4.470768 -0.039520
v 2.078298 4.426067 0.326380
v 2.109892 4.429357 0.273287
v 2.132262 4.419088 0.214567
v 2.125105 4.368489 0.119299
v 2.060946 4.279865 0.050526
v 1.620682 4.633873 0.344756
v 1.758962 4.485604 0.416017
v 1.895210 4.319164 0.488031
v 1.487754 4.478577 0.287491
v 1.468302 4.377219 0.147950
v 1.623543 4.315389 0.367209
v 1.614458 4.216442 0.223091
v 1.779062 4.150958 0.456746
v 1.759882 4.061534 0.315935
v 1.825149 4.049841 0.150930
v 1.673568 4.201365 0.047525
v 1.501744 4.346428 -0.035565
v 1.613965 4.461039 -0.181471
v 1.776495 4.296548 -0.065696
v 1.927028 4.132846 0.045758
v 1.731242 4.584330 -0.170852
v 2.003119 4.213387 0.033143
v 1.866913 4.398019 -0.070957
v 2.022056 4.168362 0.553891
v 2.212184 4.271194 0.392440
v 2.240071 4.271422 0.336811
v 2.258107 4.251729 0.279210
v 2.127478 4.054508 0.114921
v 2.059429 3.989952 0.136659
v 1.955735 3.919295 0.243438
v 1.895296 3.931257 0.398303
v 1.925478 4.019625 0.521449
v 2.184283 4.121328 0.124388
v 2.247140 4.198285 0.193199
v 2.326331 4.126890 0.451556
v 2.349414 4.117994 0.395692
v 2.137846 4.033631 0.605251
v 2.356067 4.102486 0.343138
v 2.342515 4.058505 0.265389
v 2.287540 3.989579 0.197313
v 2.233915 3.925573 0.188175
v 2.173737 3.865971 0.215105
v 2.071452 3.804448 0.321882
v 2.020535 3.822853 0.465868
v 2.048783 3.911579 0.567531
v 2.471448 3.869871 0.535571
v 2.490978 3.863502 0.492197
v 2.321124 3.818499 0.653791
v 2.254099 3.737552 0.629061
v 2.233073 3.678093 0.560676
v 2.267631 3.642950 0.457613
v 2.357851 3.686989 0.367127
v 2.402103 3.735129 0.347896
v 2.441104 3.782600 0.353298
v 2.484225 3.829731 0.392398
v 2.497515 3.857158 0.450147
v 2.441121 3.691380 0.765949
v 2.600177 3.723799 0.616951
v 2.627711 3.723092 0.570519
v 2.640962 3.722221 0.521508
v 2.301986 3.606850 0.759530
v 2.303837 3.518623 0.662642
v 2.389748 3.502538 0.556472
v 2.486072 3.528772 0.448308
v 2.547681 3.568568 0.389148
v 2.613849 3.623964 0.369916
v 2.654305 3.696926 0.435184
v 2.397789 3.734916 0.702042
v 2.530571 3.769723 0.572832
v 2.552028 3.765963 0.531233
v 2.559393 3.763337 0.489592
v 2.566156 3.739762 0.426521
v 2.536063 3.688622 0.383346
v 2.487547 3.645514 0.388301
v 2.437040 3.609678 0.425148
v 2.352435 3.579523 0.520750
v 2.298006 3.598863 0.616946
v 2.300972 3.661252 0.688458
v 2.412710 3.993114 0.499928
v 2.236057 3.920005 0.640735
v 2.157503 3.816798 0.604990
v 2.131755 3.737521 0.520116
v 2.173753 3.710312 0.391193
v 2.272345 3.765152 0.288854
v 2.326783 3.818633 0.266720
v 2.372250 3.878484 0.272187
v 2.421438 3.940206 0.329730
v 2.437169 3.973115 0.400189
v 2.431800 3.986943 0.448468
v 2.687855 3.678790 0.606667
v 2.657708 3.674019 0.656085
v 2.472223 3.639053 0.820576
v 0.000000 5.059006 0.677579
v 0.288387 5.050831 0.672596
v 0.460249 5.060106 0.652687
v 0.641782 5.071259 0.593281
v 0.796601 5.090333 0.466878
v 0.891629 5.123302 0.355873
v 0.978646 5.127229 0.296091
v 1.058647 5.098263 0.286855
v 1.136648 5.043607 0.290240
v 1.217000 4.966409 0.288728
v 1.311102 4.870880 0.290456
v 1.426517 4.720034 0.301772
v 1.551352 4.569075 0.343413
v 1.684693 4.413163 0.421566
v 1.829638 4.249226 0.495328
v 1.969627 4.098112 0.556039
v 2.085862 3.975735 0.596744
v 2.188299 3.871273 0.631232
v 2.279685 3.782166 0.650528
v 2.340959 3.704891 0.704794
v 2.368655 3.659584 0.779566
v 0.943746 3.287434 0.120815
v 0.947031 3.482382 0.147768
v 0.926647 3.703766 0.175510
v 0.877302 3.930258 0.196634
v 0.805924 4.144443 0.199325
v 0.755224 4.354647 0.189610
v 0.774214 4.566505 0.186231
v 0.827951 4.723025 0.200402
v 0.870097 4.849386 0.203966
v 0.917059 4.933587 0.161321
v 0.991833 4.936830 0.143354
v 1.040959 4.902045 0.136929
v 1.088200 4.860535 0.141451
v 1.151068 4.797647 0.148441
v 1.237306 4.699677 0.153234
v 1.339748 4.570194 0.163371
v 1.469481 4.414839 0.216355
v 1.608645 4.252827 0.295564
v 1.756037 4.096929 0.387867
v 1.903530 3.962423 0.463361
v 2.029432 3.856205 0.521462
v 2.138844 3.770501 0.565992
v 2.237543 3.704874 0.596367
v 2.290020 3.623372 0.654074
v 2.288592 3.555204 0.712177
v 2.397322 3.606746 0.839876
v 2.315317 3.551627 0.836054
v 2.290672 3.486730 0.785635
v 2.310642 3.448859 0.721583
v 2.357759 3.500592 0.592145
v 2.332705 3.578824 0.551431
v 2.248666 3.647585 0.490627
v 2.150609 3.711444 0.428560
v 2.050041 3.799275 0.363787
v 1.930747 3.913434 0.287435
v 1.797071 4.044123 0.199373
v 1.645979 4.195510 0.104085
v 1.484164 4.346350 0.028373
v 1.337099 4.500671 -0.023952
v 1.215898 4.641919 -0.054450
v 1.135939 4.734970 -0.059879
v 1.076920 4.804146 -0.062123
v 1.034787 4.848835 -0.063865
v 0.998817 4.873404 -0.067357
v 0.947886 4.876493 -0.074155
v 0.891552 4.817739 -0.091387
v 0.833861 4.698957 -0.089080
v 0.762595 4.538687 -0.085124
v 0.730126 4.341074 -0.083671
v 0.769942 4.134178 -0.092504
v 0.828197 3.925879 -0.111008
v 0.872019 3.714776 -0.131597
v 0.888505 3.498643 -0.137882
v 0.878561 3.301426 -0.127713
v 2.382419 3.434737 0.638337
v 2.424738 3.442772 0.605859
v 2.545244 3.477518 0.488264
v 2.610710 3.507258 0.412973
v 2.679381 3.564005 0.382475
v 2.732875 3.650729 0.448482
v 2.711341 3.679348 0.552294
v 0.000000 5.661829 -0.408516
v 0.054609 5.669134 -0.405939
v 0.226146 5.672805 -0.403179
v 0.340829 5.700586 -0.384017
v 0.406833 5.715053 -0.363350
v 0.548767 5.754150 -0.256160
v 0.637486 5.790545 -0.139036
v 0.782727 5.809224 -0.101129
v 0.917512 5.790896 -0.073053
v 1.095523 5.693369 -0.061227
v 1.270788 5.506656 -0.046286
v 1.415012 5.315279 -0.031708
v 1.558261 5.136878 -0.020106
v 1.708848 4.961093 0.000370
v 1.850896 4.768942 0.040159
v 1.995347 4.575511 0.094743
v 2.139205 4.389205 0.157803
v 2.257804 4.224917 0.230148
v 2.352913 4.080033 0.299696
v 2.432842 3.954320 0.361307
v 2.494063 3.844502 0.416292
v 2.563856 3.754532 0.454703
v 2.649129 3.714071 0.475606
v 2.726879 3.670732 0.497800
v 2.712562 3.601383 0.393778
v 2.642977 3.657071 0.386728
v 2.552548 3.710418 0.393864
v 2.459395 3.800049 0.364377
v 2.391485 3.902725 0.286232
v 2.308335 4.017436 0.214195
v 2.210671 4.148391 0.142169
v 2.087141 4.313075 0.068881
v 1.955414 4.505949 -0.012033
v 1.822829 4.707484 -0.084579
v 1.679136 4.895460 -0.125346
v 1.523365 5.062711 -0.133344
v 1.382210 5.227146 -0.141107
v 1.254471 5.379328 -0.166412
v 1.120558 5.508509 -0.196486
v 0.984978 5.591604 -0.218016
v 0.859870 5.598436 -0.246924
v 0.740033 5.588655 -0.291780
v 0.635533 5.570821 -0.351260
v 0.456510 5.528271 -0.419894
v 0.378246 5.510322 -0.432810
v 0.249531 5.491085 -0.442678
v 0.056339 5.477489 -0.444801
v 0.000000 5.478896 -0.444990
v 0.056672 5.148905 -0.435922
v 0.276187 5.181046 -0.437638
v 0.414704 5.196472 -0.432162
v 0.501076 5.205343 -0.423695
v 0.698414 5.218453 -0.377511
v 0.803660 5.219584 -0.329599
v 0.906013 5.212303 -0.283105
v 1.002910 5.187922 -0.255324
v 1.083765 5.146973 -0.246490
v 1.162453 5.079521 -0.245384
v 1.255943 4.987052 -0.246947
v 1.374006 4.861303 -0.255581
v 1.522410 4.701686 -0.251477
v 1.674258 4.523081 -0.185993
v 1.820239 4.345637 -0.075851
v 1.964399 4.171063 0.034279
v 2.096284 4.014757 0.124666
v 2.203230 3.893669 0.197935
v 2.300097 3.789561 0.275188
v 2.380951 3.709296 0.355222
v 2.462081 3.624630 0.404463
v 2.515960 3.545863 0.416030
v 2.577666 3.489395 0.448787
v 2.490409 3.461769 0.548360
v 2.442044 3.511882 0.501726
v 2.397155 3.585702 0.469322
v 2.312757 3.655005 0.403649
v 2.223132 3.727577 0.331623
v 2.123564 3.824769 0.260963
v 2.007621 3.945136 0.180974
v 1.873381 4.084654 0.084339
v 1.723231 4.241432 -0.026612
v 1.559161 4.399482 -0.144157
v 1.383519 4.572016 -0.217480
v 1.246638 4.730196 -0.223501
v 1.158397 4.837304 -0.215375
v 1.093360 4.899041 -0.200129
v 1.050001 4.945294 -0.198079
v 1.002364 4.969769 -0.200604
v 0.937382 4.991476 -0.225802
v 0.842845 4.987344 -0.285030
v 0.731128 4.977774 -0.353626
v 0.524979 4.959163 -0.403578
v 0.435214 4.947907 -0.410651
v 0.290112 4.922344 -0.410281
v 0.060156 4.885571 -0.404833
v 0.000000 4.882398 -0.403949
v 0.000000 4.783226 -0.397545
v 0.062645 4.782951 -0.398107
v 0.294693 4.814049 -0.402220
v 0.443783 4.844193 -0.403893
v 0.533225 4.864965 -0.398090
v 0.737509 4.899676 -0.343258
v 0.862463 4.919879 -0.247864
v 0.945002 4.937115 -0.187865
v 1.003090 4.924955 -0.169278
v 1.043588 4.900439 -0.167870
v 1.081234 4.854926 -0.166459
v 1.139021 4.792431 -0.179362
v 1.214352 4.697725 -0.180359
v 1.348903 4.532524 -0.162902
v 1.527060 4.365454 -0.098060
v 1.699046 4.218613 0.004686
v 1.849496 4.065572 0.112682
v 1.980891 3.931573 0.207505
v 2.098315 3.811687 0.288518
v 2.196094 3.717770 0.357659
v 2.289476 3.646090 0.427868
v 2.377432 3.578779 0.492916
v 2.417906 3.507247 0.528054
v 2.460274 3.453419 0.576587
v 2.622935 3.666859 0.703315
v 2.571820 3.718545 0.661601
v 2.510326 3.765412 0.614254
v 2.445750 3.866305 0.577196
v 2.383044 3.989305 0.549021
v 2.289946 4.123533 0.503854
v 2.175016 4.260358 0.444053
v 2.041471 4.411622 0.376778
v 1.895383 4.576060 0.312511
v 1.748510 4.736082 0.257684
v 1.615481 4.903507 0.237460
v 1.490266 5.068837 0.235307
v 1.367423 5.222943 0.244435
v 1.237205 5.358096 0.264350
v 1.088596 5.450807 0.280813
v 0.947731 5.499818 0.307340
v 0.825040 5.521317 0.357569
v 0.702496 5.526967 0.415256
v 0.545284 5.531350 0.463010
v 0.382928 5.522274 0.488684
v 0.237705 5.519624 0.497986
v 0.000000 5.496718 0.516046
v 0.448813 2.789610 0.554638
v 0.719198 2.848151 0.493023
v 0.267469 2.746799 0.526826
v 0.863512 2.867907 0.361491
v 0.919095 2.899856 0.163771
v 0.925505 2.993139 0.066229
v 0.911844 2.961685 -0.029756
v 0.885889 3.003590 -0.121203
v 0.878939 2.903877 -0.163783
v 0.760918 2.829986 -0.337359
v 0.605638 2.776958 -0.398265
v 0.439071 2.723827 -0.387010
v 0.188403 2.695182 -0.156066
v 0.127705 2.713345 -0.028606
v 0.085343 2.746928 0.142234
v 0.118224 2.721684 0.387276
v 0.690494 3.005064 0.495266
v 0.425068 2.911117 0.551264
v 0.236435 2.855966 0.524069
v 0.090038 2.815133 0.364352
v 0.076495 2.809099 0.142773
v 0.110062 2.793557 -0.045113
v 0.174286 2.801258 -0.184066
v 0.421785 2.846819 -0.428371
v 0.596154 2.919541 -0.437524
v 0.752236 3.005809 -0.355666
v 0.856844 3.099316 -0.180844
v 0.878644 3.132643 -0.124200
v 0.915711 3.126170 -0.009457
v 0.933163 3.121119 0.094769
v 0.927870 3.078396 0.225060
v 0.848044 3.042073 0.390909
v 0.921980 2.858218 0.024148
v 0.906344 2.856096 -0.080782
v 0.924225 2.711720 -0.016610
v 0.921947 2.691882 0.163310
v 0.894292 2.682231 -0.149493
v 0.866838 2.672993 0.345226
v 0.748897 2.654997 0.486279
v 0.478225 2.629348 0.574079
v 0.290862 2.595090 0.540971
v 0.145429 2.567776 0.414886
v 0.206286 2.561503 -0.134773
v 0.454277 2.573922 -0.336373
v 0.144860 2.574018 -0.006441
v 0.100841 2.590744 0.150523
v 0.758075 2.637570 -0.307366
v 0.609798 2.607524 -0.350150
v 0.176300 2.372488 0.428100
v 0.322495 2.394608 0.549034
v 0.510568 2.429712 0.585812
v 0.758666 2.446779 0.474050
v 0.897478 2.455594 -0.128725
v 0.748618 2.428184 -0.267509
v 0.931524 2.467735 0.007298
v 0.913486 2.463563 0.169221
v 0.852618 2.454638 0.335022
v 0.241083 2.388728 -0.104588
v 0.173064 2.390468 0.007991
v 0.472315 2.396237 -0.272563
v 0.612260 2.411733 -0.292782
v 0.125261 2.380908 0.147968
v 0.494781 2.207923 -0.197697
v 0.289109 2.195503 -0.069044
v 0.217568 2.185555 0.028480
v 0.168707 2.175178 0.150749
v 0.360032 2.177635 0.528169
v 0.530178 2.216926 0.575169
v 0.227076 2.163192 0.414770
v 0.747331 2.239320 0.456452
v 0.827334 2.235718 0.319904
v 0.885546 2.240869 0.158761
v 0.907684 2.240832 0.017511
v 0.615491 2.216292 -0.215258
v 0.731391 2.225507 -0.202774
v 0.877237 2.236763 -0.098268
v 0.822920 2.005097 0.318724
v 0.806746 1.904675 0.396262
v 0.833713 1.784915 0.388863
v 0.862807 1.796293 0.286776
v 0.737135 2.052650 0.450981
v 0.751171 1.914044 0.478114
v 0.543049 2.030319 0.548757
v 0.569669 1.893191 0.550846
v 0.408589 1.956175 0.488848
v 0.480243 1.867233 0.516970
v 0.407312 1.753336 0.434648
v 0.482055 1.747672 0.498021
v 0.876854 2.024745 0.146497
v 0.883540 2.028780 0.019142
v 0.323595 1.761861 0.335925
v 0.285065 1.960376 0.377394
v 0.897137 1.810452 0.143509
v 0.454496 1.552749 0.420354
v 0.501458 1.634652 0.480347
v 0.571391 1.488137 0.483033
v 0.582567 1.615851 0.516357
v 0.797238 1.500897 0.429034
v 0.782069 1.629346 0.469351
v 0.880385 1.582265 0.313171
v 0.840100 1.658052 0.389548
v 0.350147 1.559750 0.316655
v 0.573374 1.318467 0.463833
v 0.460907 1.344248 0.397428
v 0.809366 1.326792 0.403865
v 0.898401 1.361568 0.283568
v 0.931305 1.597497 0.149841
v 0.852370 2.030028 -0.068693
v 0.725061 2.025222 -0.158631
v 0.623838 2.016816 -0.171288
v 0.514740 2.010486 -0.158390
v 0.331286 2.000694 -0.050403
v 0.262991 1.990239 0.038236
v 0.222397 1.978570 0.147725
v 0.259755 1.782264 0.132757
v 0.286571 1.795087 0.028593
v 0.350563 1.804296 -0.064950
v 0.275565 1.580571 0.111514
v 0.292059 1.593880 0.003569
v 0.294266 1.384934 -0.027497
v 0.286624 1.377581 0.092490
v 0.363280 1.358306 0.299543
v 0.901391 1.819103 0.022426
v 0.870554 1.822808 -0.070464
v 0.741275 1.820060 -0.169743
v 0.640396 1.816040 -0.185122
v 0.522397 1.812621 -0.170201
v 0.663581 1.615447 -0.229591
v 0.531043 1.613931 -0.214993
v 0.937869 1.609549 0.017570
v 0.909126 1.617102 -0.081549
v 0.768019 1.620531 -0.207018
v 0.943353 1.381721 0.136563
v 0.948533 1.397376 0.010592
v 0.925360 1.407887 -0.087684
v 0.793393 1.420155 -0.240326
v 0.682246 1.418290 -0.276422
v 0.541097 1.414493 -0.268497
v 0.356091 1.605141 -0.106324
v 0.350253 1.401383 -0.148018
v 0.577352 1.750654 0.541831
v 0.776676 1.772292 0.489099
v 0.465047 1.151742 0.392741
v 0.581632 1.140089 0.453285
v 0.808104 1.145511 0.381126
v 0.893318 1.163725 0.258740
v 0.932399 1.180205 0.120478
v 0.936216 1.193583 0.004443
v 0.918428 1.203597 -0.089080
v 0.696674 1.215819 -0.304285
v 0.551316 1.208910 -0.300200
v 0.805806 1.216498 -0.253769
v 0.352210 1.195274 -0.160449
v 0.308055 1.187704 -0.053452
v 0.300081 1.180170 0.076036
v 0.374994 1.163637 0.292404
v 0.474400 0.965685 0.380536
v 0.390647 0.974153 0.279757
v 0.331129 0.987984 0.065916
v 0.345807 0.994985 -0.057942
v 0.590992 0.958579 0.440919
v 0.804276 0.962840 0.362918
v 0.878870 0.973990 0.241090
v 0.911593 0.986192 0.109408
v 0.912962 0.996339 -0.004571
v 0.802238 1.014039 -0.249984
v 0.697376 1.012545 -0.301502
v 0.897203 1.004733 -0.092164
v 0.390601 0.998036 -0.156555
v 0.559337 1.006162 -0.290459
v 0.793735 0.779397 0.347831
v 0.857767 0.790829 0.224136
v 0.594102 0.775375 0.419993
v 0.604239 0.596248 0.389133
v 0.780519 0.597050 0.334508
v 0.840758 0.617130 0.211824
v 0.874036 0.810173 -0.005366
v 0.858176 0.816290 -0.086281
v 0.878045 0.801612 0.099127
v 0.781717 0.817124 -0.227603
v 0.846532 0.639768 -0.001201
v 0.828573 0.641816 -0.078109
v 0.853610 0.630297 0.093938
v 0.754539 0.630274 -0.199867
v 0.676220 0.627940 -0.248795
v 0.690069 0.814542 -0.279551
v 0.561140 0.811089 -0.268471
v 0.560583 0.622894 -0.246194
v 0.444667 0.807326 -0.178286
v 0.452446 0.624549 -0.165293
v 0.396383 0.624714 -0.043398
v 0.382257 0.805300 -0.052158
v 0.387543 0.620982 0.070892
v 0.366801 0.801484 0.064644
v 0.434354 0.617627 0.241130
v 0.413255 0.791638 0.261425
v 0.485719 0.783032 0.357643
v 0.500744 0.606704 0.328190
v 0.456611 0.457335 0.213543
v 0.525245 0.440917 0.293873
v 0.626669 0.430380 0.344288
v 0.760374 0.442151 0.313999
v 0.828940 0.465777 0.201554
v 0.840728 0.482776 0.090110
v 0.829710 0.486254 -0.003681
v 0.811070 0.491656 -0.069419
v 0.660913 0.460901 -0.220322
v 0.557426 0.459429 -0.216971
v 0.733133 0.469066 -0.181261
v 0.459316 0.468611 -0.142411
v 0.414151 0.463597 -0.032761
v 0.410107 0.465477 0.068801
v 0.535273 0.246553 -0.176158
v 0.553736 0.339258 -0.182183
v 0.643862 0.328793 -0.193164
v 0.632506 0.224655 -0.189778
v 0.448581 0.261991 -0.112855
v 0.476922 0.344905 -0.114553
v 0.442431 0.339392 -0.019963
v 0.404688 0.267972 -0.016759
v 0.441493 0.338639 0.073103
v 0.404828 0.266257 0.084887
v 0.434744 0.271150 0.212900
v 0.474958 0.328415 0.184845
v 0.528637 0.317319 0.317512
v 0.544999 0.348353 0.278078
v 0.626150 0.327787 0.353464
v 0.635845 0.356285 0.320310
v 0.750236 0.327489 0.321728
v 0.742432 0.368032 0.299474
v 0.838040 0.311672 0.223249
v 0.814471 0.371873 0.201514
v 0.830104 0.370522 0.089065
v 0.842077 0.290266 0.091773
v 0.819293 0.366549 -0.001258
v 0.795641 0.358244 -0.069738
v 0.713012 0.336370 -0.166664
v 0.818608 0.267199 -0.002622
v 0.785768 0.247517 -0.072114
v 0.700192 0.221959 -0.162927
v 0.507175 0.290076 0.452986
v 0.617545 0.299073 0.479918
v 0.770134 0.303423 0.450535
v 0.849588 0.303180 0.404426
v 0.365218 0.205044 0.081059
v 0.353364 0.065744 0.133078
v 0.412774 0.156324 -0.134855
v 0.460782 -0.001176 -0.066925
v 0.510990 0.136178 -0.204640
v 0.536041 -0.002827 -0.136230
v 0.603861 0.092066 -0.213061
v 0.610083 -0.030470 -0.123143
v 0.703735 0.115396 -0.185154
v 0.679179 -0.022814 -0.118142
v 0.803667 0.152498 -0.088820
v 0.765417 -0.013250 -0.066895
v 0.846328 0.183517 -0.016539
v 0.829631 0.005168 0.008230
v 0.976455 0.175113 0.257206
v 0.890724 0.258959 0.153171
v 0.895315 0.048214 0.123253
v 0.878087 0.221905 0.073293
v 0.395142 0.229291 0.382027
v 0.381811 0.219080 0.159088
v 0.342963 0.138914 0.282215
v 0.358521 0.176553 -0.014759
v 0.399259 0.023404 0.023874
v 0.518658 0.304311 0.377229
v 0.421919 0.249555 0.291869
v 0.368408 0.190174 0.203742
v 0.346938 0.144976 0.104107
v 0.363710 0.090153 -0.002351
v 0.427893 0.056541 -0.100651
v 0.522035 0.037431 -0.168916
v 0.604620 0.015667 -0.173113
v 0.692130 0.022707 -0.158538
v 0.795474 0.054858 -0.088424
v 0.854742 0.090313 -0.014142
v 0.905275 0.144214 0.081955
v 0.928286 0.222689 0.181269
v 0.835023 0.311657 0.316480
v 0.759633 0.316757 0.377229
v 0.620206 0.314263 0.410641
v 0.405545 -0.008281 0.511749
v 0.474736 -0.052279 0.143403
v 0.498418 -0.059531 0.064957
v 0.526904 -0.061900 -0.004659
v 0.451386 -0.021155 0.298631
v 0.326128 0.135393 0.392940
v 0.431601 -0.002174 0.398498
v 0.351777 0.206848 0.503384
v 0.488541 0.270825 0.550218
v 0.611377 0.280954 0.565066
v 0.781414 0.285597 0.544962
v 0.866184 0.288357 0.512073
v 1.016686 0.223958 0.420862
v 1.002044 0.066020 0.415295
v 0.883855 -0.017338 0.437017
v 0.938721 0.050663 0.293346
v 0.830985 0.000212 0.330048
v 0.798524 -0.025508 0.232881
v 0.890969 0.027474 0.211365
v 0.770611 -0.059557 0.113213
v 0.736186 -0.064408 0.040785
v 0.698590 -0.063217 -0.020421
v 0.610363 -0.073652 0.010187
v 0.616775 -0.077702 0.069209
v 0.625346 -0.074933 0.141809
v 0.638206 -0.047720 0.266786
v 0.645229 -0.027953 0.363479
v 0.653189 -0.049592 0.480640
v 0.472394 0.247493 0.663067
v 0.343788 0.195172 0.653198
v 0.593545 0.259016 0.673207
v 0.791683 0.265055 0.661931
v 0.891969 0.268823 0.635651
v 1.018806 0.253841 0.591668
v 1.063447 0.081589 0.559190
v 0.949371 -0.035911 0.573865
v 0.662278 -0.081560 0.617813
v 0.384017 -0.007634 0.642590
v 0.312553 0.077163 0.648273
v 0.319450 0.067252 0.520563
v 0.339263 0.045735 0.399474
v 0.362392 0.025533 0.289632
v 0.406994 -0.006174 0.138712
v 0.442733 -0.027297 0.048039
v 0.485380 -0.037542 -0.028294
v 0.564696 -0.015309 -0.133917
v 0.560223 0.025303 -0.174303
v 0.555046 0.114777 -0.214594
v 0.581987 0.237138 -0.189018
v 0.596529 0.330592 -0.193418
v 0.608106 0.458494 -0.226706
v 0.618874 0.620023 -0.256174
v 0.626630 0.810495 -0.283752
v 0.630072 1.009102 -0.305422
v 0.623315 1.212987 -0.310514
v 0.611687 1.416952 -0.279223
v 0.596037 1.615079 -0.227430
v 0.578873 1.814603 -0.181514
v 0.566847 2.013237 -0.167920
v 0.552632 2.210951 -0.209346
v 0.540897 2.399972 -0.286829
v 0.530178 2.585951 -0.349051
v 0.519802 2.745904 -0.399780
v 0.506954 2.877953 -0.443045
v 0.490420 2.990818 -0.467394
v 0.473882 3.077469 -0.545945
v 0.445579 3.181069 -0.635605
v 0.393123 3.297856 -0.672076
v 0.361491 3.367948 -0.681300
v 0.341704 3.495087 -0.671618
v 0.356700 3.633749 -0.637562
v 0.379088 3.860199 -0.534504
v 0.380562 3.955197 -0.490069
v 0.382311 4.077061 -0.456834
v 0.381753 4.218096 -0.436039
v 0.379947 4.379409 -0.430793
v 0.374964 4.548101 -0.423377
v 0.363662 4.706412 -0.406227
v 0.361642 4.831344 -0.403998
v 0.355140 4.937536 -0.411818
v 0.344643 5.095380 -0.426467
v 0.341777 5.187953 -0.435955
v 0.333469 5.279973 -0.445238
v 0.317019 5.428563 -0.446439
v 0.307793 5.498451 -0.439702
v 0.291132 5.617726 -0.416489
v 0.280873 5.689116 -0.395062
v 0.271101 5.770077 -0.358791
v 0.269521 5.899640 -0.378982
v 0.298652 6.013514 -0.452495
v 0.348433 6.169250 -0.545085
v 0.422130 6.354938 -0.656293
v 0.500037 6.583428 -0.758612
v 0.558686 6.870267 -0.801058
v 0.588916 7.187504 -0.747333
v 0.574908 7.487987 -0.590664
v 0.524131 7.708201 -0.360668
v 0.542150 7.779981 -0.096470
v 0.564868 7.773540 0.033225
v 0.600103 7.740696 0.135229
v 0.674404 7.620471 0.329959
v 0.699974 7.522644 0.448251
v 0.687753 7.443288 0.554565
v 0.665388 7.385782 0.628638
v 0.642892 7.341790 0.657559
v 0.600047 7.294123 0.656734
v 0.434048 0.168954 1.140479
v 0.508270 0.164826 1.135894
v 0.356080 0.143430 1.119475
v 0.338588 0.059770 1.144305
v 0.542358 0.090940 1.160403
v 0.540401 0.006986 1.151124
v 0.470173 -0.029452 1.153756
v 0.374251 -0.019842 1.125630
v 0.577313 0.227489 0.992277
v 0.439938 0.250003 0.950913
v 0.326402 0.178431 0.939276
v 0.302244 0.045833 0.953936
v 0.368714 -0.043491 0.965006
v 0.479639 -0.070360 0.980970
v 0.582223 -0.027801 1.005190
v 0.604066 0.086333 1.060004
v 0.534982 0.196579 1.084887
v 0.431095 0.218059 1.058041
v 0.336745 0.164177 1.039732
v 0.308399 0.053378 1.043519
v 0.371442 -0.038895 1.047442
v 0.476389 -0.058375 1.072283
v 0.567048 -0.022663 1.076006
v 0.581453 0.087492 1.109015
v 0.441870 0.077509 1.199870
v 0.796556 0.202132 0.988460
v 0.710160 0.242916 0.996126
v 0.720818 0.151786 1.120604
v 0.784279 0.127344 1.124884
v 0.632289 0.198131 0.994604
v 0.675155 0.135653 1.124022
v 0.802575 0.067031 1.140681
v 0.824293 0.079668 1.079250
v 0.612285 0.083793 1.057008
v 0.665942 0.042410 1.154955
v 0.631049 0.002873 1.037178
v 0.686830 0.001073 1.131897
v 0.789501 0.005615 1.110476
v 0.807679 -0.013205 1.033645
v 0.717254 -0.039406 1.016940
v 0.740569 -0.009274 1.124130
v 0.733653 0.055407 1.171973
v 0.795094 0.172598 1.059192
v 0.714031 0.204898 1.061319
v 0.650131 0.168968 1.069855
v 0.623546 0.077549 1.102244
v 0.657588 -0.004643 1.085210
v 0.732957 -0.026016 1.080571
v 0.801627 0.000091 1.069381
v 0.822115 0.075351 1.097563
v 0.936038 0.120327 1.105039
v 0.977115 0.108038 1.083351
v 0.980402 0.188035 0.930479
v 0.905610 0.239585 0.943080
v 0.827762 0.187585 0.977961
v 0.902308 0.109337 1.115445
v 0.828354 0.076140 1.054912
v 0.887645 0.064532 1.122475
v 0.837791 0.001240 1.026700
v 0.897869 0.022905 1.108900
v 0.986098 0.078020 1.078242
v 0.999228 0.084786 0.995810
v 0.903468 -0.036043 0.980679
v 0.933448 0.011176 1.090340
v 0.972366 0.027120 1.068792
v 0.983719 0.007311 0.963078
v 0.946121 0.063328 1.115929
v 0.922680 0.186011 1.043076
v 0.976771 0.174753 1.002637
v 0.998981 0.080785 1.029534
v 0.980585 0.015567 1.011586
v 0.917740 -0.021917 1.036272
v 0.859843 0.012185 1.057473
v 0.844547 0.081017 1.073273
v 0.853881 0.155272 1.057228
v 1.134200 0.140659 0.878168
v 1.070328 0.207284 0.897827
v 1.082533 0.125475 1.007053
v 1.114196 0.109449 0.992766
v 1.044723 0.114118 1.006707
v 0.999164 0.172813 0.929797
v 1.124844 0.069859 0.975725
v 1.138060 0.069473 0.875309
v 1.005967 0.072845 0.988367
v 1.043292 0.072114 1.011922
v 1.010834 0.012925 0.955927
v 1.050696 0.034096 1.002649
v 1.064682 -0.009131 0.933545
v 1.081000 0.029190 0.996941
v 1.109835 0.037618 0.974842
v 1.114433 0.021806 0.921984
v 1.089566 0.074532 1.016862
v 1.127089 0.143497 0.930862
v 1.071711 0.187877 0.938150
v 1.006753 0.150256 0.960380
v 1.012017 0.074366 0.992338
v 1.021846 0.018543 0.971479
v 1.071436 0.000499 0.956435
v 1.114226 0.024983 0.935183
v 1.138909 0.078114 0.923476
v 0.917435 0.211976 1.003378
v 0.977557 0.181401 0.980705
v 0.998796 0.084544 1.015642
v 0.980438 0.012622 0.990789
v 0.911770 -0.026819 1.015479
v 0.848585 0.009709 1.039733
v 0.835485 0.085544 1.055241
v 0.838235 0.168457 1.020775
v 0.363453 -0.037157 0.875078
v 0.479277 -0.065945 0.888769
v 0.595284 -0.047891 0.924618
v 0.697855 -0.057724 0.908700
v 0.799534 -0.053621 0.926129
v 0.881560 -0.055871 0.884678
v 0.973424 -0.038217 0.881144
v 1.035449 -0.029035 0.845306
v 1.098673 0.005416 0.843232
v 0.358842 -0.022620 0.788217
v 0.476167 -0.060180 0.770644
v 0.583097 -0.066242 0.770941
v 0.678809 -0.070898 0.765240
v 0.766786 -0.069339 0.762373
v 0.847560 -0.067474 0.747210
v 0.926902 -0.058339 0.733910
v 0.998270 -0.033269 0.721894
v 1.055831 0.011039 0.715968
v 1.129200 0.058354 0.833416
v 1.095502 0.072126 0.726753
v 0.299709 0.049644 0.875981
v 0.302540 0.058443 0.786795
v 0.560520 0.252662 0.877325
v 0.442211 0.256909 0.859910
v 0.321734 0.180925 0.854150
v 0.701641 0.265335 0.889601
v 0.633713 0.235765 0.884886
v 0.780342 0.247635 0.898959
v 0.891896 0.255103 0.860507
v 0.825797 0.240816 0.887774
v 0.962708 0.240344 0.855858
v 1.066141 0.223494 0.828344
v 1.004676 0.232577 0.849371
v 1.124239 0.152688 0.820496
v 0.606370 0.075589 1.056782
v 0.604808 -0.005428 1.000656
v 0.824366 0.003182 1.033219
v 0.826155 0.076678 1.065785
v 0.996647 0.016160 0.955523
v 1.000909 0.081653 0.991342
v 0.806145 0.192523 0.968635
v 0.802630 0.232513 0.909071
v 0.610977 0.199167 0.973136
v 0.600186 0.233912 0.875284
v 0.984549 0.182569 0.921219
v 0.985591 0.234862 0.849906
v 0.322224 0.180511 0.771668
v 0.456008 0.250092 0.769451
v 0.589016 0.244799 0.797581
v 0.795956 0.252550 0.800335
v 0.972472 0.248440 0.775448
v 0.696326 0.256965 0.788822
v 0.887840 0.255250 0.768224
v 1.044518 0.232853 0.732628
v 1.104198 0.158556 0.730018
v 0.696372 0.263191 0.669353
v 0.960041 0.260902 0.669111
v 1.075315 0.170457 0.562035
v 1.013283 0.008077 0.565562
v 0.881844 -0.060246 0.586023
v 0.811513 -0.073266 0.600739
v 0.739616 -0.081501 0.612308
v 0.580647 -0.073449 0.621109
v 0.486200 -0.057727 0.629041
v 0.502873 -0.037745 0.500528
v 0.519887 -0.020556 0.388164
v 0.530161 -0.037041 0.293243
v 0.540333 -0.068497 0.146384
v 0.551547 -0.072248 0.072449
v 0.567795 -0.070252 0.007011
v 0.643127 -0.048935 -0.088621
v 0.702262 -0.020303 -0.110034
v 0.727096 0.034610 -0.145098
v 0.740327 0.128947 -0.158691
v 0.730182 0.228760 -0.139451
v 0.742526 0.344679 -0.143679
v 0.760966 0.479426 -0.154566
v 0.782877 0.640275 -0.169199
v 0.812205 0.819156 -0.190417
v 0.840467 1.012953 -0.209729
v 0.849571 1.214142 -0.212453
v 0.842112 1.418216 -0.206401
v 0.816178 1.621149 -0.183399
v 0.784126 1.821834 -0.152124
v 0.766780 2.027949 -0.143251
v 0.780469 2.229656 -0.184822
v 0.805897 2.436975 -0.237686
v 0.817689 2.656255 -0.265389
v 0.818759 2.867960 -0.281953
v 0.804252 3.054981 -0.288895
v 0.798517 3.221732 -0.295870
v 0.777002 3.355790 -0.347341
v 0.729684 3.458002 -0.419971
v 0.666812 3.543482 -0.476282
v 0.522479 3.656140 -0.553705
v 0.446206 3.687835 -0.582683
v 0.369238 3.706216 -0.608258
v 0.297840 3.715376 -0.626978
v 0.067584 3.695184 -0.636229
v 0.000000 3.696918 -0.625566
v 0.771173 -0.045671 0.466177
v 0.736580 -0.021067 0.350291
v 0.717452 -0.046653 0.253066
v 0.690733 -0.074517 0.129250
v 0.669891 -0.076336 0.062291
v 0.647665 -0.072790 0.005534
v 0.601843 -0.061954 -0.054161
v 0.570845 -0.051981 -0.076797
v 0.534335 -0.032902 -0.092303
v 0.501824 -0.009709 -0.102613
v 0.474787 0.039965 -0.137721
v 0.455847 0.146616 -0.175072
v 0.488005 0.258389 -0.147222
v 0.509412 0.339318 -0.151196
v 0.501321 0.462470 -0.185777
v 0.499060 0.622764 -0.212157
v 0.495429 0.808204 -0.229895
v 0.478991 1.000868 -0.248412
v 0.454538 1.202673 -0.258873
v 0.445427 1.409373 -0.229851
v 0.447032 1.610034 -0.180930
v 0.446304 1.809623 -0.140031
v 0.434831 2.007996 -0.128570
v 0.404013 2.207188 -0.162626
v 0.363427 2.395257 -0.223074
v 0.330685 2.561007 -0.275365
v 0.309054 2.702001 -0.319494
v 0.296434 2.816587 -0.354473
v 0.286598 2.911169 -0.387577
v 0.258048 3.006849 -0.471969
v 0.227320 3.075449 -0.609586
v 0.219251 3.219254 -0.692769
v 0.206837 3.317937 -0.705869
v 0.185841 3.478359 -0.698806
v 0.180436 3.636871 -0.671081
v 0.182648 3.712759 -0.644529
v 0.187393 3.855204 -0.561922
v 0.188641 3.943078 -0.516227
v 0.189609 4.054835 -0.474335
v 0.190107 4.190984 -0.439537
v 0.189559 4.349423 -0.427304
v 0.186794 4.515719 -0.423207
v 0.183556 4.667178 -0.405528
v 0.181119 4.800890 -0.399740
v 0.176994 4.906768 -0.407589
v 0.172630 5.077669 -0.426670
v 0.169758 5.168019 -0.437891
v 0.166800 5.258074 -0.448214
v 0.160621 5.411856 -0.451426
v 0.156795 5.479373 -0.444863
v 0.150859 5.602173 -0.423262
v 0.149078 5.673340 -0.404513
v 0.148232 5.755315 -0.375069
v 0.148086 5.883941 -0.398513
v 0.160357 6.002518 -0.484344
v 0.185695 6.173428 -0.607023
v 0.223264 6.370566 -0.756559
v 0.261312 6.625330 -0.883890
v 0.286244 6.935513 -0.933612
v 0.298715 7.315227 -0.856632
v 0.277256 7.653265 -0.628616
v 0.273134 7.841074 -0.334672
v 0.325042 7.891729 -0.046934
v 0.357218 7.876447 0.131580
v 0.379532 7.833180 0.295289
v 0.421515 7.706232 0.522082
v 0.448038 7.623684 0.609712
v 0.475460 7.539767 0.675113
v 0.502203 7.471082 0.725546
v 0.508972 7.412206 0.742611
v 0.489468 7.351859 0.722225
v 0.590737 -0.045521 0.484822
v 0.596886 -0.026563 0.369391
v 0.595839 -0.044659 0.277439
v 0.590329 -0.073093 0.147157
v 0.590205 -0.076533 0.071471
v 0.594613 -0.073164 0.012777
v 0.625443 -0.067021 -0.033103
v 0.668450 -0.056984 -0.059310
v 0.720699 -0.019578 -0.099162
v 0.755874 0.041146 -0.124730
v 0.768770 0.136127 -0.131376
v 0.756713 0.236899 -0.112013
v 0.767551 0.348962 -0.115189
v 0.785267 0.484424 -0.121099
v 0.807983 0.644654 -0.129630
v 0.837978 0.820719 -0.143854
v 0.872465 1.010508 -0.158413
v 0.887491 1.210226 -0.159865
v 0.886790 1.414537 -0.158003
v 0.861861 1.620152 -0.146443
v 0.824629 1.823233 -0.124997
v 0.803662 2.029879 -0.121148
v 0.822658 2.232404 -0.159182
v 0.852025 2.445299 -0.197081
v 0.855363 2.666066 -0.222597
v 0.849121 2.879050 -0.234463
v 0.831240 3.079134 -0.238794
v 0.826841 3.251395 -0.241848
v 0.814746 3.409004 -0.286556
v 0.770548 3.517407 -0.360378
v 0.706177 3.621288 -0.413724
v 0.541146 3.734829 -0.506851
v 0.459660 3.763111 -0.543209
v 0.376864 3.781511 -0.574208
v 0.302123 3.789258 -0.593656
v 0.185230 3.783793 -0.606608
v 0.071717 3.757018 -0.606680
v 0.000000 3.739249 -0.607480
v 0.827967 -0.036216 0.453025
v 0.781425 -0.013505 0.340225
v 0.754648 -0.040688 0.242555
v 0.727068 -0.070482 0.122693
v 0.700547 -0.072194 0.054011
v 0.671282 -0.069591 -0.004353
v 0.645660 -0.063745 -0.043668
v 0.620707 -0.056938 -0.071145
v 0.588633 -0.044730 -0.097574
v 0.550496 -0.027383 -0.111315
v 0.518373 -0.010543 -0.115287
v 0.494882 0.041223 -0.155179
v 0.479368 0.141869 -0.189875
v 0.508145 0.254533 -0.160794
v 0.527487 0.337698 -0.165763
v 0.524818 0.460549 -0.202009
v 0.524999 0.622511 -0.229634
v 0.523282 0.809225 -0.249250
v 0.513424 1.002528 -0.269862
v 0.497218 1.205072 -0.281486
v 0.489144 1.412025 -0.251270
v 0.486594 1.611772 -0.200011
v 0.482026 1.810478 -0.156670
v 0.473231 2.010128 -0.145676
v 0.447874 2.208584 -0.183201
v 0.412019 2.400403 -0.252489
v 0.386737 2.574578 -0.314100
v 0.367783 2.713564 -0.361689
v 0.351730 2.828148 -0.397514
v 0.342051 2.920838 -0.421441
v 0.318660 3.014796 -0.506595
v 0.296251 3.091657 -0.629163
v 0.272218 3.231526 -0.690259
v 0.257306 3.327246 -0.700919
v 0.237789 3.486483 -0.691964
v 0.232697 3.641839 -0.664287
v 0.236446 3.717224 -0.638494
v 0.237803 3.789380 -0.603124
v 0.239302 3.859993 -0.558473
v 0.243661 3.951730 -0.511008
v 0.246228 4.063815 -0.470953
v 0.247421 4.199012 -0.439406
v 0.246369 4.358056 -0.429059
v 0.242003 4.521867 -0.423620
v 0.238284 4.673699 -0.406227
v 0.235708 4.803249 -0.400675
v 0.232210 4.911203 -0.408546
v 0.223170 5.085822 -0.427523
v 0.220706 5.174881 -0.438164
v 0.216693 5.266266 -0.448185
v 0.207715 5.414256 -0.451139
v 0.201565 5.484352 -0.444316
v 0.192127 5.601908 -0.423246
v 0.187114 5.673086 -0.403981
v 0.182506 5.757552 -0.372826
v 0.180171 5.885203 -0.393939
v 0.197413 6.006812 -0.479616
v 0.230367 6.168420 -0.590426
v 0.284769 6.365286 -0.731808
v 0.335755 6.614408 -0.855097
v 0.375831 6.927584 -0.901829
v 0.387825 7.285683 -0.833350
v 0.358166 7.615660 -0.628860
v 0.331361 7.822667 -0.330933
v 0.393757 7.863317 -0.066940
v 0.425746 7.850487 0.097617
v 0.450684 7.812915 0.247441
v 0.487012 7.696708 0.474519
v 0.512130 7.614719 0.565814
v 0.532514 7.532921 0.636016
v 0.548726 7.463279 0.693013
v 0.547424 7.403948 0.716371
v 0.520029 7.346365 0.704124
v 0.460547 7.355576 0.742168
v 0.471348 7.415215 0.768345
v 0.449590 7.467470 0.765900
v 0.411516 7.530191 0.725804
v 0.379455 7.618074 0.662409
v 0.352554 7.707296 0.571491
v 0.314590 7.846751 0.331085
v 0.293886 7.893321 0.169514
v 0.265196 7.912454 -0.002626
v 0.204482 7.864041 -0.322626
v 0.203067 7.688498 -0.617074
v 0.215169 7.340877 -0.869740
v 0.206822 6.954864 -0.953764
v 0.187149 6.638655 -0.906934
v 0.160883 6.377370 -0.776914
v 0.135624 6.175937 -0.619915
v 0.120723 5.999100 -0.488385
v 0.112016 5.873604 -0.395259
v 0.106304 5.754865 -0.376116
v 0.103697 5.675287 -0.404148
v 0.104085 5.602081 -0.423063
v 0.107525 5.477081 -0.444872
v 0.110582 5.410868 -0.451117
v 0.113286 5.247108 -0.447638
v 0.114796 5.159413 -0.437123
v 0.115687 5.071316 -0.425756
v 0.119611 4.892651 -0.405735
v 0.122905 4.786105 -0.398678
v 0.126309 4.659178 -0.404792
v 0.130556 4.514476 -0.422387
v 0.130411 4.342513 -0.426334
v 0.130383 4.181341 -0.441166
v 0.132083 4.044737 -0.478221
v 0.134260 3.931437 -0.521220
v 0.133394 3.844151 -0.565532
v 0.129640 3.773247 -0.607514
v 0.125546 3.704398 -0.644434
v 0.123838 3.628256 -0.672788
v 0.131089 3.463959 -0.703286
v 0.156224 3.317415 -0.708477
v 0.154797 3.220656 -0.693288
v 0.149528 3.080691 -0.587459
v 0.188700 3.011178 -0.430803
v 0.222721 2.909768 -0.333977
v 0.238748 2.808469 -0.287941
v 0.249324 2.694507 -0.254481
v 0.270648 2.556789 -0.220105
v 0.308104 2.390578 -0.178803
v 0.354035 2.203052 -0.129348
v 0.390352 2.005859 -0.101505
v 0.409848 1.808815 -0.117203
v 0.407431 1.608676 -0.154674
v 0.402246 1.406927 -0.200490
v 0.402625 1.200660 -0.219962
v 0.436303 1.000864 -0.213190
v 0.470709 0.807589 -0.207647
v 0.476205 0.623395 -0.192129
v 0.480658 0.464921 -0.167211
v 0.493512 0.341494 -0.135225
v 0.469260 0.260819 -0.132280
v 0.434997 0.151034 -0.157744
v 0.456415 0.044199 -0.123361
v 0.484467 -0.006658 -0.089314
v 0.515043 -0.036188 -0.069451
v 0.553769 -0.057514 -0.052592
v 0.585480 -0.066070 -0.032565
v 0.608554 -0.069581 -0.018878
v 0.626005 -0.073387 0.005432
v 0.642642 -0.077821 0.067735
v 0.657711 -0.075591 0.135096
v 0.679457 -0.049524 0.257618
v 0.691472 -0.026580 0.354021
v 0.713539 -0.050491 0.477159
v 0.064848 3.527218 -0.685929
v 0.125267 3.545505 -0.691855
v 0.181053 3.557934 -0.688179
v 0.231202 3.564515 -0.681509
v 0.287593 3.566011 -0.671765
v 0.347374 3.562184 -0.658167
v 0.408383 3.549920 -0.641160
v 0.464871 3.525860 -0.623802
v 0.552393 3.421061 -0.597853
v 0.612979 3.326032 -0.557516
v 0.656194 3.215640 -0.498287
v 0.662965 3.097112 -0.434136
v 0.678967 2.955267 -0.407514
v 0.686186 2.797831 -0.376266
v 0.686454 2.620901 -0.335636
v 0.681955 2.420714 -0.286378
v 0.673378 2.217455 -0.211980
v 0.673656 2.020296 -0.168465
v 0.692644 1.818170 -0.180631
v 0.717966 1.618564 -0.222180
v 0.740068 1.420095 -0.263213
v 0.754494 1.217035 -0.284905
v 0.754868 1.013841 -0.281569
v 0.741188 0.815756 -0.258930
v 0.719279 0.630471 -0.228555
v 0.699668 0.466444 -0.204667
v 0.679706 0.332178 -0.183871
v 0.665790 0.218565 -0.181488
v 0.653418 0.095510 -0.205417
v 0.647426 0.012288 -0.166171
v 0.648434 -0.026922 -0.123177
v 0.672396 -0.038071 -0.097697
v 0.692131 -0.043664 -0.079181
v 0.728791 -0.048521 -0.044187
v 0.779376 -0.046741 0.022911
v 0.825114 -0.027065 0.110167
v 0.847743 0.000179 0.224898
v 0.885672 0.019125 0.315234
v 0.946767 0.012877 0.426671
v 1.032282 0.142596 0.409605
v 0.971689 0.101124 0.272859
v 0.889498 0.030273 0.167101
v 0.838147 -0.014057 0.171639
v 0.786920 -0.044690 0.179388
v 0.743734 -0.059095 0.188626
v 0.706407 -0.064350 0.193832
v 0.669411 -0.066088 0.198065
v 0.632522 -0.064697 0.206181
v 0.594806 -0.062268 0.212970
v 0.535460 -0.057244 0.218766
v 0.460562 -0.039506 0.220902
v 0.382271 0.011006 0.217212
v 0.341665 0.101575 0.206074
v 0.356026 0.170882 0.158658
v 0.373641 0.212885 0.123091
v 0.419770 0.268759 0.153278
v 0.455298 0.330021 0.134027
v 0.426231 0.461614 0.144767
v 0.400231 0.621741 0.153875
v 0.377249 0.797662 0.161126
v 0.346863 0.981711 0.172932
v 0.323024 1.173418 0.183667
v 0.308663 1.369662 0.192104
v 0.294134 1.570308 0.211160
v 0.271668 1.771347 0.232448
v 0.226405 1.968609 0.258436
v 0.165183 2.167347 0.277710
v 0.123067 2.374681 0.283295
v 0.100376 2.575696 0.276166
v 0.085591 2.736017 0.266392
v 0.076146 2.812487 0.264234
v 0.068631 2.859913 0.253857
v 0.047426 2.920182 0.232226
v 0.697329 0.283143 0.560773
v 0.695910 0.300836 0.474461
v 0.692063 0.315033 0.406643
v 0.687385 0.327881 0.349402
v 0.686373 0.359556 0.320342
v 0.691307 0.428639 0.344375
v 0.699620 0.592618 0.388225
v 0.705122 0.774590 0.414135
v 0.705527 0.957345 0.431902
v 0.702766 1.136798 0.449313
v 0.698783 1.310958 0.471021
v 0.688691 1.475549 0.492142
v 0.685936 1.613587 0.521625
v 0.681250 1.758277 0.546915
v 0.668318 1.909951 0.542918
v 0.646845 2.051983 0.527336
v 0.642691 2.228363 0.543703
v 0.633146 2.439866 0.560539
v 0.607413 2.646269 0.555244
v 0.580190 2.818882 0.540436
v 0.550815 2.960280 0.535965
v 0.542984 3.064392 0.594691
v 0.535572 3.162622 0.679499
v 0.500672 3.297348 0.767068
v 0.342706 3.399571 0.870854
v 0.173933 3.418039 0.923618
v 0.000000 3.426111 0.942436
v 0.884496 0.292775 0.265263
v 0.921664 0.284009 0.345179
v 0.940845 0.282440 0.461576
v 0.950371 0.275081 0.563977
v 0.074202 6.686518 1.747957
v 0.060277 6.612124 1.578300
v 0.059233 6.558727 1.446166
v 0.044489 6.518812 1.323569
v 0.039358 6.493933 1.207439
v 0.045880 6.496324 1.099390
v 0.073103 6.509330 1.028043
v 0.098032 6.473897 0.971344
v 0.092958 6.421566 0.943361
v 0.081751 6.384353 0.914059
v 0.079620 6.355855 0.860703
v 0.087344 6.328655 0.826042
v 0.092551 6.293818 0.815831
v 0.090934 6.240104 0.811017
v 0.091008 6.155851 0.785586
v 0.092486 6.038807 0.681044
v 0.086615 5.933117 0.514878
v 0.084514 5.875784 0.382418
v 0.084871 5.820130 0.300385
v 0.108117 5.741456 0.369344
v 0.103237 5.621015 0.448534
v 0.109400 5.511987 0.506270
v 0.136790 5.189979 0.641279
v 0.139002 5.046805 0.678058
v 0.136550 4.884781 0.712936
v 0.131506 4.725732 0.753361
v 0.139986 4.566567 0.802742
v 0.146886 4.382485 0.858496
v 0.134955 4.186513 0.911255
v 0.127108 3.975657 0.953942
v 0.117816 3.778735 0.973328
v 0.103381 3.548701 0.961270
v 0.084478 3.421442 0.937581
v 0.073340 3.319794 0.909751
v 0.081101 3.076289 0.779107
v 0.070061 2.954663 0.569602
v 0.029509 2.919459 0.366856
v 0.017127 2.941964 0.221693
v 0.017719 2.973381 0.082712
v 0.033272 3.006327 -0.134814
v 0.047699 3.071112 -0.364287
v 0.025450 3.189600 -0.577441
v 0.033735 3.325413 -0.666366
v 0.090357 3.374774 -0.702985
v 0.143332 3.389959 -0.708089
v 0.195016 3.399858 -0.704858
v 0.246304 3.408839 -0.699098
v 0.297460 3.419578 -0.690665
v 0.346551 3.431364 -0.679597
v 0.394457 3.440134 -0.665860
v 0.450021 3.440593 -0.646677
v 0.508769 3.482351 -0.612064
v 0.557273 3.540416 -0.568567
v 0.595947 3.609217 -0.519932
v 0.624125 3.691234 -0.466690
v 0.638789 3.792593 -0.411198
v 0.632599 3.928280 -0.376366
v 0.622843 4.080421 -0.356993
v 0.624676 4.261539 -0.358873
v 0.639718 4.465865 -0.375129
v 0.638635 4.642282 -0.376429
v 0.637051 4.778740 -0.375802
v 0.630962 4.883906 -0.380826
v 0.620607 4.972351 -0.387667
v 0.605964 5.119902 -0.399880
v 0.595431 5.212874 -0.407640
v 0.582126 5.311655 -0.413318
v 0.556121 5.473951 -0.407952
v 0.541540 5.549007 -0.395353
v 0.503955 5.672808 -0.356203
v 0.476686 5.736754 -0.324233
v 0.437591 5.792449 -0.288073
v 0.383136 5.859254 -0.229162
v 0.458796 5.971690 -0.298161
v 0.542739 6.123988 -0.367306
v 0.630808 6.295801 -0.438638
v 0.714073 6.496645 -0.511771
v 0.774960 6.738471 -0.570879
v 0.825147 7.002630 -0.537448
v 0.831540 7.252967 -0.439713
v 0.808384 7.464318 -0.258893
v 0.764461 7.590194 -0.036457
v 0.715158 7.641370 0.114847
v 0.638975 7.690462 0.227038
v 0.546703 7.733449 0.316032
v 0.465548 7.760744 0.375432
v 0.396159 7.776570 0.420728
v 0.330362 7.783720 0.463683
v 0.264869 7.782748 0.507717
v 0.200233 7.775913 0.548837
v 0.068992 7.755518 0.610674
v 0.000000 6.761391 1.980483
v 0.072266 6.770305 1.919331
v 0.122784 6.803165 1.757614
v 0.117758 6.858893 1.575584
v 0.100889 6.907682 1.394758
v 0.092262 6.975215 1.222232
v 0.102474 7.069138 1.068150
v 0.140597 7.206278 0.978751
v 0.158414 7.379780 0.911816
v 0.154816 7.532708 0.820530
v 0.144290 7.662645 0.709019
v 0.135573 7.767869 0.581107
v 0.128713 7.852910 0.431034
v 0.120716 7.917404 0.240673
v 0.112048 7.942294 0.010541
v 0.161219 7.925508 -0.116275
v 0.232005 7.901862 -0.169239
v 0.295889 7.876331 -0.203652
v 0.356758 7.850962 -0.217853
v 0.434147 7.813691 -0.226758
v 0.523138 7.761870 -0.230405
v 0.617405 7.696716 -0.219033
v 0.741534 7.589520 -0.172742
v 0.790839 7.534849 -0.149913
v 0.843046 7.465741 -0.121511
v 0.902144 7.365282 -0.084872
v 0.945765 7.261671 -0.055718
v 1.000901 7.193514 0.002492
v 1.076970 7.241762 -0.032023
v 1.157858 7.309894 -0.083579
v 1.242508 7.383413 -0.128353
v 1.315702 7.433629 -0.167426
v 1.410960 7.502023 -0.211498
v 1.502048 7.555166 -0.255723
v 1.588205 7.603821 -0.295354
v 1.666089 7.646336 -0.332279
v 1.736921 7.678914 -0.378648
v 1.790263 7.706061 -0.408143
v 1.826285 7.725027 -0.424856
v 1.856469 7.735398 -0.431059
v 0.076637 6.811448 1.952514
v 0.000000 6.845261 2.043216
v 2.479540 3.408616 1.046974
v 2.401819 3.401377 1.032933
v 2.443401 3.333932 1.099336
v 2.500733 3.357456 1.108482
v 2.572095 3.331659 1.083567
v 2.559024 3.375378 1.020839
v 2.378248 3.332413 1.006405
v 2.413650 3.281427 1.077107
v 2.421399 3.226386 1.050838
v 2.397808 3.270485 0.980807
v 2.557060 3.287348 0.981409
v 2.568662 3.261755 1.045478
v 2.465373 3.193332 1.029984
v 2.449704 3.223377 0.965232
v 2.511605 3.244425 0.967040
v 2.531994 3.202778 1.017449
v 2.472029 3.281050 1.171967
v 2.527804 3.301620 1.175557
v 2.595333 3.278201 1.147708
v 2.445239 3.181827 1.120651
v 2.439348 3.230953 1.149849
v 2.483987 3.150073 1.091918
v 2.545944 3.161111 1.082428
v 2.604112 3.203842 1.101490
v 2.565394 3.088130 1.132851
v 2.494561 3.094929 1.151262
v 2.450229 3.126724 1.187644
v 2.625877 3.139606 1.165601
v 2.609994 3.210308 1.216850
v 2.499329 3.225635 1.246811
v 2.555411 3.232082 1.236803
v 2.449674 3.179182 1.224306
v 2.568899 3.164493 1.274214
v 2.606127 3.149462 1.260300
v 2.531159 3.161554 1.291740
v 2.484206 3.125316 1.286660
v 2.480862 3.077549 1.262599
v 2.519038 3.040829 1.227162
v 2.577019 3.047761 1.215265
v 2.618687 3.086462 1.227823
v 2.548917 3.113461 1.317370
v 2.579728 3.114881 1.302962
v 2.607628 3.111172 1.286678
v 2.520629 3.090293 1.312176
v 2.517983 3.060259 1.293806
v 2.537339 3.038680 1.269648
v 2.576091 3.041868 1.259359
v 2.606636 3.069871 1.272036
v 2.575755 3.060622 1.310427
v 2.635404 3.387689 1.021979
v 2.709393 3.417498 1.003376
v 2.764247 3.387829 0.950488
v 2.717947 3.318987 1.091697
v 2.786185 3.353379 1.065307
v 2.816719 3.321755 1.012458
v 2.701168 3.271969 1.089962
v 2.618327 3.318124 1.017648
v 2.697005 3.216477 1.062077
v 2.594936 3.261418 0.968426
v 2.642849 3.234103 0.922615
v 2.725192 3.208733 1.013281
v 2.769199 3.216198 0.984108
v 2.715950 3.259755 0.893734
v 2.802559 3.257642 0.976602
v 2.772547 3.305623 0.941032
v 2.851895 3.280040 1.121179
v 2.878129 3.252113 1.072606
v 2.786273 3.249767 1.153093
v 2.761769 3.212119 1.152988
v 2.747656 3.152657 1.117474
v 2.781675 3.144624 1.075224
v 2.826609 3.150216 1.039719
v 2.867163 3.173718 1.031962
v 2.868242 3.083711 1.088634
v 2.824422 3.081529 1.124906
v 2.802154 3.095152 1.177208
v 2.910779 3.106994 1.082234
v 2.929084 3.180176 1.129404
v 2.902947 3.202430 1.175697
v 2.845526 3.181884 1.202671
v 2.815671 3.142404 1.201815
v 2.928993 3.117171 1.207391
v 2.958135 3.105496 1.172267
v 2.894755 3.114748 1.233778
v 2.859297 3.086546 1.241594
v 2.846657 3.052393 1.216296
v 2.860146 3.021717 1.173978
v 2.916176 3.024621 1.136097
v 2.955044 3.053978 1.138708
v 2.941477 2.998858 1.186968
v 2.910209 2.997949 1.211355
v 2.966070 3.025469 1.172725
v 2.887055 3.020281 1.230908
v 2.900814 3.040427 1.253637
v 2.915174 3.062843 1.249140
v 2.942505 3.066890 1.227313
v 2.970288 3.060597 1.195531
v 2.948960 3.013195 1.232130
v 2.906667 3.326389 0.961763
v 2.956245 3.319357 0.896081
v 2.887415 3.388242 0.825663
v 2.848141 3.410027 0.898333
v 2.870807 3.279043 0.977963
v 2.788732 3.388124 0.916339
v 2.963109 3.267704 0.867828
v 2.896795 3.339571 0.804658
v 2.787308 3.295454 0.932059
v 2.868218 3.211148 0.986995
v 2.867549 3.178437 0.931603
v 2.764601 3.246590 0.873126
v 2.961773 3.206990 0.864458
v 2.842118 3.265620 0.764437
v 2.810603 3.227173 0.810672
v 2.898267 3.191759 0.886369
v 2.965842 3.258667 1.014015
v 3.016145 3.259165 0.953255
v 2.929889 3.214268 1.027781
v 3.018499 3.215127 0.913204
v 2.997492 3.163832 0.908380
v 2.961778 3.136012 0.938129
v 2.928396 3.123328 0.977245
v 2.919801 3.162234 1.022508
v 3.062750 3.197116 1.002594
v 3.020102 3.193092 1.050486
v 3.065550 3.160407 0.953261
v 2.985000 3.156135 1.061525
v 2.978188 3.110337 1.057783
v 2.967866 3.083535 1.009028
v 2.998869 3.093997 0.967465
v 3.038974 3.119273 0.946216
v 3.082237 3.130900 1.037823
v 3.055137 3.128132 1.063933
v 3.026871 3.109218 1.081272
v 3.015349 3.078292 1.082780
v 3.000408 3.051206 1.050132
v 3.036080 3.044175 0.982563
v 3.080393 3.077760 0.975011
v 3.100101 3.110385 0.989542
v 3.099549 3.079814 1.061382
v 3.079941 3.081992 1.076934
v 3.056633 3.074458 1.090371
v 3.049415 3.048704 1.087521
v 3.042280 3.028645 1.069052
v 3.079656 3.018373 1.046554
v 3.106239 3.044454 1.019739
v 3.116024 3.067571 1.028166
v 3.094793 3.043444 1.073098
v 2.942808 3.418691 0.742441
v 2.914089 3.390774 0.786650
v 2.994256 3.338152 0.815377
v 3.021509 3.365745 0.785177
v 2.958054 3.412418 0.682615
v 3.034756 3.346268 0.733284
v 2.951938 3.370105 0.649377
v 3.027063 3.304023 0.700129
v 2.980070 3.294931 0.818810
v 2.918701 3.318828 0.796533
v 2.852653 3.264349 0.721366
v 2.960760 3.245572 0.778162
v 2.920058 3.301430 0.622203
v 3.007297 3.256570 0.691897
v 2.975274 3.243426 0.729020
v 2.888831 3.264946 0.668879
v 3.089329 3.312341 0.822244
v 3.101933 3.292154 0.773604
v 3.058285 3.289618 0.849700
v 3.095290 3.245448 0.739805
v 3.037891 3.243140 0.846423
v 3.029862 3.202433 0.814321
v 3.047466 3.203079 0.772989
v 3.070215 3.210075 0.738308
v 3.151125 3.251245 0.854876
v 3.162889 3.244478 0.811522
v 3.114486 3.231186 0.880134
v 3.095107 3.192330 0.878424
v 3.157249 3.210200 0.775376
v 3.129744 3.161323 0.759874
v 3.095760 3.146600 0.796843
v 3.079216 3.150481 0.852078
v 3.182134 3.122386 0.790422
v 3.146143 3.094365 0.821317
v 3.128744 3.115429 0.879869
v 3.213061 3.164764 0.804177
v 3.205784 3.183572 0.838921
v 3.185640 3.188477 0.869941
v 3.163135 3.173021 0.899313
v 3.142692 3.145655 0.907381
v 3.191557 3.139481 0.908630
v 3.210139 3.144203 0.882897
v 3.227196 3.144648 0.857795
v 3.226497 3.130275 0.826177
v 3.204396 3.101694 0.828828
v 3.191520 3.089826 0.853097
v 3.174411 3.101006 0.888717
v 3.182501 3.118779 0.909244
v 3.214510 3.110055 0.879354
v 3.015094 3.407842 0.640694
v 3.030281 3.436261 0.603113
v 2.965933 3.466593 0.584109
v 2.945496 3.424372 0.623771
v 2.972159 3.454304 0.534701
v 3.029415 3.427969 0.554079
v 2.965981 3.422723 0.506170
v 3.025022 3.399106 0.529196
v 2.939842 3.387516 0.619454
v 3.004602 3.362984 0.638468
v 2.928324 3.355030 0.590060
v 2.999357 3.330609 0.611718
v 3.008120 3.354747 0.536190
v 2.946542 3.378686 0.500045
v 2.915886 3.347876 0.542598
v 2.994245 3.333668 0.566669
v 3.074896 3.373521 0.651186
v 3.091326 3.398129 0.621422
v 3.086249 3.390600 0.577329
v 3.085059 3.363609 0.554664
v 3.067419 3.329624 0.565904
v 3.058635 3.310649 0.590764
v 3.054930 3.298546 0.627738
v 3.063675 3.330205 0.654184
v 3.116733 3.283918 0.572094
v 3.103924 3.261661 0.595048
v 3.099779 3.255531 0.645539
v 3.145270 3.323130 0.579845
v 3.154428 3.342353 0.607775
v 3.133702 3.329364 0.665545
v 3.148705 3.350372 0.640191
v 3.124023 3.292337 0.671127
v 3.157373 3.216352 0.612344
v 3.147598 3.224870 0.650822
v 3.179851 3.242818 0.587679
v 3.192325 3.278624 0.599592
v 3.198175 3.291528 0.628165
v 3.193144 3.289150 0.650776
v 3.184429 3.280121 0.671154
v 3.171275 3.258606 0.680323
v 3.207312 3.236944 0.673114
v 3.221298 3.246519 0.656838
v 3.223865 3.253954 0.638345
v 3.221189 3.244574 0.622324
v 3.207491 3.222272 0.623556
v 3.198457 3.215052 0.637535
v 3.195374 3.215776 0.658509
v 3.200442 3.228672 0.671513
v 3.221676 3.226260 0.649887
v 2.736751 3.507116 0.403451
v 2.671408 3.457092 0.448680
v 2.638202 3.443865 0.489898
v 2.602718 3.435315 0.531878
v 2.535804 3.418168 0.599643
v 2.502009 3.405699 0.629783
v 2.456928 3.393875 0.656484
v 2.410234 3.383460 0.684683
v 2.331145 3.383714 0.776802
v 2.807567 3.590761 0.456247
v 2.774047 3.542394 0.410543
v 2.671387 3.612993 0.743814
v 2.709716 3.622587 0.691476
v 2.743321 3.630122 0.639991
v 2.775669 3.633284 0.582706
v 2.800755 3.623651 0.519625
v 2.504200 3.586930 0.870346
v 2.428998 3.554355 0.897325
v 2.347032 3.505314 0.908078
v 2.307823 3.427437 0.857726
v 2.371014 3.317308 0.884818
v 2.345208 3.379692 0.930286
v 2.377654 3.451664 0.969527
v 2.460676 3.479013 0.964901
v 2.430688 3.286244 0.872174
v 2.545034 3.493463 0.945221
v 2.489359 3.282099 0.872500
v 2.548277 3.269572 0.872548
v 2.460186 3.314353 0.769729
v 2.504797 3.313555 0.747136
v 2.554288 3.318072 0.721866
v 2.603575 3.326485 0.689031
v 2.689679 3.342851 0.599681
v 2.729116 3.355996 0.547635
v 2.768067 3.377085 0.498759
v 2.816508 3.408465 0.458115
v 2.851133 3.447520 0.448388
v 2.881557 3.514991 0.480782
v 2.885461 3.545865 0.546034
v 2.863672 3.545728 0.624727
v 2.744098 3.518962 0.805670
v 2.788560 3.529898 0.744972
v 2.823982 3.541470 0.689516
v 2.698411 3.265067 0.822132
v 2.617845 3.260857 0.848642
v 2.802391 3.279299 0.702699
v 2.834527 3.298536 0.632929
v 2.864831 3.337535 0.585942
v 2.749860 3.263563 0.756143
v 2.648793 3.334592 0.647680
v 2.572108 3.425463 0.569250
v 2.518141 3.468874 0.519914
v 2.463330 3.518605 0.475872
v 2.415615 3.597232 0.446862
v 2.335299 3.668811 0.383614
v 2.247005 3.743817 0.308492
v 2.148661 3.841657 0.237634
v 2.033576 3.962373 0.159155
v 1.899684 4.103038 0.065066
v 1.750493 4.265023 -0.048164
v 1.587012 4.429206 -0.167023
v 1.415112 4.602138 -0.240245
v 1.275056 4.762116 -0.243259
v 1.179553 4.870748 -0.231422
v 1.105291 4.939126 -0.218072
v 1.056888 4.984561 -0.215326
v 1.005044 5.010103 -0.219321
v 0.932252 5.043690 -0.247395
v 0.830142 5.049145 -0.304446
v 0.719399 5.046629 -0.363414
v 0.613323 5.042300 -0.393378
v 0.517815 5.034830 -0.408819
v 0.427418 5.026206 -0.416696
v 0.347355 5.019040 -0.419389
v 0.283464 5.011985 -0.419455
v 0.227398 5.003867 -0.418543
v 0.174223 4.996576 -0.417417
v 0.117087 4.985409 -0.415713
v 0.057671 4.977334 -0.414167
v 2.654626 3.450525 0.943625
v 2.569101 3.429564 0.978800
v 2.621269 3.506126 0.907074
v 2.572047 3.599841 0.833203
v 2.534799 3.652781 0.786040
v 2.494945 3.704706 0.736451
v 2.446466 3.750340 0.680605
v 2.371117 3.840615 0.640378
v 2.291749 3.956907 0.626097
v 2.196286 4.078823 0.586917
v 2.082886 4.211524 0.527702
v 1.952662 4.361555 0.458509
v 1.811266 4.526824 0.387686
v 1.669049 4.678498 0.322295
v 1.540430 4.833280 0.296578
v 1.422892 4.982376 0.292652
v 1.313923 5.117158 0.299728
v 1.204152 5.226628 0.310980
v 1.087086 5.297749 0.313737
v 0.972243 5.332823 0.338082
v 0.867274 5.348020 0.403401
v 0.746203 5.350986 0.486508
v 0.585483 5.345109 0.555315
v 0.417614 5.330306 0.584416
v 0.267921 5.318665 0.595001
v 0.131804 5.317566 0.595665
v 0.000000 5.313414 0.597841
v 2.787894 3.465706 0.841935
v 2.839055 3.449117 0.775014
v 2.905390 3.472002 0.640402
v 2.921686 3.494912 0.568037
v 2.870957 3.471453 0.709298
v 2.926018 3.483783 0.509555
v 2.887637 3.407218 0.473400
v 2.839906 3.356577 0.517537
v 2.786112 3.320585 0.581052
v 2.740645 3.296021 0.638373
v 2.691727 3.284202 0.692030
v 2.641119 3.278128 0.740106
v 2.582716 3.277176 0.775460
v 2.525931 3.282414 0.803335
v 2.474420 3.293351 0.817171
v 2.436699 3.344204 0.728422
v 2.481724 3.352084 0.701945
v 2.528739 3.362420 0.677160
v 2.571655 3.374779 0.646586
v 2.612268 3.384066 0.610843
v 2.648400 3.390339 0.569710
v 2.684351 3.399431 0.521747
v 2.722144 3.412189 0.477226
v 2.781153 3.455299 0.428360
v 2.814311 3.492960 0.427401
v 2.845795 3.554322 0.463841
v 2.847477 3.586951 0.533061
v 2.821890 3.593143 0.605924
v 2.785724 3.587430 0.666045
v 2.750578 3.578499 0.718745
v 2.708928 3.567636 0.776201
v 2.599149 3.553507 0.872719
v 2.530183 3.539824 0.911632
v 2.473272 3.445081 1.003754
v 2.386114 3.429775 1.002987
v 2.361155 3.358894 0.965270
v 2.381414 3.293909 0.935875
v 2.439011 3.262075 0.918480
v 2.495828 3.266474 0.920931
v 2.532297 3.288259 0.930949
v 2.583687 3.382935 1.002918
v 2.926492 3.406224 0.646317
v 2.922805 3.376706 0.622340
v 2.900364 3.353449 0.592615
v 2.885807 3.348509 0.556096
v 0.057309 5.328162 -0.453261
v 0.111946 5.332530 -0.453440
v 0.164118 5.340695 -0.453551
v 0.212225 5.345119 -0.452880
v 0.263996 5.351882 -0.451471
v 0.324552 5.359610 -0.448672
v 0.396604 5.370131 -0.443279
v 0.477349 5.384435 -0.433156
v 0.568298 5.398182 -0.413760
v 0.669520 5.412250 -0.376032
v 0.774896 5.422521 -0.325156
v 0.885847 5.422765 -0.280314
v 0.998790 5.407784 -0.254986
v 1.110707 5.352842 -0.237953
v 1.223804 5.250924 -0.221410
v 1.338802 5.118638 -0.207928
v 1.473442 4.975017 -0.205672
v 1.624241 4.812888 -0.201058
v 1.768640 4.627439 -0.149705
v 1.899976 4.436996 -0.057989
v 2.033190 4.248326 0.039062
v 2.159414 4.085731 0.117431
v 2.262155 3.958714 0.187637
v 2.350895 3.849218 0.265996
v 2.422456 3.760458 0.347388
v 2.511955 3.668667 0.381537
v 2.582872 3.597138 0.371882
v 2.645947 3.533907 0.390008
v 2.702139 3.478308 0.418669
v 2.751194 3.431791 0.446689
v 2.786476 3.399093 0.469628
v 2.578611 3.320679 0.986486
v 2.562886 3.284945 0.948140
v 2.579465 3.256328 0.913231
v 2.720963 3.280910 0.866467
v 2.750648 3.312181 0.907070
v 2.754907 3.397599 0.919350
v 0.000000 5.415707 0.553184
v 0.122746 5.417130 0.551743
v 0.254885 5.422319 0.547811
v 0.400897 5.430864 0.539741
v 0.566374 5.441389 0.514718
v 0.722829 5.441709 0.458118
v 0.847912 5.434011 0.391116
v 0.962838 5.414535 0.331285
v 1.089484 5.369249 0.303715
v 1.221798 5.293321 0.293628
v 1.341697 5.172661 0.277507
v 1.458160 5.024906 0.269895
v 1.578559 4.869654 0.271824
v 1.709042 4.709152 0.294365
v 1.853799 4.554733 0.353665
v 2.000957 4.389074 0.421059
v 2.130608 4.241642 0.489134
v 2.247923 4.105915 0.550285
v 2.343071 3.977333 0.592233
v 2.414273 3.854170 0.613088
v 2.482173 3.759421 0.650453
v 2.539086 3.711707 0.701229
v 2.583729 3.659303 0.747320
v 2.629582 3.602811 0.793117
v 2.657920 3.560352 0.828257
v 2.687550 3.510871 0.860445
v 2.724304 3.444725 0.893173
v 2.869229 3.394499 0.779369
v 2.902357 3.333679 0.796234
v 2.827455 3.274889 0.724460
v 2.914151 3.450462 0.484931
v 2.872257 3.484955 0.461597
v 2.837916 3.527573 0.443634
v 2.800586 3.569065 0.433513
v 2.727901 3.629617 0.417299
v 2.651249 3.679123 0.408078
v 2.563125 3.725139 0.407773
v 2.472514 3.816409 0.376233
v 2.408713 3.920781 0.306255
v 2.326942 4.038969 0.237527
v 2.231188 4.173593 0.165021
v 2.108277 4.340515 0.091141
v 1.974241 4.532026 0.016883
v 1.838173 4.734581 -0.046244
v 1.694231 4.924889 -0.083278
v 1.536140 5.095716 -0.096695
v 1.393758 5.264466 -0.107660
v 1.261755 5.436865 -0.128244
v 1.116712 5.582865 -0.162099
v 0.973201 5.667307 -0.186261
v 0.843090 5.677774 -0.218740
v 0.714109 5.661895 -0.261958
v 0.608825 5.636659 -0.329888
v 0.525039 5.613598 -0.377666
v 0.444042 5.590753 -0.406383
v 0.368574 5.572373 -0.421666
v 0.300817 5.558204 -0.429667
v 0.242689 5.548728 -0.433533
v 0.197037 5.543506 -0.434937
v 0.153887 5.540345 -0.435547
v 0.105605 5.538828 -0.435526
v 0.055268 5.535713 -0.435976
v 0.000000 5.533286 -0.436756
v 2.423790 3.305740 0.824409
v 2.364007 3.335298 0.824549
v 2.338887 3.400090 0.900076
v 2.367301 3.473097 0.946934
v 2.449394 3.512871 0.937731
v 0.042882 3.045628 -0.257065
v 0.090967 3.007558 -0.239366
v 0.124843 2.884185 -0.165061
v 0.142123 2.796586 -0.121190
v 0.158767 2.703182 -0.097928
v 0.175520 2.566829 -0.076617
v 0.207253 2.388827 -0.054053
v 0.253616 2.190068 -0.025894
v 0.297248 1.995418 -0.011463
v 0.317487 1.800142 -0.024234
v 0.321141 1.600543 -0.058690
v 0.317953 1.394327 -0.095458
v 0.327242 1.191206 -0.112943
v 0.366407 0.995770 -0.112637
v 0.409767 0.805550 -0.123179
v 0.419944 0.624102 -0.112058
v 0.432755 0.465154 -0.094160
v 0.456306 0.341435 -0.072664
v 0.423901 0.269036 -0.070828
v 0.379108 0.166299 -0.083738
v 0.394074 0.069479 -0.057252
v 0.429837 0.007720 -0.026158
v 0.464596 -0.034392 0.006596
v 0.513357 -0.062144 0.027362
v 0.560180 -0.071954 0.037182
v 0.592539 -0.075357 0.039847
v 0.613309 -0.076132 0.037392
v 0.633696 -0.075982 0.034156
v 0.657954 -0.074889 0.031704
v 0.684877 -0.071411 0.022537
v 0.716100 -0.064569 0.007730
v 0.753156 -0.050043 -0.013963
v 0.797192 -0.006512 -0.033585
v 0.824857 0.070694 -0.055464
v 0.824822 0.167238 -0.056491
v 0.802517 0.257045 -0.040893
v 0.808231 0.361905 -0.038686
v 0.820792 0.489048 -0.039395
v 0.838252 0.640677 -0.042913
v 0.866844 0.813172 -0.049221
v 0.906416 1.000536 -0.052089
v 0.929301 1.198788 -0.046472
v 0.939498 1.402987 -0.043149
v 0.927008 1.614281 -0.037040
v 0.889283 1.822032 -0.029171
v 0.871462 2.029092 -0.029906
v 0.896843 2.237282 -0.051352
v 0.918517 2.460631 -0.071803
v 0.912049 2.695770 -0.090566
v 0.893960 2.877437 -0.123417
v 0.898127 2.987972 -0.083180
v 0.897145 3.133329 -0.072897
v 0.901521 3.299355 -0.064846
v 0.913572 3.499545 -0.057508
v 0.899312 3.712084 -0.046675
v 0.852898 3.926209 -0.032199
v 0.784271 4.134862 -0.012044
v 0.737141 4.344074 0.000198
v 0.766586 4.546499 0.001796
v 0.835274 4.699235 -0.003385
v 0.897270 4.821586 -0.010321
v 0.950503 4.878761 -0.006280
v 1.001162 4.872897 -0.007633
v 1.035735 4.848054 -0.004831
v 1.078201 4.805338 0.001791
v 1.140671 4.735578 0.007948
v 1.225662 4.639012 0.016425
v 1.337235 4.508941 0.039237
v 1.473958 4.356931 0.085914
v 1.626923 4.200895 0.159888
v 1.774189 4.048639 0.253067
v 1.909224 3.915563 0.338482
v 2.029965 3.804549 0.411037
v 2.134027 3.720165 0.472334
v 2.237748 3.658567 0.525066
v 2.316323 3.581233 0.580471
v 2.329304 3.505828 0.625885
v 2.344480 3.435938 0.676683
v 2.368651 3.380164 0.723902
v 2.397687 3.340803 0.764531
v 2.427108 3.318836 0.786235
v 2.389276 3.739865 0.691874
v 2.436327 3.756664 0.672359
v 2.471936 3.766571 0.643109
v 2.499859 3.773057 0.607550
v 2.520241 3.777470 0.566526
v 2.540952 3.773339 0.525653
v 2.548141 3.770570 0.485087
v 2.551734 3.761255 0.452015
v 2.553267 3.746087 0.426028
v 2.549913 3.732242 0.408853
v 2.539973 3.718147 0.396249
v 2.524369 3.697984 0.386777
v 2.502416 3.678700 0.385018
v 2.479712 3.656886 0.390783
v 2.455320 3.636841 0.404816
v 2.430619 3.621999 0.423815
v 2.408859 3.609421 0.444153
v 2.390045 3.598200 0.465651
v 2.370190 3.591093 0.488691
v 2.346297 3.591342 0.516234
v 2.328355 3.590992 0.547097
v 2.313365 3.593431 0.576313
v 2.297187 3.610176 0.611694
v 2.290547 3.633283 0.647010
v 2.301275 3.668391 0.679339
v 2.337530 3.709654 0.694335
v 0.000000 7.311260 0.954925
v -0.000000 7.382363 0.924536
v 0.000000 7.479653 0.871095
v 0.000000 6.503415 1.276276
v -0.000000 6.636221 1.678986
v 0.000000 7.644608 0.741797
v 0.000000 7.783564 0.571165
v 0.000000 6.941265 -0.968085
v -0.000000 6.983682 -0.974825
v 0.000000 7.925350 0.143685
v 0.000000 7.942507 -0.085355
v 0.000000 7.896020 -0.295267
v 0.000000 7.760418 -0.558705
v -0.000000 7.072958 -0.954136
v 0.000000 7.470387 -0.795851
v 0.000000 5.610211 -0.420903
v 0.000000 5.584445 -0.427084
v 0.000000 5.224169 -0.446252
v 0.000000 5.047414 -0.421936
v 0.000000 4.881189 0.715945
v 0.000000 4.719887 0.756816
v 0.000000 4.510201 0.824066
v 0.000000 4.187866 0.917585
v 0.000000 4.202486 0.913613
v -0.000000 3.967982 0.962871
v -0.000000 3.953291 0.964421
v -0.000000 2.975349 0.085996
v 0.000000 3.018491 -0.149526
v -0.000000 3.105952 -0.381162
v -0.000000 3.383044 -0.646812
v 0.000000 4.136558 -0.453202
v 0.000000 4.323514 -0.426564
v 0.000000 4.657420 -0.402727
v -0.000000 4.769127 -0.398121
v 0.000000 4.505340 -0.422073
v -0.000000 3.638105 -0.646457
v 0.000000 3.623585 -0.651752
v 0.000000 3.383922 -0.646859
v 0.000000 4.109007 -0.461566
v 0.000000 3.191405 0.837765
v 0.000000 5.023423 0.685270
v -0.000000 5.137228 -0.434359
v -0.000000 4.909001 -0.406574
v 0.000000 3.497340 -0.674201
v -0.000000 6.599656 1.580865
v -0.000000 6.551458 1.453229
v 0.000000 6.512223 1.321225
v 0.000000 4.581994 0.801153
v 0.000000 3.054947 0.761430
v 0.000000 2.948682 0.521102
v 0.000000 2.925276 0.339276
v 0.000000 2.943264 0.220210
v 0.000000 7.740063 0.635010
v 0.000000 4.976258 -0.413254
v 0.000000 5.345539 -0.453271
v 0.000000 5.326852 -0.453831
v 0.000000 5.553452 -0.432946
v 0.000000 3.059864 -0.275799
v -0.559956 7.336898 0.685214
v -0.603262 7.441468 0.657585
v -0.386608 7.422694 0.823497
v -0.428432 7.357812 0.768495
v -0.644104 7.240259 0.640972
v -0.729272 7.315851 0.596967
v -0.672637 7.105782 0.660398
v -0.780960 7.098053 0.621586
v -0.622022 7.017555 0.721913
v -0.702593 6.950702 0.739918
v -0.520097 6.987433 0.781018
v -0.535626 6.903925 0.879247
v -0.380334 7.039550 0.805532
v -0.342456 6.987865 0.954725
v -0.336710 7.145421 0.779147
v -0.270910 7.158151 0.921312
v -0.311936 7.314575 0.874548
v -0.350497 7.270841 0.785301
v -0.592002 7.388117 0.686608
v -0.417303 7.387661 0.799682
v -0.333152 7.290692 0.830726
v -0.300918 7.153103 0.861500
v -0.376358 7.012121 0.885591
v -0.536670 6.951826 0.848710
v -0.674110 6.987301 0.744346
v -0.741152 7.105620 0.650350
v -0.701314 7.285157 0.629580
v -0.855609 7.081884 0.523286
v -0.761323 6.865812 0.687373
v -0.787327 7.338416 0.500903
v -0.601702 7.505747 0.595833
v -0.334038 7.487590 0.799291
v -0.512865 6.846734 0.903080
v -0.319854 6.928067 0.977354
v -0.229736 7.136456 0.966130
v -0.256326 7.385746 0.889401
v -0.211161 6.882863 1.051416
v -0.152062 6.994576 1.052280
v -0.136650 6.914809 1.204567
v -0.260765 6.782744 1.046977
v -0.340629 6.765918 0.963528
v -0.242299 6.646194 1.005142
v -0.311964 6.636665 0.957872
v -0.149864 6.553027 1.026083
v -0.218701 6.525061 0.960164
v -0.492419 6.739527 0.892931
v -0.766504 6.730408 0.658800
v -0.071406 7.236033 0.981525
v -0.056239 7.115819 1.067192
v -0.078492 7.379478 0.922667
v -0.052264 7.016859 1.234273
v -0.234836 7.553424 0.784728
v -0.077616 7.512543 0.845900
v -0.306040 7.592846 0.724927
v -0.591921 7.586046 0.517174
v -0.207005 6.460609 0.928569
v -0.379396 6.477632 0.890646
v -0.411902 6.539113 0.893544
v -0.458912 6.632712 0.891742
v -0.532657 6.515377 0.796637
v -0.561492 6.582496 0.808740
v -0.649925 6.511164 0.678271
v -0.696479 6.560101 0.676091
v -0.571975 6.999093 0.748762
v -0.605493 6.967147 0.793038
v -0.621880 6.928272 0.809779
v -0.659909 6.841422 0.796265
v -0.641526 6.730148 0.791953
v -0.591684 6.645112 0.807117
v -0.732669 6.630378 0.665107
v -0.672106 6.463741 0.635862
v -0.727342 6.493904 0.600082
v -0.607205 6.357358 0.615049
v -0.638381 6.321020 0.564823
v -0.458306 6.307635 0.656261
v -0.490690 6.234715 0.618705
v -0.333983 6.259814 0.720045
v -0.353590 6.169690 0.680213
v -0.213074 6.237761 0.795565
v -0.220025 6.141300 0.740886
v -0.187836 6.430066 0.880075
v -0.346931 6.404072 0.869401
v -0.500030 6.441394 0.780287
v -0.589755 6.476367 0.663707
v -0.578371 6.387493 0.641058
v -0.430737 6.347405 0.677497
v -0.321302 6.319639 0.718591
v -0.195770 6.307368 0.795081
v -0.165650 6.399292 0.815844
v -0.326923 6.354562 0.826299
v -0.473163 6.387527 0.756346
v -0.554558 6.433725 0.656396
v -0.452783 6.364407 0.720044
v -0.335666 6.328957 0.777036
v -0.615185 6.449863 0.650218
v -0.607659 6.419375 0.642011
v -0.650752 6.415502 0.620858
v -0.710468 6.406048 0.556343
v -0.546294 6.406007 0.652739
v -0.182810 6.343693 0.794432
v -0.211407 6.664309 1.051887
v -0.243329 6.729913 1.102137
v -0.246470 6.816640 1.174577
v -0.250668 6.753179 1.185557
v -0.199853 6.864468 1.190437
v -0.236743 6.781168 1.304860
v -0.231269 6.723132 1.263844
v -0.197142 6.680627 1.396031
v -0.188261 6.648565 1.330999
v -0.141020 6.590563 1.340193
v -0.129424 6.592027 1.415320
v -0.097917 6.522984 1.118841
v -0.112310 6.546731 1.133850
v -0.142843 6.585879 1.080687
v -0.098876 6.536676 1.217765
v -0.080058 6.515834 1.213586
v -0.112398 6.555956 1.301175
v -0.090885 6.537114 1.314237
v -0.128261 6.654109 1.547969
v -0.133971 6.724813 1.646854
v -0.074735 6.867481 1.912342
v -0.186612 6.736231 1.456814
v -0.201114 6.826029 1.333200
v -0.158137 6.802374 1.511178
v -0.148670 6.862762 1.360528
v -0.054865 6.940599 1.425485
v -0.063380 6.898716 1.642193
v -0.181616 6.737449 1.162289
v -0.160260 6.716133 1.228425
v -0.181597 6.725117 1.116847
v -0.144293 6.686389 1.087204
v -0.112073 6.621390 1.102725
v -0.098784 6.584554 1.147949
v -0.095725 6.571838 1.211378
v -0.092416 6.597443 1.261265
v -0.108672 6.615599 1.296564
v -0.151618 6.661105 1.295560
v -0.136549 6.723924 1.154796
v -0.115610 6.709103 1.194125
v -0.133112 6.712516 1.130391
v -0.101456 6.682813 1.142712
v -0.094329 6.639935 1.128601
v -0.084530 6.617402 1.154680
v -0.076255 6.634089 1.196340
v -0.078753 6.626402 1.239192
v -0.087035 6.653858 1.252329
v -0.096942 6.676252 1.239165
v -0.833148 7.402591 0.338611
v -0.940197 7.109406 0.334319
v -0.923677 6.733501 0.354724
v -0.941879 6.908051 0.375077
v -1.021776 7.094371 0.272799
v -0.993698 6.908042 0.290681
v -0.956385 7.244364 0.187340
v -0.902725 7.316685 0.245248
v -0.980174 7.242781 0.054543
v -0.919301 7.340709 0.000124
v -0.954532 6.755710 0.272747
v -0.909883 6.501821 0.189442
v -0.930484 6.569594 0.192679
v -0.929493 6.536750 -0.052962
v -0.959651 6.589677 -0.008966
v -0.958719 6.740653 -0.167937
v -0.986764 6.740058 -0.074270
v -0.978887 7.020047 -0.163831
v -1.033599 6.985683 -0.068361
v -1.014408 7.116176 -0.033860
v -0.962347 7.183611 -0.107486
v -0.866237 7.446977 0.001899
v -0.926770 7.270009 -0.168056
v -0.947724 7.090630 -0.260129
v -0.908026 6.710634 -0.319439
v -0.875552 6.431861 -0.157120
v -0.838391 6.375938 0.288724
v -0.889529 7.120543 0.445119
v -0.881851 6.891870 0.498765
v -0.875784 6.698145 0.464493
v -0.935664 6.634756 0.225803
v -0.911663 6.598776 0.298632
v -0.856405 6.553056 0.422323
v -0.715703 6.237437 0.357556
v -0.690236 6.148746 0.194987
v -0.796559 6.251212 0.139902
v -0.500679 6.121194 0.490589
v -0.351598 6.067026 0.567169
v -0.217304 6.038461 0.629717
v -0.483811 6.022506 0.314452
v -0.778690 6.258286 -0.139923
v -0.666404 6.109387 -0.072302
v -0.329550 5.971741 0.418688
v -0.204728 5.948083 0.484903
v -0.523201 5.975408 0.059843
v -0.182303 5.886907 0.355047
v -0.314934 5.909079 0.278578
v -0.432272 5.880842 -0.016194
v -0.295302 5.852831 0.186683
v -0.171566 5.824187 0.281302
v -0.418196 5.860688 -0.165860
v -0.505300 5.972339 -0.216251
v -0.359184 5.879970 -0.301707
v -0.413996 5.987108 -0.363468
v -0.600641 6.113311 -0.275140
v -0.072066 7.648222 0.734866
v -0.215557 7.678229 0.672939
v -0.282051 7.696606 0.624540
v -0.565545 7.673103 0.417558
v -0.771966 7.559907 0.196905
v -0.066856 7.844515 0.463395
v -0.188300 7.853381 0.405958
v -0.250429 7.853350 0.368673
v -0.524460 7.781507 0.201257
v -0.663705 7.696073 0.053116
v -0.811819 7.531217 -0.009190
v -0.709132 7.648633 -0.058147
v -0.868522 7.374473 -0.228367
v -0.751825 7.532384 -0.281499
v -0.892830 7.174894 -0.364471
v -0.768858 7.325301 -0.491827
v -0.831222 6.710219 -0.477078
v -0.698588 6.273495 -0.330007
v -0.788442 6.468007 -0.386326
v -0.717018 6.779186 -0.651072
v -0.643485 6.521832 -0.607109
v -0.558811 6.313433 -0.523632
v -0.480946 6.139758 -0.440177
v -0.065655 5.854439 -0.384249
v -0.074955 5.986770 -0.484644
v -0.076814 6.161522 -0.617108
v -0.087846 6.365582 -0.779503
v -0.101783 6.635296 -0.918999
v -0.113517 6.962252 -0.968842
v -0.063641 7.921649 0.245399
v -0.231897 7.903913 0.208365
v -0.174903 7.908909 0.241522
v -0.497119 7.815241 0.067235
v -0.617018 7.735245 0.003843
v -0.620136 7.723733 -0.096153
v -0.641164 7.620481 -0.346300
v -0.465620 7.826723 -0.085388
v -0.205294 7.927134 0.044061
v -0.161399 7.933220 0.092783
v -0.054642 7.943077 -0.066775
v -0.114208 7.894994 -0.277959
v -0.414788 7.780199 -0.344956
v -0.111145 7.723941 -0.597382
v -0.460635 7.560465 -0.618445
v -0.685384 7.402946 -0.544137
v -0.117431 7.347897 -0.884735
v -0.638919 6.823012 -0.734127
v -0.564899 6.547621 -0.693223
v -0.483602 6.331738 -0.597147
v -0.411223 6.154107 -0.500081
v -0.357212 6.005268 -0.418264
v -0.317036 5.895320 -0.351614
v -1.017386 6.852256 -0.080744
v -0.973843 6.868291 -0.185892
v -0.938945 6.898434 -0.314560
v -0.881408 6.948697 -0.447316
v -0.760444 7.060957 -0.614586
v -0.682808 7.123285 -0.684496
v -0.485623 7.244501 -0.798118
v -0.469376 6.906551 -0.857267
v -0.422576 6.606411 -0.813410
v -0.354653 6.364793 -0.701136
v -0.290331 6.175786 -0.575114
v -0.247463 6.016216 -0.472603
v -0.222159 5.895233 -0.391694
v -1.092544 7.327239 0.121856
v -1.069895 7.309237 0.020403
v -1.143559 7.211822 0.202316
v -1.144148 7.123947 0.156638
v -1.045362 7.021832 0.197498
v -1.026858 6.890444 0.217854
v -0.975234 6.778900 0.195691
v -0.960507 6.696450 0.173547
v -0.990809 6.631198 0.126395
v -1.037057 6.621594 0.005569
v -1.105242 6.726740 -0.071282
v -1.096581 7.156106 -0.069121
v -1.115664 7.012120 -0.109623
v -1.139059 6.852295 -0.120636
v -1.224720 7.227041 0.071651
v -1.247009 7.299506 0.129462
v -1.189955 7.392300 0.067544
v -1.163655 7.389166 -0.023545
v -1.174503 7.221851 -0.117000
v -0.988450 6.803874 0.132208
v -1.024311 6.882703 0.137313
v -1.033377 6.992816 0.112322
v -1.105581 7.090261 0.073553
v -1.195530 7.179982 0.006261
v -1.286909 7.261008 -0.061632
v -1.310137 7.306438 -0.000463
v -1.372619 7.334740 -0.125211
v -1.393646 7.373339 -0.068924
v -1.438476 7.388254 -0.165711
v -1.462243 7.435568 -0.133000
v -1.410723 7.432733 -0.002313
v -1.480037 7.507143 -0.073356
v -1.336808 7.367212 0.064549
v -0.985332 6.727751 0.120825
v -1.010157 6.679203 0.101730
v -1.025778 6.719183 0.078831
v -1.009945 6.756220 0.086518
v -1.009308 6.808518 0.091813
v -1.025907 6.879216 0.084431
v -1.056861 6.961758 0.054695
v -1.117189 7.046396 0.016688
v -1.205590 7.125980 -0.042191
v -1.301209 7.205375 -0.105183
v -1.390267 7.291739 -0.164926
v -1.071938 6.664682 0.051961
v -1.062341 6.715954 0.051213
v -1.125455 6.667173 -0.026182
v -1.140624 6.700759 0.015962
v -1.189560 6.717046 -0.063587
v -1.213507 6.741867 -0.021416
v -1.254801 6.780937 -0.102478
v -1.261744 6.804307 -0.055968
v -1.298600 6.846991 -0.138618
v -1.297011 6.873102 -0.105430
v -1.258473 6.958685 -0.165821
v -1.264739 6.978253 -0.115407
v -1.332437 6.959642 -0.201586
v -1.344589 6.963372 -0.135850
v -1.394924 6.938319 -0.196410
v -1.405675 6.927211 -0.152760
v -1.453776 7.021027 -0.237638
v -1.478090 7.018137 -0.178791
v -1.540488 7.149163 -0.279471
v -1.560807 7.153149 -0.237314
v -1.621137 7.287921 -0.292917
v -1.605628 7.281315 -0.319321
v -1.704599 7.424814 -0.361580
v -1.706473 7.426452 -0.333198
v -1.758636 7.524324 -0.386249
v -1.754066 7.525346 -0.348341
v -1.826510 7.610958 -0.409268
v -1.821490 7.611476 -0.379575
v -1.864478 7.677928 -0.434919
v -1.869425 7.692124 -0.408787
v -1.115358 6.749619 0.011790
v -1.172802 6.789810 -0.024673
v -1.217155 6.859231 -0.060055
v -1.255863 6.906998 -0.080191
v -1.241915 6.986594 -0.090639
v -1.333980 7.026627 -0.129188
v -1.398839 6.997759 -0.145883
v -1.427938 7.088649 -0.181892
v -1.498373 7.197190 -0.225218
v -1.573331 7.314920 -0.274332
v -1.634102 7.420027 -0.305917
v -1.682992 7.497895 -0.317524
v -1.758577 7.615779 -0.338033
v -1.834033 7.687900 -0.372626
v -1.463359 7.376066 -0.201108
v -1.278621 7.455276 0.004450
v -1.349091 7.501223 -0.053419
v -1.437050 7.553817 -0.117212
v -1.422416 7.552826 -0.162484
v -1.318602 7.494325 -0.111355
v -1.252437 7.453645 -0.069234
v -1.557819 7.554658 -0.149065
v -1.530097 7.599483 -0.172281
v -1.509484 7.597054 -0.215275
v -1.631227 7.614283 -0.213837
v -1.612734 7.645633 -0.225407
v -1.589843 7.633110 -0.271350
v -1.684922 7.682019 -0.276632
v -1.668635 7.670390 -0.310497
v -1.751528 7.714689 -0.326598
v -1.741774 7.701897 -0.361324
v -1.705946 7.656417 -0.274077
v -1.770300 7.681469 -0.326573
v -1.844597 7.643428 -0.425437
v -1.845447 7.650250 -0.393052
v -1.800427 7.659434 -0.358713
v -1.815191 7.710004 -0.348684
v -1.799035 7.731958 -0.355233
v -1.865346 7.726690 -0.397274
v -1.854080 7.736020 -0.389478
v -1.842065 7.743173 -0.399402
v -1.873172 7.715014 -0.408796
v -1.869088 7.711059 -0.438996
v -1.787629 7.723679 -0.387701
v -1.819947 7.730675 -0.414939
v -1.833946 7.718463 -0.431829
v -1.798289 7.685780 -0.419161
v -1.856339 7.741691 -0.406539
v -1.857808 7.739289 -0.423871
v -1.855444 7.729524 -0.436062
v -1.871958 7.722710 -0.434933
v -1.873618 7.726222 -0.415560
v -1.868721 7.731863 -0.407727
v -1.862103 7.737651 -0.404372
v -1.525149 7.473734 -0.213945
v -1.616507 7.541633 -0.262314
v -1.431211 7.243101 -0.203886
v -1.508034 7.343514 -0.243894
v -1.574448 7.438963 -0.273100
v -1.644095 7.509729 -0.296759
v -1.341127 7.136657 -0.148550
v -1.232394 7.061890 -0.082810
v -1.142837 6.993680 -0.033001
v -1.169938 6.932698 -0.054970
v -1.043648 6.769653 0.052230
v -1.033552 6.806476 0.059816
v -1.083241 6.921786 0.012343
v -1.048099 6.857073 0.045237
v -1.076755 6.808547 0.018732
v -1.115278 6.865773 -0.016944
v -1.708330 7.557498 -0.319671
v -1.676062 7.576957 -0.293312
v -1.737832 7.654458 -0.388839
v -1.667738 7.620605 -0.348107
v -1.592148 7.572344 -0.310902
v -1.507855 7.508645 -0.276011
v -1.417041 7.444258 -0.236006
v -1.331362 7.367484 -0.197101
v -1.255041 7.306131 -0.158419
v -1.217061 6.901747 -0.160728
v -1.202310 7.051323 -0.166746
v -1.282278 7.131079 -0.206478
v -1.399166 7.060977 -0.257454
v -1.362346 7.213324 -0.239556
v -1.448282 7.308085 -0.275277
v -1.486321 7.195460 -0.292239
v -1.535080 7.408097 -0.309982
v -1.576886 7.318496 -0.325489
v -1.656889 7.441201 -0.361895
v -1.616511 7.495500 -0.343113
v -1.725441 7.533477 -0.389171
v -1.687591 7.564462 -0.374379
v -1.794062 7.643214 -0.418940
v -1.777471 7.604678 -0.410599
v -1.756050 7.637259 -0.403009
v -1.739362 7.614498 -0.396783
v -0.057772 5.749904 -0.378702
v -0.054284 5.594537 -0.424503
v -0.058769 5.237992 -0.446986
v -0.056244 5.061119 -0.424102
v -0.380670 5.779972 -0.325886
v -0.322902 5.772881 -0.347520
v -0.220536 5.758081 -0.370363
v -0.494896 5.805281 -0.223513
v -0.551358 5.835373 0.014426
v -0.384852 5.796351 0.239593
v -0.234820 5.745500 0.348818
v -0.231674 5.625066 0.437705
v -0.277329 5.196208 0.638121
v -0.296672 4.892514 0.701641
v -0.364632 5.609382 0.433246
v -0.344584 5.691097 0.372202
v -0.468366 5.720366 0.319167
v -0.730344 5.840361 0.015217
v -0.621056 5.751679 0.240912
v -0.748024 5.739472 0.196922
v -0.678645 5.621500 0.350940
v -0.794254 5.615862 0.301543
v -0.775113 5.240489 0.496060
v -0.882070 5.246110 0.395705
v -0.819035 4.916784 0.384315
v -0.894869 5.006185 0.273355
v -0.886802 4.822864 0.080572
v -0.935717 4.894334 0.066945
v -0.865924 4.840969 -0.202727
v -0.943208 4.897251 -0.142320
v -0.816225 5.122089 -0.319807
v -0.915171 5.108997 -0.269060
v -0.789612 5.327954 -0.332111
v -0.897763 5.328047 -0.286884
v -0.759784 5.505398 -0.311902
v -0.873776 5.508609 -0.267059
v -0.821890 5.744474 -0.176017
v -0.687989 5.721523 -0.220039
v -0.584013 5.692694 -0.300356
v -0.953996 5.729718 -0.145786
v -0.875249 5.817546 0.034863
v -0.879160 5.724931 0.181593
v -0.919173 5.602521 0.259344
v -0.976528 5.236995 0.327955
v -0.984463 5.015977 0.228680
v -0.998642 4.891953 0.060961
v -1.003620 4.895703 -0.135142
v -1.004025 5.061871 -0.235839
v -1.001914 5.308151 -0.259759
v -0.994765 5.492714 -0.243078
v -0.517520 5.622108 0.399119
v -0.439190 5.207523 0.625606
v -0.614510 5.221878 0.586429
v -0.660884 4.905656 0.579018
v -0.473574 4.901495 0.669771
v -0.790406 4.736417 0.374603
v -0.833587 4.706372 0.083234
v -0.669999 4.735845 0.577464
v -0.768582 4.550582 0.086124
v -0.761680 4.558527 0.373984
v -0.813899 4.697983 -0.195953
v -0.751898 4.529993 -0.183485
v -0.761238 4.362325 0.382669
v -0.744970 4.347433 0.084719
v -0.720443 4.334274 -0.177919
v -0.853049 3.929877 0.400435
v -0.868573 3.927274 0.057670
v -0.896218 3.682349 0.389835
v -0.916977 3.710057 0.045320
v -0.925771 3.448360 0.332009
v -0.933519 3.494834 0.029307
v -0.781543 3.921346 -0.208516
v -0.821117 3.715623 -0.231790
v -0.847412 3.493713 -0.235784
v -0.716081 4.670547 -0.328253
v -0.732017 4.807405 -0.334926
v -0.709613 5.121752 -0.371100
v -0.655329 5.493190 -0.366346
v -0.683221 5.320948 -0.380449
v -0.427928 5.650949 -0.388872
v -0.355652 5.632016 -0.407159
v -0.235448 5.604387 -0.421834
v -0.058307 5.413143 -0.451068
v -0.257582 5.419762 -0.449729
v -0.388242 5.440403 -0.440524
v -0.468420 5.454995 -0.429524
v -0.270544 5.272843 -0.447370
v -0.404765 5.293005 -0.440497
v -0.488410 5.304498 -0.431249
v -0.509944 5.112195 -0.415410
v -0.421841 5.102226 -0.423238
v -0.278285 5.090396 -0.427540
v -0.676614 4.562642 0.585093
v -0.489122 4.738471 0.697009
v -0.297719 4.731848 0.740572
v -0.692254 4.375019 0.599002
v -0.506453 4.567220 0.731936
v -0.313267 4.565406 0.787917
v -0.518649 4.379433 0.762341
v -0.320909 4.381561 0.835512
v -0.802678 4.156343 0.392220
v -0.795419 4.137087 0.078994
v -0.743108 4.125084 -0.188510
v -0.315920 4.183257 0.880023
v -0.299757 3.972765 0.918239
v -0.266885 3.761590 0.941072
v -0.527747 4.175589 0.789532
v -0.718836 4.168345 0.610909
v -0.742516 3.931120 0.626417
v -0.516414 3.957606 0.822162
v -0.748055 3.627312 0.641915
v -0.496669 3.725866 0.841191
v -0.923032 3.299293 0.010275
v -0.850348 3.284809 -0.193353
v -0.933986 3.252893 0.275778
v -0.745736 3.165714 -0.375472
v -0.723369 3.290509 -0.426306
v -0.818875 3.373818 0.521788
v -0.826257 3.201177 0.432458
v -0.665685 3.249832 0.631200
v -0.675022 3.135719 0.547484
v -0.391151 3.072975 0.692453
v -0.408440 2.998159 0.597697
v -0.190444 2.965376 0.614567
v -0.225459 2.908400 0.547510
v -0.060347 2.900450 0.394517
v -0.077597 2.864646 0.377336
v -0.041723 2.952279 0.078140
v -0.070949 2.848370 0.137175
v -0.065497 2.970930 -0.122161
v -0.098928 2.866775 -0.077747
v -0.197598 3.117685 0.793985
v -0.576525 3.040752 -0.461330
v -0.567647 3.139097 -0.541304
v -0.408896 2.949410 -0.450627
v -0.387972 3.033120 -0.529806
v -0.153693 2.901941 -0.237071
v -0.106509 3.032587 -0.343014
v -0.061451 3.130104 -0.563869
v -0.366753 3.126779 -0.639702
v -0.077564 3.256409 -0.684906
v -0.528664 3.253684 -0.611411
v -0.330381 3.254614 -0.684230
v -0.676676 3.392740 -0.488173
v -0.798882 3.570668 -0.312245
v -0.741218 3.722850 -0.337787
v -0.617553 3.475996 -0.537165
v -0.459604 3.370259 -0.650251
v -0.708825 3.911906 -0.309941
v -0.681819 4.086632 -0.302994
v -0.069234 4.152681 -0.448481
v -0.068318 4.325523 -0.426451
v -0.309489 4.207032 -0.439511
v -0.677867 4.287909 -0.304075
v -0.552290 4.247872 -0.398555
v -0.465618 4.234646 -0.423843
v -0.699696 4.494775 -0.313479
v -0.558103 4.429824 -0.410959
v -0.465862 4.402343 -0.426363
v -0.308198 4.365769 -0.430785
v -0.064905 4.655643 -0.403672
v -0.296442 4.686959 -0.406325
v -0.451725 4.718076 -0.405725
v -0.543070 4.742410 -0.397459
v -0.068977 4.504394 -0.422467
v -0.303499 4.531675 -0.423796
v -0.460372 4.569098 -0.420281
v -0.551451 4.598606 -0.407791
v -0.551934 4.079990 -0.400011
v -0.466428 4.084354 -0.434591
v -0.557872 3.940219 -0.423320
v -0.468751 3.953391 -0.462308
v -0.552703 3.827771 -0.460805
v -0.496272 3.586154 -0.592511
v -0.469158 3.846691 -0.502721
v -0.300135 3.862488 -0.551698
v -0.306108 3.955911 -0.503823
v -0.078230 3.820723 -0.573360
v -0.074171 3.910429 -0.529755
v -0.427876 3.616342 -0.616268
v -0.291831 3.640974 -0.653457
v -0.064927 3.620049 -0.664143
v -0.067908 3.438033 -0.695249
v -0.290050 3.492324 -0.682982
v -0.393517 3.491921 -0.657786
v -0.436771 3.485323 -0.643975
v -0.307377 4.067191 -0.467910
v -0.071383 4.019217 -0.486813
v -0.117757 3.334302 -0.707568
v -0.401651 3.394325 -0.668909
v -0.310126 3.343585 -0.692681
v -0.367854 3.210601 0.794952
v -0.605959 3.414618 0.735226
v -0.423589 3.520983 0.861078
v -0.218809 3.557227 0.940855
v -0.285944 3.323182 0.868874
v -0.152894 3.308510 0.896336
v -1.071678 5.660629 0.159480
v -1.068942 5.725268 0.033596
v -1.112661 5.634959 -0.123010
v -1.083750 5.551465 0.237802
v -1.117896 5.424764 -0.223639
v -1.100005 5.262018 -0.247082
v -1.065799 5.029875 -0.229253
v -1.040711 4.869426 -0.132471
v -1.038785 4.861611 0.059389
v -1.046985 4.979742 0.219688
v -1.078339 5.208740 0.312833
v -1.272309 5.498790 0.123648
v -1.275640 5.521744 0.020699
v -1.266599 5.475803 -0.090829
v -1.240912 5.311373 -0.199651
v -1.200354 5.178010 -0.238463
v -1.124526 4.983451 -0.232895
v -1.255299 5.430192 0.211167
v -1.179893 5.151324 0.315780
v -1.103195 4.929032 0.217591
v -1.081792 4.821055 0.068125
v -1.079420 4.823282 -0.127764
v -1.420634 5.316444 0.112296
v -1.424283 5.328337 0.026718
v -1.396466 5.273333 0.191235
v -1.403752 5.291807 -0.074539
v -1.361625 5.170255 -0.180473
v -1.307786 5.068937 -0.229086
v -1.277133 5.054800 0.309269
v -1.170444 4.863825 0.220523
v -1.144077 4.755250 0.076186
v -1.135935 4.752139 -0.126398
v -1.205309 4.908501 -0.242630
v -1.566325 5.146276 0.040879
v -1.545252 5.118839 -0.064423
v -1.554550 5.136338 0.117668
v -1.525903 5.106395 0.185485
v -1.500576 5.017394 -0.174347
v -1.435848 4.933109 -0.231129
v -1.311360 4.789897 -0.255011
v -1.216631 4.654323 -0.120306
v -1.230873 4.657911 0.084006
v -1.259255 4.766950 0.225294
v -1.379089 4.930970 0.304561
v -1.653998 4.933338 0.190763
v -1.686821 4.955368 0.132388
v -1.707193 4.964216 0.067821
v -1.702797 4.946145 -0.044731
v -1.655927 4.853820 -0.167211
v -1.584390 4.765459 -0.228947
v -1.451739 4.632462 -0.252032
v -1.339593 4.504556 -0.091053
v -1.338593 4.530249 0.102675
v -1.365932 4.630730 0.239639
v -1.493959 4.788299 0.311922
v -1.820659 4.772213 0.159671
v -1.843278 4.775364 0.100246
v -1.846576 4.753876 -0.009593
v -1.797572 4.665583 -0.123274
v -1.787495 4.759077 0.211080
v -1.935466 4.592725 0.260175
v -1.967543 4.597117 0.209909
v -1.989851 4.591599 0.152907
v -1.987304 4.552486 0.048175
v -1.928346 4.470768 -0.039520
v -2.078298 4.426067 0.326380
v -2.109892 4.429357 0.273287
v -2.132262 4.419088 0.214567
v -2.125105 4.368489 0.119299
v -2.060946 4.279865 0.050526
v -1.620682 4.633873 0.344756
v -1.758962 4.485604 0.416017
v -1.895210 4.319164 0.488031
v -1.487754 4.478577 0.287491
v -1.468302 4.377219 0.147950
v -1.623543 4.315389 0.367209
v -1.614458 4.216442 0.223091
v -1.779062 4.150958 0.456746
v -1.759882 4.061534 0.315935
v -1.825149 4.049841 0.150930
v -1.673568 4.201365 0.047525
v -1.501744 4.346428 -0.035565
v -1.613965 4.461039 -0.181471
v -1.776495 4.296548 -0.065696
v -1.927028 4.132846 0.045758
v -1.731242 4.584330 -0.170852
v -2.003119 4.213387 0.033143
v -1.866913 4.398019 -0.070957
v -2.022056 4.168362 0.553891
v -2.212184 4.271194 0.392440
v -2.240071 4.271422 0.336811
v -2.258107 4.251729 0.279210
v -2.127478 4.054508 0.114921
v -2.059429 3.989952 0.136659
v -1.955735 3.919295 0.243438
v -1.895296 3.931257 0.398303
v -1.925478 4.019625 0.521449
v -2.184283 4.121328 0.124388
v -2.247140 4.198285 0.193199
v -2.326331 4.126890 0.451556
v -2.349414 4.117994 0.395692
v -2.137846 4.033631 0.605251
v -2.356067 4.102486 0.343138
v -2.342515 4.058505 0.265389
v -2.287540 3.989579 0.197313
v -2.233915 3.925573 0.188175
v -2.173737 3.865971 0.215105
v -2.071452 3.804448 0.321882
v -2.020535 3.822853 0.465868
v -2.048783 3.911579 0.567531
v -2.471448 3.869871 0.535571
v -2.490978 3.863502 0.492197
v -2.321124 3.818499 0.653791
v -2.254099 3.737552 0.629061
v -2.233073 3.678093 0.560676
v -2.267631 3.642950 0.457613
v -2.357851 3.686989 0.367127
v -2.402103 3.735129 0.347896
v -2.441104 3.782600 0.353298
v -2.484225 3.829731 0.392398
v -2.497515 3.857158 0.450147
v -2.441121 3.691380 0.765949
v -2.600177 3.723799 0.616951
v -2.627711 3.723092 0.570519
v -2.640962 3.722221 0.521508
v -2.301986 3.606850 0.759530
v -2.303837 3.518623 0.662642
v -2.389748 3.502538 0.556472
v -2.486072 3.528772 0.448308
v -2.547681 3.568568 0.389148
v -2.613849 3.623964 0.369916
v -2.654305 3.696926 0.435184
v -2.397789 3.734916 0.702042
v -2.530571 3.769723 0.572832
v -2.552028 3.765963 0.531233
v -2.559393 3.763337 0.489592
v -2.566156 3.739762 0.426521
v -2.536063 3.688622 0.383346
v -2.487547 3.645514 0.388301
v -2.437040 3.609678 0.425148
v -2.352435 3.579523 0.520750
v -2.298006 3.598863 0.616946
v -2.300972 3.661252 0.688458
v -2.412710 3.993114 0.499928
v -2.236057 3.920005 0.640735
v -2.157503 3.816798 0.604990
v -2.131755 3.737521 0.520116
v -2.173753 3.710312 0.391193
v -2.272345 3.765152 0.288854
v -2.326783 3.818633 0.266720
v -2.372250 3.878484 0.272187
v -2.421438 3.940206 0.329730
v -2.437169 3.973115 0.400189
v -2.431800 3.986943 0.448468
v -2.687855 3.678790 0.606667
v -2.657708 3.674019 0.656085
v -2.472223 3.639053 0.820576
v -0.288387 5.050831 0.672596
v -0.460249 5.060106 0.652687
v -0.641782 5.071259 0.593281
v -0.796601 5.090333 0.466878
v -0.891629 5.123302 0.355873
v -0.978646 5.127229 0.296091
v -1.058647 5.098263 0.286855
v -1.136648 5.043607 0.290240
v -1.217000 4.966409 0.288728
v -1.311102 4.870880 0.290456
v -1.426517 4.720034 0.301772
v -1.551352 4.569075 0.343413
v -1.684693 4.413163 0.421566
v -1.829638 4.249226 0.495328
v -1.969627 4.098112 0.556039
v -2.085862 3.975735 0.596744
v -2.188299 3.871273 0.631232
v -2.279685 3.782166 0.650528
v -2.340959 3.704891 0.704794
v -2.368655 3.659584 0.779566
v -0.943746 3.287434 0.120815
v -0.947031 3.482382 0.147768
v -0.926647 3.703766 0.175510
v -0.877302 3.930258 0.196634
v -0.805924 4.144443 0.199325
v -0.755224 4.354647 0.189610
v -0.774214 4.566505 0.186231
v -0.827951 4.723025 0.200402
v -0.870097 4.849386 0.203966
v -0.917059 4.933587 0.161321
v -0.991833 4.936830 0.143354
v -1.040959 4.902045 0.136929
v -1.088200 4.860535 0.141451
v -1.151068 4.797647 0.148441
v -1.237306 4.699677 0.153234
v -1.339748 4.570194 0.163371
v -1.469481 4.414839 0.216355
v -1.608645 4.252827 0.295564
v -1.756037 4.096929 0.387867
v -1.903530 3.962423 0.463361
v -2.029432 3.856205 0.521462
v -2.138844 3.770501 0.565992
v -2.237543 3.704874 0.596367
v -2.290020 3.623372 0.654074
v -2.288592 3.555204 0.712177
v -2.397322 3.606746 0.839876
v -2.315317 3.551627 0.836054
v -2.290672 3.486730 0.785635
v -2.310642 3.448859 0.721583
v -2.357759 3.500592 0.592145
v -2.332705 3.578824 0.551431
v -2.248666 3.647585 0.490627
v -2.150609 3.711444 0.428560
v -2.050041 3.799275 0.363787
v -1.930747 3.913434 0.287435
v -1.797071 4.044123 0.199373
v -1.645979 4.195510 0.104085
v -1.484164 4.346350 0.028373
v -1.337099 4.500671 -0.023952
v -1.215898 4.641919 -0.054450
v -1.135939 4.734970 -0.059879
v -1.076920 4.804146 -0.062123
v -1.034787 4.848835 -0.063865
v -0.998817 4.873404 -0.067357
v -0.947886 4.876493 -0.074155
v -0.891552 4.817739 -0.091387
v -0.833861 4.698957 -0.089080
v -0.762595 4.538687 -0.085124
v -0.730126 4.341074 -0.083671
v -0.769942 4.134178 -0.092504
v -0.828197 3.925879 -0.111008
v -0.872019 3.714776 -0.131597
v -0.888505 3.498643 -0.137882
v -0.878561 3.301426 -0.127713
v -2.382419 3.434737 0.638337
v -2.424738 3.442772 0.605859
v -2.545244 3.477518 0.488264
v -2.610710 3.507258 0.412973
v -2.679381 3.564005 0.382475
v -2.732875 3.650729 0.448482
v -2.711341 3.679348 0.552294
v -0.054609 5.669134 -0.405939
v -0.226146 5.672805 -0.403179
v -0.340829 5.700586 -0.384017
v -0.406833 5.715053 -0.363350
v -0.548767 5.754150 -0.256160
v -0.637486 5.790545 -0.139036
v -0.782727 5.809224 -0.101129
v -0.917512 5.790896 -0.073053
v -1.095523 5.693369 -0.061227
v -1.270788 5.506656 -0.046286
v -1.415012 5.315279 -0.031708
v -1.558261 5.136878 -0.020106
v -1.708848 4.961093 0.000370
v -1.850896 4.768942 0.040159
v -1.995347 4.575511 0.094743
v -2.139205 4.389205 0.157803
v -2.257804 4.224917 0.230148
v -2.352913 4.080033 0.299696
v -2.432842 3.954320 0.361307
v -2.494063 3.844502 0.416292
v -2.563856 3.754532 0.454703
v -2.649129 3.714071 0.475606
v -2.726879 3.670732 0.497800
v -2.712562 3.601383 0.393778
v -2.642977 3.657071 0.386728
v -2.552548 3.710418 0.393864
v -2.459395 3.800049 0.364377
v -2.391485 3.902725 0.286232
v -2.308335 4.017436 0.214195
v -2.210671 4.148391 0.142169
v -2.087141 4.313075 0.068881
v -1.955414 4.505949 -0.012033
v -1.822829 4.707484 -0.084579
v -1.679136 4.895460 -0.125346
v -1.523365 5.062711 -0.133344
v -1.382210 5.227146 -0.141107
v -1.254471 5.379328 -0.166412
v -1.120558 5.508509 -0.196486
v -0.984978 5.591604 -0.218016
v -0.859870 5.598436 -0.246924
v -0.740033 5.588655 -0.291780
v -0.635533 5.570821 -0.351260
v -0.456510 5.528271 -0.419894
v -0.378246 5.510322 -0.432810
v -0.249531 5.491085 -0.442678
v -0.056339 5.477489 -0.444801
v -0.056672 5.148905 -0.435922
v -0.276187 5.181046 -0.437638
v -0.414704 5.196472 -0.432162
v -0.501076 5.205343 -0.423695
v -0.698414 5.218453 -0.377511
v -0.803660 5.219584 -0.329599
v -0.906013 5.212303 -0.283105
v -1.002910 5.187922 -0.255324
v -1.083765 5.146973 -0.246490
v -1.162453 5.079521 -0.245384
v -1.255943 4.987052 -0.246947
v -1.374006 4.861303 -0.255581
v -1.522410 4.701686 -0.251477
v -1.674258 4.523081 -0.185993
v -1.820239 4.345637 -0.075851
v -1.964399 4.171063 0.034279
v -2.096284 4.014757 0.124666
v -2.203230 3.893669 0.197935
v -2.300097 3.789561 0.275188
v -2.380951 3.709296 0.355222
v -2.462081 3.624630 0.404463
v -2.515960 3.545863 0.416030
v -2.577666 3.489395 0.448787
v -2.490409 3.461769 0.548360
v -2.442044 3.511882 0.501726
v -2.397155 3.585702 0.469322
v -2.312757 3.655005 0.403649
v -2.223132 3.727577 0.331623
v -2.123564 3.824769 0.260963
v -2.007621 3.945136 0.180974
v -1.873381 4.084654 0.084339
v -1.723231 4.241432 -0.026612
v -1.559161 4.399482 -0.144157
v -1.383519 4.572016 -0.217480
v -1.246638 4.730196 -0.223501
v -1.158397 4.837304 -0.215375
v -1.093360 4.899041 -0.200129
v -1.050001 4.945294 -0.198079
v -1.002364 4.969769 -0.200604
v -0.937382 4.991476 -0.225802
v -0.842845 4.987344 -0.285030
v -0.731128 4.977774 -0.353626
v -0.524979 4.959163 -0.403578
v -0.435214 4.947907 -0.410651
v -0.290112 4.922344 -0.410281
v -0.060156 4.885571 -0.404833
v -0.062645 4.782951 -0.398107
v -0.294693 4.814049 -0.402220
v -0.443783 4.844193 -0.403893
v -0.533225 4.864965 -0.398090
v -0.737509 4.899676 -0.343258
v -0.862463 4.919879 -0.247864
v -0.945002 4.937115 -0.187865
v -1.003090 4.924955 -0.169278
v -1.043588 4.900439 -0.167870
v -1.081234 4.854926 -0.166459
v -1.139021 4.792431 -0.179362
v -1.214352 4.697725 -0.180359
v -1.348903 4.532524 -0.162902
v -1.527060 4.365454 -0.098060
v -1.699046 4.218613 0.004686
v -1.849496 4.065572 0.112682
v -1.980891 3.931573 0.207505
v -2.098315 3.811687 0.288518
v -2.196094 3.717770 0.357659
v -2.289476 3.646090 0.427868
v -2.377432 3.578779 0.492916
v -2.417906 3.507247 0.528054
v -2.460274 3.453419 0.576587
v -2.622935 3.666859 0.703315
v -2.571820 3.718545 0.661601
v -2.510326 3.765412 0.614254
v -2.445750 3.866305 0.577196
v -2.383044 3.989305 0.549021
v -2.289946 4.123533 0.503854
v -2.175016 4.260358 0.444053
v -2.041471 4.411622 0.376778
v -1.895383 4.576060 0.312511
v -1.748510 4.736082 0.257684
v -1.615481 4.903507 0.237460
v -1.490266 5.068837 0.235307
v -1.367423 5.222943 0.244435
v -1.237205 5.358096 0.264350
v -1.088596 5.450807 0.280813
v -0.947731 5.499818 0.307340
v -0.825040 5.521317 0.357569
v -0.702496 5.526967 0.415256
v -0.545284 5.531350 0.463010
v -0.382928 5.522274 0.488684
v -0.237705 5.519624 0.497986
v -0.448813 2.789610 0.554638
v -0.719198 2.848151 0.493023
v -0.267469 2.746799 0.526826
v -0.863512 2.867907 0.361491
v -0.919095 2.899856 0.163771
v -0.925505 2.993139 0.066229
v -0.911844 2.961685 -0.029756
v -0.885889 3.003590 -0.121203
v -0.878939 2.903877 -0.163783
v -0.760918 2.829986 -0.337359
v -0.605638 2.776958 -0.398265
v -0.439071 2.723827 -0.387010
v -0.188403 2.695182 -0.156066
v -0.127705 2.713345 -0.028606
v -0.085343 2.746928 0.142234
v -0.118224 2.721684 0.387276
v -0.690494 3.005064 0.495266
v -0.425068 2.911117 0.551264
v -0.236435 2.855966 0.524069
v -0.090038 2.815133 0.364352
v -0.076495 2.809099 0.142773
v -0.110062 2.793557 -0.045113
v -0.174286 2.801258 -0.184066
v -0.421785 2.846819 -0.428371
v -0.596154 2.919541 -0.437524
v -0.752236 3.005809 -0.355666
v -0.856844 3.099316 -0.180844
v -0.878644 3.132643 -0.124200
v -0.915711 3.126170 -0.009457
v -0.933163 3.121119 0.094769
v -0.927870 3.078396 0.225060
v -0.848044 3.042073 0.390909
v -0.921980 2.858218 0.024148
v -0.906344 2.856096 -0.080782
v -0.924225 2.711720 -0.016610
v -0.921947 2.691882 0.163310
v -0.894292 2.682231 -0.149493
v -0.866838 2.672993 0.345226
v -0.748897 2.654997 0.486279
v -0.478225 2.629348 0.574079
v -0.290862 2.595090 0.540971
v -0.145429 2.567776 0.414886
v -0.206286 2.561503 -0.134773
v -0.454277 2.573922 -0.336373
v -0.144860 2.574018 -0.006441
v -0.100841 2.590744 0.150523
v -0.758075 2.637570 -0.307366
v -0.609798 2.607524 -0.350150
v -0.176300 2.372488 0.428100
v -0.322495 2.394608 0.549034
v -0.510568 2.429712 0.585812
v -0.758666 2.446779 0.474050
v -0.897478 2.455594 -0.128725
v -0.748618 2.428184 -0.267509
v -0.931524 2.467735 0.007298
v -0.913486 2.463563 0.169221
v -0.852618 2.454638 0.335022
v -0.241083 2.388728 -0.104588
v -0.173064 2.390468 0.007991
v -0.472315 2.396237 -0.272563
v -0.612260 2.411733 -0.292782
v -0.125261 2.380908 0.147968
v -0.494781 2.207923 -0.197697
v -0.289109 2.195503 -0.069044
v -0.217568 2.185555 0.028480
v -0.168707 2.175178 0.150749
v -0.360032 2.177635 0.528169
v -0.530178 2.216926 0.575169
v -0.227076 2.163192 0.414770
v -0.747331 2.239320 0.456452
v -0.827334 2.235718 0.319904
v -0.885546 2.240869 0.158761
v -0.907684 2.240832 0.017511
v -0.615491 2.216292 -0.215258
v -0.731391 2.225507 -0.202774
v -0.877237 2.236763 -0.098268
v -0.822920 2.005097 0.318724
v -0.806746 1.904675 0.396262
v -0.833713 1.784915 0.388863
v -0.862807 1.796293 0.286776
v -0.737135 2.052650 0.450981
v -0.751171 1.914044 0.478114
v -0.543049 2.030319 0.548757
v -0.569669 1.893191 0.550846
v -0.408589 1.956175 0.488848
v -0.480243 1.867233 0.516970
v -0.407312 1.753336 0.434648
v -0.482055 1.747672 0.498021
v -0.876854 2.024745 0.146497
v -0.883540 2.028780 0.019142
v -0.323595 1.761861 0.335925
v -0.285065 1.960376 0.377394
v -0.897137 1.810452 0.143509
v -0.454496 1.552749 0.420354
v -0.501458 1.634652 0.480347
v -0.571391 1.488137 0.483033
v -0.582567 1.615851 0.516357
v -0.797238 1.500897 0.429034
v -0.782069 1.629346 0.469351
v -0.880385 1.582265 0.313171
v -0.840100 1.658052 0.389548
v -0.350147 1.559750 0.316655
v -0.573374 1.318467 0.463833
v -0.460907 1.344248 0.397428
v -0.809366 1.326792 0.403865
v -0.898401 1.361568 0.283568
v -0.931305 1.597497 0.149841
v -0.852370 2.030028 -0.068693
v -0.725061 2.025222 -0.158631
v -0.623838 2.016816 -0.171288
v -0.514740 2.010486 -0.158390
v -0.331286 2.000694 -0.050403
v -0.262991 1.990239 0.038236
v -0.222397 1.978570 0.147725
v -0.259755 1.782264 0.132757
v -0.286571 1.795087 0.028593
v -0.350563 1.804296 -0.064950
v -0.275565 1.580571 0.111514
v -0.292059 1.593880 0.003569
v -0.294266 1.384934 -0.027497
v -0.286624 1.377581 0.092490
v -0.363280 1.358306 0.299543
v -0.901391 1.819103 0.022426
v -0.870554 1.822808 -0.070464
v -0.741275 1.820060 -0.169743
v -0.640396 1.816040 -0.185122
v -0.522397 1.812621 -0.170201
v -0.663581 1.615447 -0.229591
v -0.531043 1.613931 -0.214993
v -0.937869 1.609549 0.017570
v -0.909126 1.617102 -0.081549
v -0.768019 1.620531 -0.207018
v -0.943353 1.381721 0.136563
v -0.948533 1.397376 0.010592
v -0.925360 1.407887 -0.087684
v -0.793393 1.420155 -0.240326
v -0.682246 1.418290 -0.276422
v -0.541097 1.414493 -0.268497
v -0.356091 1.605141 -0.106324
v -0.350253 1.401383 -0.148018
v -0.577352 1.750654 0.541831
v -0.776676 1.772292 0.489099
v -0.465047 1.151742 0.392741
v -0.581632 1.140089 0.453285
v -0.808104 1.145511 0.381126
v -0.893318 1.163725 0.258740
v -0.932399 1.180205 0.120478
v -0.936216 1.193583 0.004443
v -0.918428 1.203597 -0.089080
v -0.696674 1.215819 -0.304285
v -0.551316 1.208910 -0.300200
v -0.805806 1.216498 -0.253769
v -0.352210 1.195274 -0.160449
v -0.308055 1.187704 -0.053452
v -0.300081 1.180170 0.076036
v -0.374994 1.163637 0.292404
v -0.474400 0.965685 0.380536
v -0.390647 0.974153 0.279757
v -0.331129 0.987984 0.065916
v -0.345807 0.994985 -0.057942
v -0.590992 0.958579 0.440919
v -0.804276 0.962840 0.362918
v -0.878870 0.973990 0.241090
v -0.911593 0.986192 0.109408
v -0.912962 0.996339 -0.004571
v -0.802238 1.014039 -0.249984
v -0.697376 1.012545 -0.301502
v -0.897203 1.004733 -0.092164
v -0.390601 0.998036 -0.156555
v -0.559337 1.006162 -0.290459
v -0.793735 0.779397 0.347831
v -0.857767 0.790829 0.224136
v -0.594102 0.775375 0.419993
v -0.604239 0.596248 0.389133
v -0.780519 0.597050 0.334508
v -0.840758 0.617130 0.211824
v -0.874036 0.810173 -0.005366
v -0.858176 0.816290 -0.086281
v -0.878045 0.801612 0.099127
v -0.781717 0.817124 -0.227603
v -0.846532 0.639768 -0.001201
v -0.828573 0.641816 -0.078109
v -0.853610 0.630297 0.093938
v -0.754539 0.630274 -0.199867
v -0.676220 0.627940 -0.248795
v -0.690069 0.814542 -0.279551
v -0.561140 0.811089 -0.268471
v -0.560583 0.622894 -0.246194
v -0.444667 0.807326 -0.178286
v -0.452446 0.624549 -0.165293
v -0.396383 0.624714 -0.043398
v -0.382257 0.805300 -0.052158
v -0.387543 0.620982 0.070892
v -0.366801 0.801484 0.064644
v -0.434354 0.617627 0.241130
v -0.413255 0.791638 0.261425
v -0.485719 0.783032 0.357643
v -0.500744 0.606704 0.328190
v -0.456611 0.457335 0.213543
v -0.525245 0.440917 0.293873
v -0.626669 0.430380 0.344288
v -0.760374 0.442151 0.313999
v -0.828940 0.465777 0.201554
v -0.840728 0.482776 0.090110
v -0.829710 0.486254 -0.003681
v -0.811070 0.491656 -0.069419
v -0.660913 0.460901 -0.220322
v -0.557426 0.459429 -0.216971
v -0.733133 0.469066 -0.181261
v -0.459316 0.468611 -0.142411
v -0.414151 0.463597 -0.032761
v -0.410107 0.465477 0.068801
v -0.535273 0.246553 -0.176158
v -0.553736 0.339258 -0.182183
v -0.643862 0.328793 -0.193164
v -0.632506 0.224655 -0.189778
v -0.448581 0.261991 -0.112855
v -0.476922 0.344905 -0.114553
v -0.442431 0.339392 -0.019963
v -0.404688 0.267972 -0.016759
v -0.441493 0.338639 0.073103
v -0.404828 0.266257 0.084887
v -0.434744 0.271150 0.212900
v -0.474958 0.328415 0.184845
v -0.528637 0.317319 0.317512
v -0.544999 0.348353 0.278078
v -0.626150 0.327787 0.353464
v -0.635845 0.356285 0.320310
v -0.750236 0.327489 0.321728
v -0.742432 0.368032 0.299474
v -0.838040 0.311672 0.223249
v -0.814471 0.371873 0.201514
v -0.830104 0.370522 0.089065
v -0.842077 0.290266 0.091773
v -0.819293 0.366549 -0.001258
v -0.795641 0.358244 -0.069738
v -0.713012 0.336370 -0.166664
v -0.818608 0.267199 -0.002622
v -0.785768 0.247517 -0.072114
v -0.700192 0.221959 -0.162927
v -0.507175 0.290076 0.452986
v -0.617545 0.299073 0.479918
v -0.770134 0.303423 0.450535
v -0.849588 0.303180 0.404426
v -0.365218 0.205044 0.081059
v -0.353364 0.065744 0.133078
v -0.412774 0.156324 -0.134855
v -0.460782 -0.001176 -0.066925
v -0.510990 0.136178 -0.204640
v -0.536041 -0.002827 -0.136230
v -0.603861 0.092066 -0.213061
v -0.610083 -0.030470 -0.123143
v -0.703735 0.115396 -0.185154
v -0.679179 -0.022814 -0.118142
v -0.803667 0.152498 -0.088820
v -0.765417 -0.013250 -0.066895
v -0.846328 0.183517 -0.016539
v -0.829631 0.005168 0.008230
v -0.976455 0.175113 0.257206
v -0.890724 0.258959 0.153171
v -0.895315 0.048214 0.123253
v -0.878087 0.221905 0.073293
v -0.395142 0.229291 0.382027
v -0.381811 0.219080 0.159088
v -0.342963 0.138914 0.282215
v -0.358521 0.176553 -0.014759
v -0.399259 0.023404 0.023874
v -0.518658 0.304311 0.377229
v -0.421919 0.249555 0.291869
v -0.368408 0.190174 0.203742
v -0.346938 0.144976 0.104107
v -0.363710 0.090153 -0.002351
v -0.427893 0.056541 -0.100651
v -0.522035 0.037431 -0.168916
v -0.604620 0.015667 -0.173113
v -0.692130 0.022707 -0.158538
v -0.795474 0.054858 -0.088424
v -0.854742 0.090313 -0.014142
v -0.905275 0.144214 0.081955
v -0.928286 0.222689 0.181269
v -0.835023 0.311657 0.316480
v -0.759633 0.316757 0.377229
v -0.620206 0.314263 0.410641
v -0.405545 -0.008281 0.511749
v -0.474736 -0.052279 0.143403
v -0.498418 -0.059531 0.064957
v -0.526904 -0.061900 -0.004659
v -0.451386 -0.021155 0.298631
v -0.326128 0.135393 0.392940
v -0.431601 -0.002174 0.398498
v -0.351777 0.206848 0.503384
v -0.488541 0.270825 0.550218
v -0.611377 0.280954 0.565066
v -0.781414 0.285597 0.544962
v -0.866184 0.288357 0.512073
v -1.016686 0.223958 0.420862
v -1.002044 0.066020 0.415295
v -0.883855 -0.017338 0.437017
v -0.938721 0.050663 0.293346
v -0.830985 0.000212 0.330048
v -0.798524 -0.025508 0.232881
v -0.890969 0.027474 0.211365
v -0.770611 -0.059557 0.113213
v -0.736186 -0.064408 0.040785
v -0.698590 -0.063217 -0.020421
v -0.610363 -0.073652 0.010187
v -0.616775 -0.077702 0.069209
v -0.625346 -0.074933 0.141809
v -0.638206 -0.047720 0.266786
v -0.645229 -0.027953 0.363479
v -0.653189 -0.049592 0.480640
v -0.472394 0.247493 0.663067
v -0.343788 0.195172 0.653198
v -0.593545 0.259016 0.673207
v -0.791683 0.265055 0.661931
v -0.891969 0.268823 0.635651
v -1.018806 0.253841 0.591668
v -1.063447 0.081589 0.559190
v -0.949371 -0.035911 0.573865
v -0.662278 -0.081560 0.617813
v -0.384017 -0.007634 0.642590
v -0.312553 0.077163 0.648273
v -0.319450 0.067252 0.520563
v -0.339263 0.045735 0.399474
v -0.362392 0.025533 0.289632
v -0.406994 -0.006174 0.138712
v -0.442733 -0.027297 0.048039
v -0.485380 -0.037542 -0.028294
v -0.564696 -0.015309 -0.133917
v -0.560223 0.025303 -0.174303
v -0.555046 0.114777 -0.214594
v -0.581987 0.237138 -0.189018
v -0.596529 0.330592 -0.193418
v -0.608106 0.458494 -0.226706
v -0.618874 0.620023 -0.256174
v -0.626630 0.810495 -0.283752
v -0.630072 1.009102 -0.305422
v -0.623315 1.212987 -0.310514
v -0.611687 1.416952 -0.279223
v -0.596037 1.615079 -0.227430
v -0.578873 1.814603 -0.181514
v -0.566847 2.013237 -0.167920
v -0.552632 2.210951 -0.209346
v -0.540897 2.399972 -0.286829
v -0.530178 2.585951 -0.349051
v -0.519802 2.745904 -0.399780
v -0.506954 2.877953 -0.443045
v -0.490420 2.990818 -0.467394
v -0.473882 3.077469 -0.545945
v -0.445579 3.181069 -0.635605
v -0.393123 3.297856 -0.672076
v -0.361491 3.367948 -0.681300
v -0.341704 3.495087 -0.671618
v -0.356700 3.633749 -0.637562
v -0.379088 3.860199 -0.534504
v -0.380562 3.955197 -0.490069
v -0.382311 4.077061 -0.456834
v -0.381753 4.218096 -0.436039
v -0.379947 4.379409 -0.430793
v -0.374964 4.548101 -0.423377
v -0.363662 4.706412 -0.406227
v -0.361642 4.831344 -0.403998
v -0.355140 4.937536 -0.411818
v -0.344643 5.095380 -0.426467
v -0.341777 5.187953 -0.435955
v -0.333469 5.279973 -0.445238
v -0.317019 5.428563 -0.446439
v -0.307793 5.498451 -0.439702
v -0.291132 5.617726 -0.416489
v -0.280873 5.689116 -0.395062
v -0.271101 5.770077 -0.358791
v -0.269521 5.899640 -0.378982
v -0.298652 6.013514 -0.452495
v -0.348433 6.169250 -0.545085
v -0.422130 6.354938 -0.656293
v -0.500037 6.583428 -0.758612
v -0.558686 6.870267 -0.801058
v -0.588916 7.187504 -0.747333
v -0.574908 7.487987 -0.590664
v -0.524131 7.708201 -0.360668
v -0.542150 7.779981 -0.096470
v -0.564868 7.773540 0.033225
v -0.600103 7.740696 0.135229
v -0.674404 7.620471 0.329959
v -0.699974 7.522644 0.448251
v -0.687753 7.443288 0.554565
v -0.665388 7.385782 0.628638
v -0.642892 7.341790 0.657559
v -0.600047 7.294123 0.656734
v -0.434048 0.168954 1.140479
v -0.508270 0.164826 1.135894
v -0.356080 0.143430 1.119475
v -0.338588 0.059770 1.144305
v -0.542358 0.090940 1.160403
v -0.540401 0.006986 1.151124
v -0.470173 -0.029452 1.153756
v -0.374251 -0.019842 1.125630
v -0.577313 0.227489 0.992277
v -0.439938 0.250003 0.950913
v -0.326402 0.178431 0.939276
v -0.302244 0.045833 0.953936
v -0.368714 -0.043491 0.965006
v -0.479639 -0.070360 0.980970
v -0.582223 -0.027801 1.005190
v -0.604066 0.086333 1.060004
v -0.534982 0.196579 1.084887
v -0.431095 0.218059 1.058041
v -0.336745 0.164177 1.039732
v -0.308399 0.053378 1.043519
v -0.371442 -0.038895 1.047442
v -0.476389 -0.058375 1.072283
v -0.567048 -0.022663 1.076006
v -0.581453 0.087492 1.109015
v -0.441870 0.077509 1.199870
v -0.796556 0.202132 0.988460
v -0.710160 0.242916 0.996126
v -0.720818 0.151786 1.120604
v -0.784279 0.127344 1.124884
v -0.632289 0.198131 0.994604
v -0.675155 0.135653 1.124022
v -0.802575 0.067031 1.140681
v -0.824293 0.079668 1.079250
v -0.612285 0.083793 1.057008
v -0.665942 0.042410 1.154955
v -0.631049 0.002873 1.037178
v -0.686830 0.001073 1.131897
v -0.789501 0.005615 1.110476
v -0.807679 -0.013205 1.033645
v -0.717254 -0.039406 1.016940
v -0.740569 -0.009274 1.124130
v -0.733653 0.055407 1.171973
v -0.795094 0.172598 1.059192
v -0.714031 0.204898 1.061319
v -0.650131 0.168968 1.069855
v -0.623546 0.077549 1.102244
v -0.657588 -0.004643 1.085210
v -0.732957 -0.026016 1.080571
v -0.801627 0.000091 1.069381
v -0.822115 0.075351 1.097563
v -0.936038 0.120327 1.105039
v -0.977115 0.108038 1.083351
v -0.980402 0.188035 0.930479
v -0.905610 0.239585 0.943080
v -0.827762 0.187585 0.977961
v -0.902308 0.109337 1.115445
v -0.828354 0.076140 1.054912
v -0.887645 0.064532 1.122475
v -0.837791 0.001240 1.026700
v -0.897869 0.022905 1.108900
v -0.986098 0.078020 1.078242
v -0.999228 0.084786 0.995810
v -0.903468 -0.036043 0.980679
v -0.933448 0.011176 1.090340
v -0.972366 0.027120 1.068792
v -0.983719 0.007311 0.963078
v -0.946121 0.063328 1.115929
v -0.922680 0.186011 1.043076
v -0.976771 0.174753 1.002637
v -0.998981 0.080785 1.029534
v -0.980585 0.015567 1.011586
v -0.917740 -0.021917 1.036272
v -0.859843 0.012185 1.057473
v -0.844547 0.081017 1.073273
v -0.853881 0.155272 1.057228
v -1.134200 0.140659 0.878168
v -1.070328 0.207284 0.897827
v -1.082533 0.125475 1.007053
v -1.114196 0.109449 0.992766
v -1.044723 0.114118 1.006707
v -0.999164 0.172813 0.929797
v -1.124844 0.069859 0.975725
v -1.138060 0.069473 0.875309
v -1.005967 0.072845 0.988367
v -1.043292 0.072114 1.011922
v -1.010834 0.012925 0.955927
v -1.050696 0.034096 1.002649
v -1.064682 -0.009131 0.933545
v -1.081000 0.029190 0.996941
v -1.109835 0.037618 0.974842
v -1.114433 0.021806 0.921984
v -1.089566 0.074532 1.016862
v -1.127089 0.143497 0.930862
v -1.071711 0.187877 0.938150
v -1.006753 0.150256 0.960380
v -1.012017 0.074366 0.992338
v -1.021846 0.018543 0.971479
v -1.071436 0.000499 0.956435
v -1.114226 0.024983 0.935183
v -1.138909 0.078114 0.923476
v -0.917435 0.211976 1.003378
v -0.977557 0.181401 0.980705
v -0.998796 0.084544 1.015642
v -0.980438 0.012622 0.990789
v -0.911770 -0.026819 1.015479
v -0.848585 0.009709 1.039733
v -0.835485 0.085544 1.055241
v -0.838235 0.168457 1.020775
v -0.363453 -0.037157 0.875078
v -0.479277 -0.065945 0.888769
v -0.595284 -0.047891 0.924618
v -0.697855 -0.057724 0.908700
v -0.799534 -0.053621 0.926129
v -0.881560 -0.055871 0.884678
v -0.973424 -0.038217 0.881144
v -1.035449 -0.029035 0.845306
v -1.098673 0.005416 0.843232
v -0.358842 -0.022620 0.788217
v -0.476167 -0.060180 0.770644
v -0.583097 -0.066242 0.770941
v -0.678809 -0.070898 0.765240
v -0.766786 -0.069339 0.762373
v -0.847560 -0.067474 0.747210
v -0.926902 -0.058339 0.733910
v -0.998270 -0.033269 0.721894
v -1.055831 0.011039 0.715968
v -1.129200 0.058354 0.833416
v -1.095502 0.072126 0.726753
v -0.299709 0.049644 0.875981
v -0.302540 0.058443 0.786795
v -0.560520 0.252662 0.877325
v -0.442211 0.256909 0.859910
v -0.321734 0.180925 0.854150
v -0.701641 0.265335 0.889601
v -0.633713 0.235765 0.884886
v -0.780342 0.247635 0.898959
v -0.891896 0.255103 0.860507
v -0.825797 0.240816 0.887774
v -0.962708 0.240344 0.855858
v -1.066141 0.223494 0.828344
v -1.004676 0.232577 0.849371
v -1.124239 0.152688 0.820496
v -0.606370 0.075589 1.056782
v -0.604808 -0.005428 1.000656
v -0.824366 0.003182 1.033219
v -0.826155 0.076678 1.065785
v -0.996647 0.016160 0.955523
v -1.000909 0.081653 0.991342
v -0.806145 0.192523 0.968635
v -0.802630 0.232513 0.909071
v -0.610977 0.199167 0.973136
v -0.600186 0.233912 0.875284
v -0.984549 0.182569 0.921219
v -0.985591 0.234862 0.849906
v -0.322224 0.180511 0.771668
v -0.456008 0.250092 0.769451
v -0.589016 0.244799 0.797581
v -0.795956 0.252550 0.800335
v -0.972472 0.248440 0.775448
v -0.696326 0.256965 0.788822
v -0.887840 0.255250 0.768224
v -1.044518 0.232853 0.732628
v -1.104198 0.158556 0.730018
v -0.696372 0.263191 0.669353
v -0.960041 0.260902 0.669111
v -1.075315 0.170457 0.562035
v -1.013283 0.008077 0.565562
v -0.881844 -0.060246 0.586023
v -0.811513 -0.073266 0.600739
v -0.739616 -0.081501 0.612308
v -0.580647 -0.073449 0.621109
v -0.486200 -0.057727 0.629041
v -0.502873 -0.037745 0.500528
v -0.519887 -0.020556 0.388164
v -0.530161 -0.037041 0.293243
v -0.540333 -0.068497 0.146384
v -0.551547 -0.072248 0.072449
v -0.567795 -0.070252 0.007011
v -0.643127 -0.048935 -0.088621
v -0.702262 -0.020303 -0.110034
v -0.727096 0.034610 -0.145098
v -0.740327 0.128947 -0.158691
v -0.730182 0.228760 -0.139451
v -0.742526 0.344679 -0.143679
v -0.760966 0.479426 -0.154566
v -0.782877 0.640275 -0.169199
v -0.812205 0.819156 -0.190417
v -0.840467 1.012953 -0.209729
v -0.849571 1.214142 -0.212453
v -0.842112 1.418216 -0.206401
v -0.816178 1.621149 -0.183399
v -0.784126 1.821834 -0.152124
v -0.766780 2.027949 -0.143251
v -0.780469 2.229656 -0.184822
v -0.805897 2.436975 -0.237686
v -0.817689 2.656255 -0.265389
v -0.818759 2.867960 -0.281953
v -0.804252 3.054981 -0.288895
v -0.798517 3.221732 -0.295870
v -0.777002 3.355790 -0.347341
v -0.729684 3.458002 -0.419971
v -0.666812 3.543482 -0.476282
v -0.522479 3.656140 -0.553705
v -0.446206 3.687835 -0.582683
v -0.369238 3.706216 -0.608258
v -0.297840 3.715376 -0.626978
v -0.067584 3.695184 -0.636229
v -0.771173 -0.045671 0.466177
v -0.736580 -0.021067 0.350291
v -0.717452 -0.046653 0.253066
v -0.690733 -0.074517 0.129250
v -0.669891 -0.076336 0.062291
v -0.647665 -0.072790 0.005534
v -0.601843 -0.061954 -0.054161
v -0.570845 -0.051981 -0.076797
v -0.534335 -0.032902 -0.092303
v -0.501824 -0.009709 -0.102613
v -0.474787 0.039965 -0.137721
v -0.455847 0.146616 -0.175072
v -0.488005 0.258389 -0.147222
v -0.509412 0.339318 -0.151196
v -0.501321 0.462470 -0.185777
v -0.499060 0.622764 -0.212157
v -0.495429 0.808204 -0.229895
v -0.478991 1.000868 -0.248412
v -0.454538 1.202673 -0.258873
v -0.445427 1.409373 -0.229851
v -0.447032 1.610034 -0.180930
v -0.446304 1.809623 -0.140031
v -0.434831 2.007996 -0.128570
v -0.404013 2.207188 -0.162626
v -0.363427 2.395257 -0.223074
v -0.330685 2.561007 -0.275365
v -0.309054 2.702001 -0.319494
v -0.296434 2.816587 -0.354473
v -0.286598 2.911169 -0.387577
v -0.258048 3.006849 -0.471969
v -0.227320 3.075449 -0.609586
v -0.219251 3.219254 -0.692769
v -0.206837 3.317937 -0.705869
v -0.185841 3.478359 -0.698806
v -0.180436 3.636871 -0.671081
v -0.182648 3.712759 -0.644529
v -0.187393 3.855204 -0.561922
v -0.188641 3.943078 -0.516227
v -0.189609 4.054835 -0.474335
v -0.190107 4.190984 -0.439537
v -0.189559 4.349423 -0.427304
v -0.186794 4.515719 -0.423207
v -0.183556 4.667178 -0.405528
v -0.181119 4.800890 -0.399740
v -0.176994 4.906768 -0.407589
v -0.172630 5.077669 -0.426670
v -0.169758 5.168019 -0.437891
v -0.166800 5.258074 -0.448214
v -0.160621 5.411856 -0.451426
v -0.156795 5.479373 -0.444863
v -0.150859 5.602173 -0.423262
v -0.149078 5.673340 -0.404513
v -0.148232 5.755315 -0.375069
v -0.148086 5.883941 -0.398513
v -0.160357 6.002518 -0.484344
v -0.185695 6.173428 -0.607023
v -0.223264 6.370566 -0.756559
v -0.261312 6.625330 -0.883890
v -0.286244 6.935513 -0.933612
v -0.298715 7.315227 -0.856632
v -0.277256 7.653265 -0.628616
v -0.273134 7.841074 -0.334672
v -0.325042 7.891729 -0.046934
v -0.357218 7.876447 0.131580
v -0.379532 7.833180 0.295289
v -0.421515 7.706232 0.522082
v -0.448038 7.623684 0.609712
v -0.475460 7.539767 0.675113
v -0.502203 7.471082 0.725546
v -0.508972 7.412206 0.742611
v -0.489468 7.351859 0.722225
v -0.590737 -0.045521 0.484822
v -0.596886 -0.026563 0.369391
v -0.595839 -0.044659 0.277439
v -0.590329 -0.073093 0.147157
v -0.590205 -0.076533 0.071471
v -0.594613 -0.073164 0.012777
v -0.625443 -0.067021 -0.033103
v -0.668450 -0.056984 -0.059310
v -0.720699 -0.019578 -0.099162
v -0.755874 0.041146 -0.124730
v -0.768770 0.136127 -0.131376
v -0.756713 0.236899 -0.112013
v -0.767551 0.348962 -0.115189
v -0.785267 0.484424 -0.121099
v -0.807983 0.644654 -0.129630
v -0.837978 0.820719 -0.143854
v -0.872465 1.010508 -0.158413
v -0.887491 1.210226 -0.159865
v -0.886790 1.414537 -0.158003
v -0.861861 1.620152 -0.146443
v -0.824629 1.823233 -0.124997
v -0.803662 2.029879 -0.121148
v -0.822658 2.232404 -0.159182
v -0.852025 2.445299 -0.197081
v -0.855363 2.666066 -0.222597
v -0.849121 2.879050 -0.234463
v -0.831240 3.079134 -0.238794
v -0.826841 3.251395 -0.241848
v -0.814746 3.409004 -0.286556
v -0.770548 3.517407 -0.360378
v -0.706177 3.621288 -0.413724
v -0.541146 3.734829 -0.506851
v -0.459660 3.763111 -0.543209
v -0.376864 3.781511 -0.574208
v -0.302123 3.789258 -0.593656
v -0.185230 3.783793 -0.606608
v -0.071717 3.757018 -0.606680
v -0.827967 -0.036216 0.453025
v -0.781425 -0.013505 0.340225
v -0.754648 -0.040688 0.242555
v -0.727068 -0.070482 0.122693
v -0.700547 -0.072194 0.054011
v -0.671282 -0.069591 -0.004353
v -0.645660 -0.063745 -0.043668
v -0.620707 -0.056938 -0.071145
v -0.588633 -0.044730 -0.097574
v -0.550496 -0.027383 -0.111315
v -0.518373 -0.010543 -0.115287
v -0.494882 0.041223 -0.155179
v -0.479368 0.141869 -0.189875
v -0.508145 0.254533 -0.160794
v -0.527487 0.337698 -0.165763
v -0.524818 0.460549 -0.202009
v -0.524999 0.622511 -0.229634
v -0.523282 0.809225 -0.249250
v -0.513424 1.002528 -0.269862
v -0.497218 1.205072 -0.281486
v -0.489144 1.412025 -0.251270
v -0.486594 1.611772 -0.200011
v -0.482026 1.810478 -0.156670
v -0.473231 2.010128 -0.145676
v -0.447874 2.208584 -0.183201
v -0.412019 2.400403 -0.252489
v -0.386737 2.574578 -0.314100
v -0.367783 2.713564 -0.361689
v -0.351730 2.828148 -0.397514
v -0.342051 2.920838 -0.421441
v -0.318660 3.014796 -0.506595
v -0.296251 3.091657 -0.629163
v -0.272218 3.231526 -0.690259
v -0.257306 3.327246 -0.700919
v -0.237789 3.486483 -0.691964
v -0.232697 3.641839 -0.664287
v -0.236446 3.717224 -0.638494
v -0.237803 3.789380 -0.603124
v -0.239302 3.859993 -0.558473
v -0.243661 3.951730 -0.511008
v -0.246228 4.063815 -0.470953
v -0.247421 4.199012 -0.439406
v -0.246369 4.358056 -0.429059
v -0.242003 4.521867 -0.423620
v -0.238284 4.673699 -0.406227
v -0.235708 4.803249 -0.400675
v -0.232210 4.911203 -0.408546
v -0.223170 5.085822 -0.427523
v -0.220706 5.174881 -0.438164
v -0.216693 5.266266 -0.448185
v -0.207715 5.414256 -0.451139
v -0.201565 5.484352 -0.444316
v -0.192127 5.601908 -0.423246
v -0.187114 5.673086 -0.403981
v -0.182506 5.757552 -0.372826
v -0.180171 5.885203 -0.393939
v -0.197413 6.006812 -0.479616
v -0.230367 6.168420 -0.590426
v -0.284769 6.365286 -0.731808
v -0.335755 6.614408 -0.855097
v -0.375831 6.927584 -0.901829
v -0.387825 7.285683 -0.833350
v -0.358166 7.615660 -0.628860
v -0.331361 7.822667 -0.330933
v -0.393757 7.863317 -0.066940
v -0.425746 7.850487 0.097617
v -0.450684 7.812915 0.247441
v -0.487012 7.696708 0.474519
v -0.512130 7.614719 0.565814
v -0.532514 7.532921 0.636016
v -0.548726 7.463279 0.693013
v -0.547424 7.403948 0.716371
v -0.520029 7.346365 0.704124
v -0.460547 7.355576 0.742168
v -0.471348 7.415215 0.768345
v -0.449590 7.467470 0.765900
v -0.411516 7.530191 0.725804
v -0.379455 7.618074 0.662409
v -0.352554 7.707296 0.571491
v -0.314590 7.846751 0.331085
v -0.293886 7.893321 0.169514
v -0.265196 7.912454 -0.002626
v -0.204482 7.864041 -0.322626
v -0.203067 7.688498 -0.617074
v -0.215169 7.340877 -0.869740
v -0.206822 6.954864 -0.953764
v -0.187149 6.638655 -0.906934
v -0.160883 6.377370 -0.776914
v -0.135624 6.175937 -0.619915
v -0.120723 5.999100 -0.488385
v -0.112016 5.873604 -0.395259
v -0.106304 5.754865 -0.376116
v -0.103697 5.675287 -0.404148
v -0.104085 5.602081 -0.423063
v -0.107525 5.477081 -0.444872
v -0.110582 5.410868 -0.451117
v -0.113286 5.247108 -0.447638
v -0.114796 5.159413 -0.437123
v -0.115687 5.071316 -0.425756
v -0.119611 4.892651 -0.405735
v -0.122905 4.786105 -0.398678
v -0.126309 4.659178 -0.404792
v -0.130556 4.514476 -0.422387
v -0.130411 4.342513 -0.426334
v -0.130383 4.181341 -0.441166
v -0.132083 4.044737 -0.478221
v -0.134260 3.931437 -0.521220
v -0.133394 3.844151 -0.565532
v -0.129640 3.773247 -0.607514
v -0.125546 3.704398 -0.644434
v -0.123838 3.628256 -0.672788
v -0.131089 3.463959 -0.703286
v -0.156224 3.317415 -0.708477
v -0.154797 3.220656 -0.693288
v -0.149528 3.080691 -0.587459
v -0.188700 3.011178 -0.430803
v -0.222721 2.909768 -0.333977
v -0.238748 2.808469 -0.287941
v -0.249324 2.694507 -0.254481
v -0.270648 2.556789 -0.220105
v -0.308104 2.390578 -0.178803
v -0.354035 2.203052 -0.129348
v -0.390352 2.005859 -0.101505
v -0.409848 1.808815 -0.117203
v -0.407431 1.608676 -0.154674
v -0.402246 1.406927 -0.200490
v -0.402625 1.200660 -0.219962
v -0.436303 1.000864 -0.213190
v -0.470709 0.807589 -0.207647
v -0.476205 0.623395 -0.192129
v -0.480658 0.464921 -0.167211
v -0.493512 0.341494 -0.135225
v -0.469260 0.260819 -0.132280
v -0.434997 0.151034 -0.157744
v -0.456415 0.044199 -0.123361
v -0.484467 -0.006658 -0.089314
v -0.515043 -0.036188 -0.069451
v -0.553769 -0.057514 -0.052592
v -0.585480 -0.066070 -0.032565
v -0.608554 -0.069581 -0.018878
v -0.626005 -0.073387 0.005432
v -0.642642 -0.077821 0.067735
v -0.657711 -0.075591 0.135096
v -0.679457 -0.049524 0.257618
v -0.691472 -0.026580 0.354021
v -0.713539 -0.050491 0.477159
v -0.064848 3.527218 -0.685929
v -0.125267 3.545505 -0.691855
v -0.181053 3.557934 -0.688179
v -0.231202 3.564515 -0.681509
v -0.287593 3.566011 -0.671765
v -0.347374 3.562184 -0.658167
v -0.408383 3.549920 -0.641160
v -0.464871 3.525860 -0.623802
v -0.552393 3.421061 -0.597853
v -0.612979 3.326032 -0.557516
v -0.656194 3.215640 -0.498287
v -0.662965 3.097112 -0.434136
v -0.678967 2.955267 -0.407514
v -0.686186 2.797831 -0.376266
v -0.686454 2.620901 -0.335636
v -0.681955 2.420714 -0.286378
v -0.673378 2.217455 -0.211980
v -0.673656 2.020296 -0.168465
v -0.692644 1.818170 -0.180631
v -0.717966 1.618564 -0.222180
v -0.740068 1.420095 -0.263213
v -0.754494 1.217035 -0.284905
v -0.754868 1.013841 -0.281569
v -0.741188 0.815756 -0.258930
v -0.719279 0.630471 -0.228555
v -0.699668 0.466444 -0.204667
v -0.679706 0.332178 -0.183871
v -0.665790 0.218565 -0.181488
v -0.653418 0.095510 -0.205417
v -0.647426 0.012288 -0.166171
v -0.648434 -0.026922 -0.123177
v -0.672396 -0.038071 -0.097697
v -0.692131 -0.043664 -0.079181
v -0.728791 -0.048521 -0.044187
v -0.779376 -0.046741 0.022911
v -0.825114 -0.027065 0.110167
v -0.847743 0.000179 0.224898
v -0.885672 0.019125 0.315234
v -0.946767 0.012877 0.426671
v -1.032282 0.142596 0.409605
v -0.971689 0.101124 0.272859
v -0.889498 0.030273 0.167101
v -0.838147 -0.014057 0.171639
v -0.786920 -0.044690 0.179388
v -0.743734 -0.059095 0.188626
v -0.706407 -0.064350 0.193832
v -0.669411 -0.066088 0.198065
v -0.632522 -0.064697 0.206181
v -0.594806 -0.062268 0.212970
v -0.535460 -0.057244 0.218766
v -0.460562 -0.039506 0.220902
v -0.382271 0.011006 0.217212
v -0.341665 0.101575 0.206074
v -0.356026 0.170882 0.158658
v -0.373641 0.212885 0.123091
v -0.419770 0.268759 0.153278
v -0.455298 0.330021 0.134027
v -0.426231 0.461614 0.144767
v -0.400231 0.621741 0.153875
v -0.377249 0.797662 0.161126
v -0.346863 0.981711 0.172932
v -0.323024 1.173418 0.183667
v -0.308663 1.369662 0.192104
v -0.294134 1.570308 0.211160
v -0.271668 1.771347 0.232448
v -0.226405 1.968609 0.258436
v -0.165183 2.167347 0.277710
v -0.123067 2.374681 0.283295
v -0.100376 2.575696 0.276166
v -0.085591 2.736017 0.266392
v -0.076146 2.812487 0.264234
v -0.068631 2.859913 0.253857
v -0.047426 2.920182 0.232226
v -0.697329 0.283143 0.560773
v -0.695910 0.300836 0.474461
v -0.692063 0.315033 0.406643
v -0.687385 0.327881 0.349402
v -0.686373 0.359556 0.320342
v -0.691307 0.428639 0.344375
v -0.699620 0.592618 0.388225
v -0.705122 0.774590 0.414135
v -0.705527 0.957345 0.431902
v -0.702766 1.136798 0.449313
v -0.698783 1.310958 0.471021
v -0.688691 1.475549 0.492142
v -0.685936 1.613587 0.521625
v -0.681250 1.758277 0.546915
v -0.668318 1.909951 0.542918
v -0.646845 2.051983 0.527336
v -0.642691 2.228363 0.543703
v -0.633146 2.439866 0.560539
v -0.607413 2.646269 0.555244
v -0.580190 2.818882 0.540436
v -0.550815 2.960280 0.535965
v -0.542984 3.064392 0.594691
v -0.535572 3.162622 0.679499
v -0.500672 3.297348 0.767068
v -0.342706 3.399571 0.870854
v -0.173933 3.418039 0.923618
v -0.884496 0.292775 0.265263
v -0.921664 0.284009 0.345179
v -0.940845 0.282440 0.461576
v -0.950371 0.275081 0.563977
v -0.074202 6.686518 1.747957
v -0.060277 6.612124 1.578300
v -0.059233 6.558727 1.446166
v -0.044489 6.518812 1.323569
v -0.039358 6.493933 1.207439
v -0.045880 6.496324 1.099390
v -0.073103 6.509330 1.028043
v -0.098032 6.473897 0.971344
v -0.092958 6.421566 0.943361
v -0.081751 6.384353 0.914059
v -0.079620 6.355855 0.860703
v -0.087344 6.328655 0.826042
v -0.092551 6.293818 0.815831
v -0.090934 6.240104 0.811017
v -0.091008 6.155851 0.785586
v -0.092486 6.038807 0.681044
v -0.086615 5.933117 0.514878
v -0.084514 5.875784 0.382418
v -0.084871 5.820130 0.300385
v -0.108117 5.741456 0.369344
v -0.103237 5.621015 0.448534
v -0.109400 5.511987 0.506270
v -0.136790 5.189979 0.641279
v -0.139002 5.046805 0.678058
v -0.136550 4.884781 0.712936
v -0.131506 4.725732 0.753361
v -0.139986 4.566567 0.802742
v -0.146886 4.382485 0.858496
v -0.134955 4.186513 0.911255
v -0.127108 3.975657 0.953942
v -0.117816 3.778735 0.973328
v -0.103381 3.548701 0.961270
v -0.084478 3.421442 0.937581
v -0.073340 3.319794 0.909751
v -0.081101 3.076289 0.779107
v -0.070061 2.954663 0.569602
v -0.029509 2.919459 0.366856
v -0.017127 2.941964 0.221693
v -0.017719 2.973381 0.082712
v -0.033272 3.006327 -0.134814
v -0.047699 3.071112 -0.364287
v -0.025450 3.189600 -0.577441
v -0.033735 3.325413 -0.666366
v -0.090357 3.374774 -0.702985
v -0.143332 3.389959 -0.708089
v -0.195016 3.399858 -0.704858
v -0.246304 3.408839 -0.699098
v -0.297460 3.419578 -0.690665
v -0.346551 3.431364 -0.679597
v -0.394457 3.440134 -0.665860
v -0.450021 3.440593 -0.646677
v -0.508769 3.482351 -0.612064
v -0.557273 3.540416 -0.568567
v -0.595947 3.609217 -0.519932
v -0.624125 3.691234 -0.466690
v -0.638789 3.792593 -0.411198
v -0.632599 3.928280 -0.376366
v -0.622843 4.080421 -0.356993
v -0.624676 4.261539 -0.358873
v -0.639718 4.465865 -0.375129
v -0.638635 4.642282 -0.376429
v -0.637051 4.778740 -0.375802
v -0.630962 4.883906 -0.380826
v -0.620607 4.972351 -0.387667
v -0.605964 5.119902 -0.399880
v -0.595431 5.212874 -0.407640
v -0.582126 5.311655 -0.413318
v -0.556121 5.473951 -0.407952
v -0.541540 5.549007 -0.395353
v -0.503955 5.672808 -0.356203
v -0.476686 5.736754 -0.324233
v -0.437591 5.792449 -0.288073
v -0.383136 5.859254 -0.229162
v -0.458796 5.971690 -0.298161
v -0.542739 6.123988 -0.367306
v -0.630808 6.295801 -0.438638
v -0.714073 6.496645 -0.511771
v -0.774960 6.738471 -0.570879
v -0.825147 7.002630 -0.537448
v -0.831540 7.252967 -0.439713
v -0.808384 7.464318 -0.258893
v -0.764461 7.590194 -0.036457
v -0.715158 7.641370 0.114847
v -0.638975 7.690462 0.227038
v -0.546703 7.733449 0.316032
v -0.465548 7.760744 0.375432
v -0.396159 7.776570 0.420728
v -0.330362 7.783720 0.463683
v -0.264869 7.782748 0.507717
v -0.200233 7.775913 0.548837
v -0.068992 7.755518 0.610674
v -0.072266 6.770305 1.919331
v -0.122784 6.803165 1.757614
v -0.117758 6.858893 1.575584
v -0.100889 6.907682 1.394758
v -0.092262 6.975215 1.222232
v -0.102474 7.069138 1.068150
v -0.140597 7.206278 0.978751
v -0.158414 7.379780 0.911816
v -0.154816 7.532708 0.820530
v -0.144290 7.662645 0.709019
v -0.135573 7.767869 0.581107
v -0.128713 7.852910 0.431034
v -0.120716 7.917404 0.240673
v -0.112048 7.942294 0.010541
v -0.161219 7.925508 -0.116275
v -0.232005 7.901862 -0.169239
v -0.295889 7.876331 -0.203652
v -0.356758 7.850962 -0.217853
v -0.434147 7.813691 -0.226758
v -0.523138 7.761870 -0.230405
v -0.617405 7.696716 -0.219033
v -0.741534 7.589520 -0.172742
v -0.790839 7.534849 -0.149913
v -0.843046 7.465741 -0.121511
v -0.902144 7.365282 -0.084872
v -0.945765 7.261671 -0.055718
v -1.000901 7.193514 0.002492
v -1.076970 7.241762 -0.032023
v -1.157858 7.309894 -0.083579
v -1.242508 7.383413 -0.128353
v -1.315702 7.433629 -0.167426
v -1.410960 7.502023 -0.211498
v -1.502048 7.555166 -0.255723
v -1.588205 7.603821 -0.295354
v -1.666089 7.646336 -0.332279
v -1.736921 7.678914 -0.378648
v -1.790263 7.706061 -0.408143
v -1.826285 7.725027 -0.424856
v -1.856469 7.735398 -0.431059
v -0.076637 6.811448 1.952514
v -2.479540 3.408616 1.046974
v -2.401819 3.401377 1.032933
v -2.443401 3.333932 1.099336
v -2.500733 3.357456 1.108482
v -2.572095 3.331659 1.083567
v -2.559024 3.375378 1.020839
v -2.378248 3.332413 1.006405
v -2.413650 3.281427 1.077107
v -2.421399 3.226386 1.050838
v -2.397808 3.270485 0.980807
v -2.557060 3.287348 0.981409
v -2.568662 3.261755 1.045478
v -2.465373 3.193332 1.029984
v -2.449704 3.223377 0.965232
v -2.511605 3.244425 0.967040
v -2.531994 3.202778 1.017449
v -2.472029 3.281050 1.171967
v -2.527804 3.301620 1.175557
v -2.595333 3.278201 1.147708
v -2.445239 3.181827 1.120651
v -2.439348 3.230953 1.149849
v -2.483987 3.150073 1.091918
v -2.545944 3.161111 1.082428
v -2.604112 3.203842 1.101490
v -2.565394 3.088130 1.132851
v -2.494561 3.094929 1.151262
v -2.450229 3.126724 1.187644
v -2.625877 3.139606 1.165601
v -2.609994 3.210308 1.216850
v -2.499329 3.225635 1.246811
v -2.555411 3.232082 1.236803
v -2.449674 3.179182 1.224306
v -2.568899 3.164493 1.274214
v -2.606127 3.149462 1.260300
v -2.531159 3.161554 1.291740
v -2.484206 3.125316 1.286660
v -2.480862 3.077549 1.262599
v -2.519038 3.040829 1.227162
v -2.577019 3.047761 1.215265
v -2.618687 3.086462 1.227823
v -2.548917 3.113461 1.317370
v -2.579728 3.114881 1.302962
v -2.607628 3.111172 1.286678
v -2.520629 3.090293 1.312176
v -2.517983 3.060259 1.293806
v -2.537339 3.038680 1.269648
v -2.576091 3.041868 1.259359
v -2.606636 3.069871 1.272036
v -2.575755 3.060622 1.310427
v -2.635404 3.387689 1.021979
v -2.709393 3.417498 1.003376
v -2.764247 3.387829 0.950488
v -2.717947 3.318987 1.091697
v -2.786185 3.353379 1.065307
v -2.816719 3.321755 1.012458
v -2.701168 3.271969 1.089962
v -2.618327 3.318124 1.017648
v -2.697005 3.216477 1.062077
v -2.594936 3.261418 0.968426
v -2.642849 3.234103 0.922615
v -2.725192 3.208733 1.013281
v -2.769199 3.216198 0.984108
v -2.715950 3.259755 0.893734
v -2.802559 3.257642 0.976602
v -2.772547 3.305623 0.941032
v -2.851895 3.280040 1.121179
v -2.878129 3.252113 1.072606
v -2.786273 3.249767 1.153093
v -2.761769 3.212119 1.152988
v -2.747656 3.152657 1.117474
v -2.781675 3.144624 1.075224
v -2.826609 3.150216 1.039719
v -2.867163 3.173718 1.031962
v -2.868242 3.083711 1.088634
v -2.824422 3.081529 1.124906
v -2.802154 3.095152 1.177208
v -2.910779 3.106994 1.082234
v -2.929084 3.180176 1.129404
v -2.902947 3.202430 1.175697
v -2.845526 3.181884 1.202671
v -2.815671 3.142404 1.201815
v -2.928993 3.117171 1.207391
v -2.958135 3.105496 1.172267
v -2.894755 3.114748 1.233778
v -2.859297 3.086546 1.241594
v -2.846657 3.052393 1.216296
v -2.860146 3.021717 1.173978
v -2.916176 3.024621 1.136097
v -2.955044 3.053978 1.138708
v -2.941477 2.998858 1.186968
v -2.910209 2.997949 1.211355
v -2.966070 3.025469 1.172725
v -2.887055 3.020281 1.230908
v -2.900814 3.040427 1.253637
v -2.915174 3.062843 1.249140
v -2.942505 3.066890 1.227313
v -2.970288 3.060597 1.195531
v -2.948960 3.013195 1.232130
v -2.906667 3.326389 0.961763
v -2.956245 3.319357 0.896081
v -2.887415 3.388242 0.825663
v -2.848141 3.410027 0.898333
v -2.870807 3.279043 0.977963
v -2.788732 3.388124 0.916339
v -2.963109 3.267704 0.867828
v -2.896795 3.339571 0.804658
v -2.787308 3.295454 0.932059
v -2.868218 3.211148 0.986995
v -2.867549 3.178437 0.931603
v -2.764601 3.246590 0.873126
v -2.961773 3.206990 0.864458
v -2.842118 3.265620 0.764437
v -2.810603 3.227173 0.810672
v -2.898267 3.191759 0.886369
v -2.965842 3.258667 1.014015
v -3.016145 3.259165 0.953255
v -2.929889 3.214268 1.027781
v -3.018499 3.215127 0.913204
v -2.997492 3.163832 0.908380
v -2.961778 3.136012 0.938129
v -2.928396 3.123328 0.977245
v -2.919801 3.162234 1.022508
v -3.062750 3.197116 1.002594
v -3.020102 3.193092 1.050486
v -3.065550 3.160407 0.953261
v -2.985000 3.156135 1.061525
v -2.978188 3.110337 1.057783
v -2.967866 3.083535 1.009028
v -2.998869 3.093997 0.967465
v -3.038974 3.119273 0.946216
v -3.082237 3.130900 1.037823
v -3.055137 3.128132 1.063933
v -3.026871 3.109218 1.081272
v -3.015349 3.078292 1.082780
v -3.000408 3.051206 1.050132
v -3.036080 3.044175 0.982563
v -3.080393 3.077760 0.975011
v -3.100101 3.110385 0.989542
v -3.099549 3.079814 1.061382
v -3.079941 3.081992 1.076934
v -3.056633 3.074458 1.090371
v -3.049415 3.048704 1.087521
v -3.042280 3.028645 1.069052
v -3.079656 3.018373 1.046554
v -3.106239 3.044454 1.019739
v -3.116024 3.067571 1.028166
v -3.094793 3.043444 1.073098
v -2.942808 3.418691 0.742441
v -2.914089 3.390774 0.786650
v -2.994256 3.338152 0.815377
v -3.021509 3.365745 0.785177
v -2.958054 3.412418 0.682615
v -3.034756 3.346268 0.733284
v -2.951938 3.370105 0.649377
v -3.027063 3.304023 0.700129
v -2.980070 3.294931 0.818810
v -2.918701 3.318828 0.796533
v -2.852653 3.264349 0.721366
v -2.960760 3.245572 0.778162
v -2.920058 3.301430 0.622203
v -3.007297 3.256570 0.691897
v -2.975274 3.243426 0.729020
v -2.888831 3.264946 0.668879
v -3.089329 3.312341 0.822244
v -3.101933 3.292154 0.773604
v -3.058285 3.289618 0.849700
v -3.095290 3.245448 0.739805
v -3.037891 3.243140 0.846423
v -3.029862 3.202433 0.814321
v -3.047466 3.203079 0.772989
v -3.070215 3.210075 0.738308
v -3.151125 3.251245 0.854876
v -3.162889 3.244478 0.811522
v -3.114486 3.231186 0.880134
v -3.095107 3.192330 0.878424
v -3.157249 3.210200 0.775376
v -3.129744 3.161323 0.759874
v -3.095760 3.146600 0.796843
v -3.079216 3.150481 0.852078
v -3.182134 3.122386 0.790422
v -3.146143 3.094365 0.821317
v -3.128744 3.115429 0.879869
v -3.213061 3.164764 0.804177
v -3.205784 3.183572 0.838921
v -3.185640 3.188477 0.869941
v -3.163135 3.173021 0.899313
v -3.142692 3.145655 0.907381
v -3.191557 3.139481 0.908630
v -3.210139 3.144203 0.882897
v -3.227196 3.144648 0.857795
v -3.226497 3.130275 0.826177
v -3.204396 3.101694 0.828828
v -3.191520 3.089826 0.853097
v -3.174411 3.101006 0.888717
v -3.182501 3.118779 0.909244
v -3.214510 3.110055 0.879354
v -3.015094 3.407842 0.640694
v -3.030281 3.436261 0.603113
v -2.965933 3.466593 0.584109
v -2.945496 3.424372 0.623771
v -2.972159 3.454304 0.534701
v -3.029415 3.427969 0.554079
v -2.965981 3.422723 0.506170
v -3.025022 3.399106 0.529196
v -2.939842 3.387516 0.619454
v -3.004602 3.362984 0.638468
v -2.928324 3.355030 0.590060
v -2.999357 3.330609 0.611718
v -3.008120 3.354747 0.536190
v -2.946542 3.378686 0.500045
v -2.915886 3.347876 0.542598
v -2.994245 3.333668 0.566669
v -3.074896 3.373521 0.651186
v -3.091326 3.398129 0.621422
v -3.086249 3.390600 0.577329
v -3.085059 3.363609 0.554664
v -3.067419 3.329624 0.565904
v -3.058635 3.310649 0.590764
v -3.054930 3.298546 0.627738
v -3.063675 3.330205 0.654184
v -3.116733 3.283918 0.572094
v -3.103924 3.261661 0.595048
v -3.099779 3.255531 0.645539
v -3.145270 3.323130 0.579845
v -3.154428 3.342353 0.607775
v -3.133702 3.329364 0.665545
v -3.148705 3.350372 0.640191
v -3.124023 3.292337 0.671127
v -3.157373 3.216352 0.612344
v -3.147598 3.224870 0.650822
v -3.179851 3.242818 0.587679
v -3.192325 3.278624 0.599592
v -3.198175 3.291528 0.628165
v -3.193144 3.289150 0.650776
v -3.184429 3.280121 0.671154
v -3.171275 3.258606 0.680323
v -3.207312 3.236944 0.673114
v -3.221298 3.246519 0.656838
v -3.223865 3.253954 0.638345
v -3.221189 3.244574 0.622324
v -3.207491 3.222272 0.623556
v -3.198457 3.215052 0.637535
v -3.195374 3.215776 0.658509
v -3.200442 3.228672 0.671513
v -3.221676 3.226260 0.649887
v -2.736751 3.507116 0.403451
v -2.671408 3.457092 0.448680
v -2.638202 3.443865 0.489898
v -2.602718 3.435315 0.531878
v -2.535804 3.418168 0.599643
v -2.502009 3.405699 0.629783
v -2.456928 3.393875 0.656484
v -2.410234 3.383460 0.684683
v -2.331145 3.383714 0.776802
v -2.807567 3.590761 0.456247
v -2.774047 3.542394 0.410543
v -2.671387 3.612993 0.743814
v -2.709716 3.622587 0.691476
v -2.743321 3.630122 0.639991
v -2.775669 3.633284 0.582706
v -2.800755 3.623651 0.519625
v -2.504200 3.586930 0.870346
v -2.428998 3.554355 0.897325
v -2.347032 3.505314 0.908078
v -2.307823 3.427437 0.857726
v -2.371014 3.317308 0.884818
v -2.345208 3.379692 0.930286
v -2.377654 3.451664 0.969527
v -2.460676 3.479013 0.964901
v -2.430688 3.286244 0.872174
v -2.545034 3.493463 0.945221
v -2.489359 3.282099 0.872500
v -2.548277 3.269572 0.872548
v -2.460186 3.314353 0.769729
v -2.504797 3.313555 0.747136
v -2.554288 3.318072 0.721866
v -2.603575 3.326485 0.689031
v -2.689679 3.342851 0.599681
v -2.729116 3.355996 0.547635
v -2.768067 3.377085 0.498759
v -2.816508 3.408465 0.458115
v -2.851133 3.447520 0.448388
v -2.881557 3.514991 0.480782
v -2.885461 3.545865 0.546034
v -2.863672 3.545728 0.624727
v -2.744098 3.518962 0.805670
v -2.788560 3.529898 0.744972
v -2.823982 3.541470 0.689516
v -2.698411 3.265067 0.822132
v -2.617845 3.260857 0.848642
v -2.802391 3.279299 0.702699
v -2.834527 3.298536 0.632929
v -2.864831 3.337535 0.585942
v -2.749860 3.263563 0.756143
v -2.648793 3.334592 0.647680
v -2.572108 3.425463 0.569250
v -2.518141 3.468874 0.519914
v -2.463330 3.518605 0.475872
v -2.415615 3.597232 0.446862
v -2.335299 3.668811 0.383614
v -2.247005 3.743817 0.308492
v -2.148661 3.841657 0.237634
v -2.033576 3.962373 0.159155
v -1.899684 4.103038 0.065066
v -1.750493 4.265023 -0.048164
v -1.587012 4.429206 -0.167023
v -1.415112 4.602138 -0.240245
v -1.275056 4.762116 -0.243259
v -1.179553 4.870748 -0.231422
v -1.105291 4.939126 -0.218072
v -1.056888 4.984561 -0.215326
v -1.005044 5.010103 -0.219321
v -0.932252 5.043690 -0.247395
v -0.830142 5.049145 -0.304446
v -0.719399 5.046629 -0.363414
v -0.613323 5.042300 -0.393378
v -0.517815 5.034830 -0.408819
v -0.427418 5.026206 -0.416696
v -0.347355 5.019040 -0.419389
v -0.283464 5.011985 -0.419455
v -0.227398 5.003867 -0.418543
v -0.174223 4.996576 -0.417417
v -0.117087 4.985409 -0.415713
v -0.057671 4.977334 -0.414167
v -2.654626 3.450525 0.943625
v -2.569101 3.429564 0.978800
v -2.621269 3.506126 0.907074
v -2.572047 3.599841 0.833203
v -2.534799 3.652781 0.786040
v -2.494945 3.704706 0.736451
v -2.446466 3.750340 0.680605
v -2.371117 3.840615 0.640378
v -2.291749 3.956907 0.626097
v -2.196286 4.078823 0.586917
v -2.082886 4.211524 0.527702
v -1.952662 4.361555 0.458509
v -1.811266 4.526824 0.387686
v -1.669049 4.678498 0.322295
v -1.540430 4.833280 0.296578
v -1.422892 4.982376 0.292652
v -1.313923 5.117158 0.299728
v -1.204152 5.226628 0.310980
v -1.087086 5.297749 0.313737
v -0.972243 5.332823 0.338082
v -0.867274 5.348020 0.403401
v -0.746203 5.350986 0.486508
v -0.585483 5.345109 0.555315
v -0.417614 5.330306 0.584416
v -0.267921 5.318665 0.595001
v -0.131804 5.317566 0.595665
v -2.787894 3.465706 0.841935
v -2.839055 3.449117 0.775014
v -2.905390 3.472002 0.640402
v -2.921686 3.494912 0.568037
v -2.870957 3.471453 0.709298
v -2.926018 3.483783 0.509555
v -2.887637 3.407218 0.473400
v -2.839906 3.356577 0.517537
v -2.786112 3.320585 0.581052
v -2.740645 3.296021 0.638373
v -2.691727 3.284202 0.692030
v -2.641119 3.278128 0.740106
v -2.582716 3.277176 0.775460
v -2.525931 3.282414 0.803335
v -2.474420 3.293351 0.817171
v -2.436699 3.344204 0.728422
v -2.481724 3.352084 0.701945
v -2.528739 3.362420 0.677160
v -2.571655 3.374779 0.646586
v -2.612268 3.384066 0.610843
v -2.648400 3.390339 0.569710
v -2.684351 3.399431 0.521747
v -2.722144 3.412189 0.477226
v -2.781153 3.455299 0.428360
v -2.814311 3.492960 0.427401
v -2.845795 3.554322 0.463841
v -2.847477 3.586951 0.533061
v -2.821890 3.593143 0.605924
v -2.785724 3.587430 0.666045
v -2.750578 3.578499 0.718745
v -2.708928 3.567636 0.776201
v -2.599149 3.553507 0.872719
v -2.530183 3.539824 0.911632
v -2.473272 3.445081 1.003754
v -2.386114 3.429775 1.002987
v -2.361155 3.358894 0.965270
v -2.381414 3.293909 0.935875
v -2.439011 3.262075 0.918480
v -2.495828 3.266474 0.920931
v -2.532297 3.288259 0.930949
v -2.583687 3.382935 1.002918
v -2.926492 3.406224 0.646317
v -2.922805 3.376706 0.622340
v -2.900364 3.353449 0.592615
v -2.885807 3.348509 0.556096
v -0.057309 5.328162 -0.453261
v -0.111946 5.332530 -0.453440
v -0.164118 5.340695 -0.453551
v -0.212225 5.345119 -0.452880
v -0.263996 5.351882 -0.451471
v -0.324552 5.359610 -0.448672
v -0.396604 5.370131 -0.443279
v -0.477349 5.384435 -0.433156
v -0.568298 5.398182 -0.413760
v -0.669520 5.412250 -0.376032
v -0.774896 5.422521 -0.325156
v -0.885847 5.422765 -0.280314
v -0.998790 5.407784 -0.254986
v -1.110707 5.352842 -0.237953
v -1.223804 5.250924 -0.221410
v -1.338802 5.118638 -0.207928
v -1.473442 4.975017 -0.205672
v -1.624241 4.812888 -0.201058
v -1.768640 4.627439 -0.149705
v -1.899976 4.436996 -0.057989
v -2.033190 4.248326 0.039062
v -2.159414 4.085731 0.117431
v -2.262155 3.958714 0.187637
v -2.350895 3.849218 0.265996
v -2.422456 3.760458 0.347388
v -2.511955 3.668667 0.381537
v -2.582872 3.597138 0.371882
v -2.645947 3.533907 0.390008
v -2.702139 3.478308 0.418669
v -2.751194 3.431791 0.446689
v -2.786476 3.399093 0.469628
v -2.578611 3.320679 0.986486
v -2.562886 3.284945 0.948140
v -2.579465 3.256328 0.913231
v -2.720963 3.280910 0.866467
v -2.750648 3.312181 0.907070
v -2.754907 3.397599 0.919350
v -0.122746 5.417130 0.551743
v -0.254885 5.422319 0.547811
v -0.400897 5.430864 0.539741
v -0.566374 5.441389 0.514718
v -0.722829 5.441709 0.458118
v -0.847912 5.434011 0.391116
v -0.962838 5.414535 0.331285
v -1.089484 5.369249 0.303715
v -1.221798 5.293321 0.293628
v -1.341697 5.172661 0.277507
v -1.458160 5.024906 0.269895
v -1.578559 4.869654 0.271824
v -1.709042 4.709152 0.294365
v -1.853799 4.554733 0.353665
v -2.000957 4.389074 0.421059
v -2.130608 4.241642 0.489134
v -2.247923 4.105915 0.550285
v -2.343071 3.977333 0.592233
v -2.414273 3.854170 0.613088
v -2.482173 3.759421 0.650453
v -2.539086 3.711707 0.701229
v -2.583729 3.659303 0.747320
v -2.629582 3.602811 0.793117
v -2.657920 3.560352 0.828257
v -2.687550 3.510871 0.860445
v -2.724304 3.444725 0.893173
v -2.869229 3.394499 0.779369
v -2.902357 3.333679 0.796234
v -2.827455 3.274889 0.724460
v -2.914151 3.450462 0.484931
v -2.872257 3.484955 0.461597
v -2.837916 3.527573 0.443634
v -2.800586 3.569065 0.433513
v -2.727901 3.629617 0.417299
v -2.651249 3.679123 0.408078
v -2.563125 3.725139 0.407773
v -2.472514 3.816409 0.376233
v -2.408713 3.920781 0.306255
v -2.326942 4.038969 0.237527
v -2.231188 4.173593 0.165021
v -2.108277 4.340515 0.091141
v -1.974241 4.532026 0.016883
v -1.838173 4.734581 -0.046244
v -1.694231 4.924889 -0.083278
v -1.536140 5.095716 -0.096695
v -1.393758 5.264466 -0.107660
v -1.261755 5.436865 -0.128244
v -1.116712 5.582865 -0.162099
v -0.973201 5.667307 -0.186261
v -0.843090 5.677774 -0.218740
v -0.714109 5.661895 -0.261958
v -0.608825 5.636659 -0.329888
v -0.525039 5.613598 -0.377666
v -0.444042 5.590753 -0.406383
v -0.368574 5.572373 -0.421666
v -0.300817 5.558204 -0.429667
v -0.242689 5.548728 -0.433533
v -0.197037 5.543506 -0.434937
v -0.153887 5.540345 -0.435547
v -0.105605 5.538828 -0.435526
v -0.055268 5.535713 -0.435976
v -2.423790 3.305740 0.824409
v -2.364007 3.335298 0.824549
v -2.338887 3.400090 0.900076
v -2.367301 3.473097 0.946934
v -2.449394 3.512871 0.937731
v -0.042882 3.045628 -0.257065
v -0.090967 3.007558 -0.239366
v -0.124843 2.884185 -0.165061
v -0.142123 2.796586 -0.121190
v -0.158767 2.703182 -0.097928
v -0.175520 2.566829 -0.076617
v -0.207253 2.388827 -0.054053
v -0.253616 2.190068 -0.025894
v -0.297248 1.995418 -0.011463
v -0.317487 1.800142 -0.024234
v -0.321141 1.600543 -0.058690
v -0.317953 1.394327 -0.095458
v -0.327242 1.191206 -0.112943
v -0.366407 0.995770 -0.112637
v -0.409767 0.805550 -0.123179
v -0.419944 0.624102 -0.112058
v -0.432755 0.465154 -0.094160
v -0.456306 0.341435 -0.072664
v -0.423901 0.269036 -0.070828
v -0.379108 0.166299 -0.083738
v -0.394074 0.069479 -0.057252
v -0.429837 0.007720 -0.026158
v -0.464596 -0.034392 0.006596
v -0.513357 -0.062144 0.027362
v -0.560180 -0.071954 0.037182
v -0.592539 -0.075357 0.039847
v -0.613309 -0.076132 0.037392
v -0.633696 -0.075982 0.034156
v -0.657954 -0.074889 0.031704
v -0.684877 -0.071411 0.022537
v -0.716100 -0.064569 0.007730
v -0.753156 -0.050043 -0.013963
v -0.797192 -0.006512 -0.033585
v -0.824857 0.070694 -0.055464
v -0.824822 0.167238 -0.056491
v -0.802517 0.257045 -0.040893
v -0.808231 0.361905 -0.038686
v -0.820792 0.489048 -0.039395
v -0.838252 0.640677 -0.042913
v -0.866844 0.813172 -0.049221
v -0.906416 1.000536 -0.052089
v -0.929301 1.198788 -0.046472
v -0.939498 1.402987 -0.043149
v -0.927008 1.614281 -0.037040
v -0.889283 1.822032 -0.029171
v -0.871462 2.029092 -0.029906
v -0.896843 2.237282 -0.051352
v -0.918517 2.460631 -0.071803
v -0.912049 2.695770 -0.090566
v -0.893960 2.877437 -0.123417
v -0.898127 2.987972 -0.083180
v -0.897145 3.133329 -0.072897
v -0.901521 3.299355 -0.064846
v -0.913572 3.499545 -0.057508
v -0.899312 3.712084 -0.046675
v -0.852898 3.926209 -0.032199
v -0.784271 4.134862 -0.012044
v -0.737141 4.344074 0.000198
v -0.766586 4.546499 0.001796
v -0.835274 4.699235 -0.003385
v -0.897270 4.821586 -0.010321
v -0.950503 4.878761 -0.006280
v -1.001162 4.872897 -0.007633
v -1.035735 4.848054 -0.004831
v -1.078201 4.805338 0.001791
v -1.140671 4.735578 0.007948
v -1.225662 4.639012 0.016425
v -1.337235 4.508941 0.039237
v -1.473958 4.356931 0.085914
v -1.626923 4.200895 0.159888
v -1.774189 4.048639 0.253067
v -1.909224 3.915563 0.338482
v -2.029965 3.804549 0.411037
v -2.134027 3.720165 0.472334
v -2.237748 3.658567 0.525066
v -2.316323 3.581233 0.580471
v -2.329304 3.505828 0.625885
v -2.344480 3.435938 0.676683
v -2.368651 3.380164 0.723902
v -2.397687 3.340803 0.764531
v -2.427108 3.318836 0.786235
v -2.389276 3.739865 0.691874
v -2.436327 3.756664 0.672359
v -2.471936 3.766571 0.643109
v -2.499859 3.773057 0.607550
v -2.520241 3.777470 0.566526
v -2.540952 3.773339 0.525653
v -2.548141 3.770570 0.485087
v -2.551734 3.761255 0.452015
v -2.553267 3.746087 0.426028
v -2.549913 3.732242 0.408853
v -2.539973 3.718147 0.396249
v -2.524369 3.697984 0.386777
v -2.502416 3.678700 0.385018
v -2.479712 3.656886 0.390783
v -2.455320 3.636841 0.404816
v -2.430619 3.621999 0.423815
v -2.408859 3.609421 0.444153
v -2.390045 3.598200 0.465651
v -2.370190 3.591093 0.488691
v -2.346297 3.591342 0.516234
v -2.328355 3.590992 0.547097
v -2.313365 3.593431 0.576313
v -2.297187 3.610176 0.611694
v -2.290547 3.633283 0.647010
v -2.301275 3.668391 0.679339
v -2.337530 3.709654 0.694335
v 0.143108 3.494107 0.955820
v 0.304166 3.531447 0.921636
v 0.438911 3.652039 0.879224
v 0.570472 3.754675 0.807513
v 0.698238 3.838326 0.702217
v 0.799500 3.891739 0.566476
v 0.862268 3.925669 0.407049
v 0.883626 3.942148 0.238989
v 0.875377 3.946132 0.075636
v 0.848434 3.951501 -0.058835
v 0.588984 3.930917 -0.416493
v 0.461615 3.907090 -0.494959
v 0.216144 3.820391 -0.604839
v 0.130965 3.375196 0.930207
v 0.000000 3.371695 0.938586
v 0.256912 3.389362 0.907107
v 0.115027 3.251903 0.891324
v 0.220768 3.263365 0.876477
v 0.086029 3.066706 0.783122
v 0.163319 3.069694 0.775505
v 0.068357 2.996575 0.699132
v 0.130817 2.993213 0.692319
v 0.000000 2.938330 0.519119
v 0.045985 2.930385 0.513297
v 0.078017 2.916940 0.509227
v 0.000000 2.916971 0.413926
v 0.031731 2.911902 0.417906
v 0.051993 2.899486 0.415181
v 0.024605 2.913187 0.323865
v 0.039683 2.903353 0.322613
v 0.000000 2.927796 0.253358
v 0.020333 2.924700 0.256523
v 0.037100 2.914471 0.253545
v -0.000000 2.937583 0.199143
v 0.017337 2.935844 0.200716
v 0.034847 2.924618 0.197503
v 0.000000 2.951229 0.140507
v 0.017345 2.948715 0.142277
v 0.034112 2.934553 0.138844
v 0.000000 2.972193 0.054577
v 0.017621 2.966342 0.057446
v 0.030667 2.953750 0.057429
v 0.000000 2.981861 -0.020058
v 0.016597 2.977286 -0.019028
v 0.030139 2.966383 -0.016700
v 0.000000 2.993050 -0.089184
v 0.015276 2.991144 -0.093228
v 0.028667 2.983960 -0.093187
v 0.030185 3.010889 -0.175714
v 0.000000 3.016081 -0.170901
v 0.016041 3.014561 -0.172336
v 0.031283 3.036571 -0.250033
v 0.000000 3.042265 -0.250422
v 0.016651 3.039947 -0.248214
v 0.031810 3.054114 -0.315509
v 0.000000 3.059853 -0.314418
v 0.016678 3.059222 -0.318416
v 0.032996 3.077814 -0.391824
v 0.018369 3.090555 -0.390817
v 0.000000 3.100032 -0.391493
v 0.034407 3.096449 -0.459786
v 0.019283 3.114433 -0.457746
v 0.000000 3.128298 -0.458229
v 0.037827 3.114745 -0.523534
v 0.019840 3.130731 -0.524302
v 0.000000 3.139325 -0.525493
v 0.000000 3.212237 -0.587515
v 0.021281 3.205669 -0.606066
v 0.041888 3.193865 -0.626617
v 0.000000 3.264208 -0.618635
v 0.025478 3.256508 -0.650056
v 0.046289 3.249817 -0.672769
v 0.050216 3.328408 -0.693177
v 0.026348 3.336342 -0.673855
v 0.000000 3.343684 -0.650571
v 0.064765 3.413616 -0.704705
v 0.034611 3.420583 -0.690901
v 0.000000 3.426300 -0.675291
v 0.082596 3.509318 -0.702478
v 0.044514 3.515049 -0.692693
v 0.000000 3.517243 -0.683984
v 0.103163 3.811547 -0.595725
v 0.000000 3.817364 -0.582348
v 0.080735 3.717892 -0.639830
v 0.000000 3.723336 -0.625105
v 0.159453 3.716721 -0.654623
v 0.059462 3.614356 -0.674958
v 0.000000 3.608761 -0.666555
v 0.114364 3.611685 -0.686408
v 0.194092 3.157840 0.832191
v 0.104066 3.150084 0.842509
v 0.059729 2.967957 0.601199
v 0.109130 2.948595 0.599568
v 0.000000 3.174989 -0.552095
v 0.021465 3.160910 -0.565333
v 0.040972 3.145755 -0.574162
v 0.673481 3.941932 -0.345801
v 0.377831 3.888652 -0.538389
v 0.307490 3.865900 -0.569899
v 0.000000 3.901934 -0.543217
v 0.104822 3.915059 -0.540049
v 0.194944 3.935730 -0.535271
v 0.267368 3.949793 -0.528025
v 0.342241 3.965621 -0.508566
v 0.440949 3.980537 -0.475504
v 0.579909 4.004517 -0.401607
v 0.670410 4.014488 -0.330510
v 0.827737 4.015236 -0.058190
v 0.851879 4.010673 0.074809
v 0.862766 4.008488 0.250014
v 0.843468 3.990763 0.421592
v 0.780995 3.954529 0.579100
v 0.672674 3.908875 0.718903
v 0.543171 3.842873 0.816506
v 0.380365 3.740539 0.906334
v 0.246566 3.658869 0.952953
v 0.121729 3.609507 0.976827
v 0.803083 3.950780 -0.171321
v 0.788482 4.019721 -0.160111
v 0.737774 3.949660 -0.273500
v 0.731152 4.017860 -0.261152
v 0.000000 3.860875 -0.562414
v 0.110530 3.867615 -0.565992
v 0.212478 3.882264 -0.566821
v 0.290647 3.910583 -0.546404
v 0.358702 3.928164 -0.523344
v 0.449274 3.945433 -0.485082
v 0.583862 3.968366 -0.410500
v 0.671354 3.978610 -0.339278
v 0.734864 3.984443 -0.267205
v 0.796687 3.985618 -0.165430
v 0.838248 3.986061 -0.056459
v 0.863937 3.982155 0.076895
v 0.873186 3.980349 0.242546
v 0.853584 3.961982 0.413114
v 0.792502 3.925647 0.570540
v 0.687017 3.878170 0.710223
v 0.557054 3.802456 0.815616
v 0.411342 3.700672 0.895355
v 0.280109 3.601238 0.938781
v 0.134027 3.556917 0.968339
v 0.124784 3.596555 0.974962
v 0.255139 3.644605 0.950569
v 0.388917 3.730787 0.905856
v 0.549071 3.833013 0.820186
v 0.677048 3.901414 0.717663
v 0.785086 3.947610 0.577770
v 0.847362 3.983972 0.419897
v 0.866773 4.002000 0.248208
v 0.856048 4.004096 0.075179
v 0.830546 4.008141 -0.057826
v 0.791370 4.011576 -0.161826
v 0.732734 4.009777 -0.263125
v 0.671654 4.005861 -0.333727
v 0.581888 3.995977 -0.405364
v 0.443166 3.972059 -0.478342
v 0.346421 3.956670 -0.512789
v 0.273078 3.940085 -0.532405
v 0.199242 3.922801 -0.543424
v 0.106185 3.903640 -0.546920
v 0.000000 3.891996 -0.548280
v -0.000000 3.485371 0.965554
v -0.000000 3.406018 0.946775
v -0.000000 3.231385 0.889545
v 0.000000 3.274648 0.904678
v 0.000000 3.071574 0.790943
v 0.000000 2.999155 0.700070
v -0.000000 2.917414 0.352834
v 0.000000 2.917462 0.323200
v 0.000000 2.922667 0.288578
v 0.000000 3.143863 0.844152
v 0.000000 2.953647 0.569499
v 0.000000 2.964392 0.604571
v 0.000000 3.599574 0.983826
v 0.000000 3.546279 0.976743
v 0.000000 3.586437 0.982357
v -0.143108 3.494107 0.955820
v -0.304166 3.531447 0.921636
v -0.438911 3.652039 0.879224
v -0.570472 3.754675 0.807513
v -0.698238 3.838326 0.702217
v -0.799500 3.891739 0.566476
v -0.862268 3.925669 0.407049
v -0.883626 3.942148 0.238989
v -0.875377 3.946132 0.075636
v -0.848434 3.951501 -0.058835
v -0.588984 3.930917 -0.416493
v -0.461615 3.907090 -0.494959
v -0.216144 3.820391 -0.604839
v -0.130965 3.375196 0.930207
v -0.256912 3.389362 0.907107
v -0.115027 3.251903 0.891324
v -0.220768 3.263365 0.876477
v -0.086029 3.066706 0.783122
v -0.163319 3.069694 0.775505
v -0.068357 2.996575 0.699132
v -0.130817 2.993213 0.692319
v -0.045985 2.930385 0.513297
v -0.078017 2.916940 0.509227
v -0.031731 2.911902 0.417906
v -0.051993 2.899486 0.415181
v -0.024605 2.913187 0.323865
v -0.039683 2.903353 0.322613
v -0.020333 2.924700 0.256523
v -0.037100 2.914471 0.253545
v -0.017337 2.935844 0.200716
v -0.034847 2.924618 0.197503
v -0.017345 2.948715 0.142277
v -0.034112 2.934553 0.138844
v -0.017621 2.966342 0.057446
v -0.030667 2.953750 0.057429
v -0.016597 2.977286 -0.019028
v -0.030139 2.966383 -0.016700
v -0.015276 2.991144 -0.093228
v -0.028667 2.983960 -0.093187
v -0.030185 3.010889 -0.175714
v -0.016041 3.014561 -0.172336
v -0.031283 3.036571 -0.250033
v -0.016651 3.039947 -0.248214
v -0.031810 3.054114 -0.315509
v -0.016678 3.059222 -0.318416
v -0.032996 3.077814 -0.391824
v -0.018369 3.090555 -0.390817
v -0.034407 3.096449 -0.459786
v -0.019283 3.114433 -0.457746
v -0.037827 3.114745 -0.523534
v -0.019840 3.130731 -0.524302
v -0.021281 3.205669 -0.606066
v -0.041888 3.193865 -0.626617
v -0.025478 3.256508 -0.650056
v -0.046289 3.249817 -0.672769
v -0.050216 3.328408 -0.693177
v -0.026348 3.336342 -0.673855
v -0.064765 3.413616 -0.704705
v -0.034611 3.420583 -0.690901
v -0.082596 3.509318 -0.702478
v -0.044514 3.515049 -0.692693
v -0.103163 3.811547 -0.595725
v -0.080735 3.717892 -0.639830
v -0.159453 3.716721 -0.654623
v -0.059462 3.614356 -0.674958
v -0.114364 3.611685 -0.686408
v -0.194092 3.157840 0.832191
v -0.104066 3.150084 0.842509
v -0.059729 2.967957 0.601199
v -0.109130 2.948595 0.599568
v -0.021465 3.160910 -0.565333
v -0.040972 3.145755 -0.574162
v -0.673481 3.941932 -0.345801
v -0.377831 3.888652 -0.538389
v -0.307490 3.865900 -0.569899
v -0.104822 3.915059 -0.540049
v -0.194944 3.935730 -0.535271
v -0.267368 3.949793 -0.528025
v -0.342241 3.965621 -0.508566
v -0.440949 3.980537 -0.475504
v -0.579909 4.004517 -0.401607
v -0.670410 4.014488 -0.330510
v -0.827737 4.015236 -0.058190
v -0.851879 4.010673 0.074809
v -0.862766 4.008488 0.250014
v -0.843468 3.990763 0.421592
v -0.780995 3.954529 0.579100
v -0.672674 3.908875 0.718903
v -0.543171 3.842873 0.816506
v -0.380365 3.740539 0.906334
v -0.246566 3.658869 0.952953
v -0.121729 3.609507 0.976827
v -0.803083 3.950780 -0.171321
v -0.788482 4.019721 -0.160111
v -0.737774 3.949660 -0.273500
v -0.731152 4.017860 -0.261152
v -0.110530 3.867615 -0.565992
v -0.212478 3.882264 -0.566821
v -0.290647 3.910583 -0.546404
v -0.358702 3.928164 -0.523344
v -0.449274 3.945433 -0.485082
v -0.583862 3.968366 -0.410500
v -0.671354 3.978610 -0.339278
v -0.734864 3.984443 -0.267205
v -0.796687 3.985618 -0.165430
v -0.838248 3.986061 -0.056459
v -0.863937 3.982155 0.076895
v -0.873186 3.980349 0.242546
v -0.853584 3.961982 0.413114
v -0.792502 3.925647 0.570540
v -0.687017 3.878170 0.710223
v -0.557054 3.802456 0.815616
v -0.411342 3.700672 0.895355
v -0.280109 3.601238 0.938781
v -0.134027 3.556917 0.968339
v -0.124784 3.596555 0.974962
v -0.255139 3.644605 0.950569
v -0.388917 3.730787 0.905856
v -0.549071 3.833013 0.820186
v -0.677048 3.901414 0.717663
v -0.785086 3.947610 0.577770
v -0.847362 3.983972 0.419897
v -0.866773 4.002000 0.248208
v -0.856048 4.004096 0.075179
v -0.830546 4.008141 -0.057826
v -0.791370 4.011576 -0.161826
v -0.732734 4.009777 -0.263125
v -0.671654 4.005861 -0.333727
v -0.581888 3.995977 -0.405364
v -0.443166 3.972059 -0.478342
v -0.346421 3.956670 -0.512789
v -0.273078 3.940085 -0.532405
v -0.199242 3.922801 -0.543424
v -0.106185 3.903640 -0.546920
v 0.280587 3.775066 -0.619309
v 0.204564 3.702534 -0.659135
v 0.150131 3.604517 -0.689658
v 0.108245 3.502318 -0.706554
v 0.088317 3.411116 -0.710987
v 0.072569 3.324504 -0.704519
v 0.068035 3.242787 -0.686737
v 0.064766 3.184828 -0.645941
v 0.061071 3.135492 -0.584842
v 0.054967 3.104211 -0.531483
v 0.048801 3.079993 -0.459938
v 0.045719 3.067742 -0.389766
v 0.041940 3.051424 -0.318719
v 0.042009 3.032569 -0.250350
v 0.039051 3.007714 -0.176446
v 0.038378 2.976892 -0.094367
v 0.040737 2.959929 -0.020233
v 0.040361 2.940705 0.055957
v 0.044024 2.921810 0.134858
v 0.042993 2.913150 0.194643
v 0.046959 2.900988 0.253368
v 0.053045 2.891815 0.321378
v 0.067275 2.883287 0.412816
v 0.096800 2.906582 0.507341
v 0.131485 2.944410 0.596602
v 0.168171 2.993857 0.686563
v 0.207527 3.070037 0.766457
v 0.253352 3.162616 0.819511
v 0.289196 3.265906 0.856978
v 0.351235 3.395911 0.875669
v 0.409915 3.498899 0.873732
v 0.476726 3.583678 0.853702
v 0.584995 3.705234 0.797032
v 0.707948 3.799148 0.694512
v 0.807257 3.851357 0.562026
v 0.871447 3.878475 0.405202
v 0.894948 3.894881 0.237025
v 0.888377 3.896070 0.071336
v 0.859365 3.904970 -0.065981
v 0.809844 3.905663 -0.181271
v 0.742903 3.903617 -0.281582
v 0.681862 3.894047 -0.351170
v 0.599159 3.881347 -0.423055
v 0.482054 3.854064 -0.505709
v 0.401700 3.834498 -0.554359
v 0.344632 3.813971 -0.585376
v -0.205465 3.702251 -0.659225
v -0.150846 3.604374 -0.689723
v -0.108757 3.502178 -0.706636
v -0.088788 3.411066 -0.711113
v -0.073016 3.324426 -0.704746
v -0.068469 3.242646 -0.687016
v -0.065223 3.184648 -0.646327
v -0.061473 3.135286 -0.585055
v -0.055310 3.104000 -0.531642
v -0.049088 3.079664 -0.459941
v -0.045974 3.067540 -0.389724
v -0.042142 3.051370 -0.318784
v -0.042223 3.032489 -0.250357
v -0.039228 3.007650 -0.176461
v -0.038572 2.976750 -0.094391
v -0.040948 2.959800 -0.020303
v -0.040555 2.940445 0.055927
v -0.044222 2.921555 0.134779
v -0.043156 2.912920 0.194586
v -0.047156 2.900718 0.253365
v -0.053312 2.891584 0.321353
v -0.067581 2.882964 0.412769
v -0.097175 2.906375 0.507304
v -0.131931 2.944326 0.596543
v -0.168918 2.993869 0.686448
v -0.208410 3.070044 0.766276
v -0.254536 3.162712 0.819258
v -0.290563 3.265957 0.856588
v -0.353120 3.396042 0.875041
v -0.412028 3.498249 0.872775
v -0.477481 3.582312 0.853192
v -0.585285 3.704246 0.796822
v -0.708142 3.798365 0.694358
v -0.807412 3.850551 0.561937
v -0.871630 3.877532 0.405165
v -0.895174 3.893936 0.236985
v -0.888637 3.895069 0.071250
v -0.859584 3.904040 -0.066124
v -0.809979 3.904761 -0.181469
v -0.743006 3.902697 -0.281744
v -0.682029 3.893090 -0.351277
v -0.599362 3.880357 -0.423186
v -0.482463 3.853004 -0.505924
v -0.402177 3.833416 -0.554678
v -0.345374 3.812933 -0.585686
v -0.281875 3.774160 -0.619599
v 0.210016 3.700820 -0.659680
v 0.210016 3.700820 -0.659680
v 0.288374 3.769588 -0.621058
v 0.288374 3.769588 -0.621058
v 0.349120 3.807695 -0.587247
v 0.349120 3.807695 -0.587247
v 0.404584 3.827954 -0.556288
v 0.404584 3.827954 -0.556288
v 0.484524 3.847656 -0.507008
v 0.484524 3.847656 -0.507008
v 0.600389 3.875357 -0.423848
v 0.600389 3.875357 -0.423848
v 0.682875 3.888260 -0.351819
v 0.682875 3.888260 -0.351819
v 0.743523 3.898053 -0.282559
v 0.743523 3.898053 -0.282559
v 0.810661 3.900210 -0.182473
v 0.810661 3.900210 -0.182473
v 0.860686 3.899347 -0.066845
v 0.860686 3.899347 -0.066845
v 0.889948 3.890020 0.070817
v 0.889948 3.890020 0.070817
v 0.896316 3.889169 0.236787
v 0.896316 3.889169 0.236787
v 0.872556 3.872772 0.404979
v 0.872556 3.872772 0.404979
v 0.808194 3.846478 0.561488
v 0.808194 3.846478 0.561488
v 0.709122 3.794414 0.693581
v 0.709122 3.794414 0.693581
v 0.586750 3.699259 0.795765
v 0.586750 3.699259 0.795765
v 0.481295 3.575417 0.850618
v 0.481295 3.575417 0.850618
v 0.422694 3.494966 0.867944
v 0.422694 3.494966 0.867944
v 0.362633 3.396702 0.871870
v 0.362633 3.396702 0.871870
v 0.297465 3.266213 0.854622
v 0.297465 3.266213 0.854622
v 0.260513 3.163193 0.817979
v 0.260513 3.163193 0.817979
v 0.212869 3.070078 0.765364
v 0.212869 3.070078 0.765364
v 0.172685 2.993934 0.685867
v 0.172685 2.993934 0.685867
v 0.134186 2.943904 0.596244
v 0.134186 2.943904 0.596244
v 0.099069 2.905330 0.507113
v 0.099069 2.905330 0.507113
v 0.069122 2.881330 0.412530
v 0.069122 2.881330 0.412530
v 0.054660 2.890420 0.321229
v 0.054660 2.890420 0.321229
v 0.048151 2.899358 0.253347
v 0.048151 2.899358 0.253347
v 0.043978 2.911764 0.194298
v 0.043978 2.911764 0.194298
v 0.045222 2.920269 0.134377
v 0.045222 2.920269 0.134377
v 0.041533 2.939129 0.055779
v 0.041533 2.939129 0.055779
v 0.042017 2.959149 -0.020659
v 0.042017 2.959149 -0.020659
v 0.039552 2.976037 -0.094510
v 0.039552 2.976037 -0.094510
v 0.040122 3.007330 -0.176534
v 0.040122 3.007330 -0.176534
v 0.043305 3.032085 -0.250389
v 0.043305 3.032085 -0.250389
v 0.043164 3.051099 -0.319108
v 0.043164 3.051099 -0.319108
v 0.047257 3.066524 -0.389517
v 0.047257 3.066524 -0.389517
v 0.050540 3.078004 -0.459956
v 0.050540 3.078004 -0.459956
v 0.057038 3.102938 -0.532444
v 0.057038 3.102938 -0.532444
v 0.063500 3.134251 -0.586133
v 0.063500 3.134251 -0.586133
v 0.067531 3.183736 -0.648276
v 0.067531 3.183736 -0.648276
v 0.070663 3.241937 -0.688424
v 0.070663 3.241937 -0.688424
v 0.075271 3.324033 -0.705890
v 0.075271 3.324033 -0.705890
v 0.091164 3.410814 -0.711747
v 0.091164 3.410814 -0.711747
v 0.111344 3.501472 -0.707047
v 0.111344 3.501472 -0.707047
v 0.154453 3.603651 -0.690051
v 0.154453 3.603651 -0.690051
v -0.210016 3.700820 -0.659680
v -0.210016 3.700820 -0.659680
v -0.288374 3.769588 -0.621058
v -0.288374 3.769588 -0.621058
v -0.349120 3.807695 -0.587247
v -0.349120 3.807695 -0.587247
v -0.404584 3.827954 -0.556288
v -0.404584 3.827954 -0.556288
v -0.484524 3.847656 -0.507008
v -0.484524 3.847656 -0.507008
v -0.600389 3.875357 -0.423848
v -0.600389 3.875357 -0.423848
v -0.682875 3.888260 -0.351819
v -0.682875 3.888260 -0.351819
v -0.743523 3.898053 -0.282559
v -0.743523 3.898053 -0.282559
v -0.810661 3.900210 -0.182473
v -0.810661 3.900210 -0.182473
v -0.860686 3.899347 -0.066845
v -0.860686 3.899347 -0.066845
v -0.889948 3.890020 0.070817
v -0.889948 3.890020 0.070817
v -0.896316 3.889169 0.236787
v -0.896316 3.889169 0.236787
v -0.872556 3.872772 0.404979
v -0.872556 3.872772 0.404979
v -0.808194 3.846478 0.561488
v -0.808194 3.846478 0.561488
v -0.709122 3.794414 0.693581
v -0.709122 3.794414 0.693581
v -0.586750 3.699259 0.795765
v -0.586750 3.699259 0.795765
v -0.481295 3.575417 0.850618
v -0.481295 3.575417 0.850618
v -0.422694 3.494966 0.867944
v -0.422694 3.494966 0.867944
v -0.362633 3.396702 0.871870
v -0.362633 3.396702 0.871870
v -0.297465 3.266213 0.854622
v -0.297465 3.266213 0.854622
v -0.260513 3.163193 0.817979
v -0.260513 3.163193 0.817979
v -0.212869 3.070078 0.765364
v -0.212869 3.070078 0.765364
v -0.172685 2.993934 0.685867
v -0.172685 2.993934 0.685867
v -0.134186 2.943904 0.596244
v -0.134186 2.943904 0.596244
v -0.099069 2.905330 0.507113
v -0.099069 2.905330 0.507113
v -0.069122 2.881330 0.412530
v -0.069122 2.881330 0.412530
v -0.054660 2.890420 0.321229
v -0.054660 2.890420 0.321229
v -0.048151 2.899358 0.253347
v -0.048151 2.899358 0.253347
v -0.043978 2.911764 0.194298
v -0.043978 2.911764 0.194298
v -0.045222 2.920269 0.134377
v -0.045222 2.920269 0.134377
v -0.041533 2.939129 0.055779
v -0.041533 2.939129 0.055779
v -0.042017 2.959149 -0.020659
v -0.042017 2.959149 -0.020659
v -0.039552 2.976037 -0.094510
v -0.039552 2.976037 -0.094510
v -0.040122 3.007330 -0.176534
v -0.040122 3.007330 -0.176534
v -0.043305 3.032085 -0.250389
v -0.043305 3.032085 -0.250389
v -0.043164 3.051099 -0.319108
v -0.043164 3.051099 -0.319108
v -0.047257 3.066524 -0.389517
v -0.047257 3.066524 -0.389517
v -0.050540 3.078004 -0.459956
v -0.050540 3.078004 -0.459956
v -0.057038 3.102938 -0.532444
v -0.057038 3.102938 -0.532444
v -0.063500 3.134251 -0.586133
v -0.063500 3.134251 -0.586133
v -0.067531 3.183736 -0.648276
v -0.067531 3.183736 -0.648276
v -0.070663 3.241937 -0.688424
v -0.070663 3.241937 -0.688424
v -0.075271 3.324033 -0.705890
v -0.075271 3.324033 -0.705890
v -0.091164 3.410814 -0.711747
v -0.091164 3.410814 -0.711747
v -0.111344 3.501472 -0.707047
v -0.111344 3.501472 -0.707047
v -0.154453 3.603651 -0.690051
v -0.154453 3.603651 -0.690051
v 0.210016 3.700820 -0.659680
v 0.288374 3.769588 -0.621058
v 0.285781 3.760735 -0.603313
v 0.209399 3.693541 -0.641062
v 0.288374 3.769588 -0.621058
v 0.349120 3.807695 -0.587247
v 0.344140 3.798761 -0.570060
v 0.285781 3.760735 -0.603313
v 0.349120 3.807695 -0.587247
v 0.404584 3.827954 -0.556288
v 0.397326 3.819864 -0.539499
v 0.344140 3.798761 -0.570060
v 0.404584 3.827954 -0.556288
v 0.484524 3.847656 -0.507008
v 0.475278 3.840979 -0.490579
v 0.397326 3.819864 -0.539499
v 0.484524 3.847656 -0.507008
v 0.600389 3.875357 -0.423848
v 0.589033 3.870347 -0.408165
v 0.475278 3.840979 -0.490579
v 0.600389 3.875357 -0.423848
v 0.682875 3.888260 -0.351819
v 0.669379 3.884155 -0.337641
v 0.589033 3.870347 -0.408165
v 0.682875 3.888260 -0.351819
v 0.743523 3.898053 -0.282559
v 0.728153 3.893918 -0.270449
v 0.669379 3.884155 -0.337641
v 0.743523 3.898053 -0.282559
v 0.810661 3.900210 -0.182473
v 0.793576 3.895620 -0.173144
v 0.728153 3.893918 -0.270449
v 0.810661 3.900210 -0.182473
v 0.860686 3.899347 -0.066845
v 0.842186 3.894317 -0.061148
v 0.793576 3.895620 -0.173144
v 0.860686 3.899347 -0.066845
v 0.889948 3.890020 0.070817
v 0.870717 3.884992 0.073026
v 0.842186 3.894317 -0.061148
v 0.889948 3.890020 0.070817
v 0.896316 3.889169 0.236787
v 0.876866 3.884667 0.235588
v 0.870717 3.884992 0.073026
v 0.896316 3.889169 0.236787
v 0.872556 3.872772 0.404979
v 0.853675 3.869241 0.399409
v 0.876866 3.884667 0.235588
v 0.872556 3.872772 0.404979
v 0.808194 3.846478 0.561488
v 0.791159 3.844216 0.551258
v 0.853675 3.869241 0.399409
v 0.808194 3.846478 0.561488
v 0.709122 3.794414 0.693581
v 0.694865 3.793486 0.679585
v 0.791159 3.844216 0.551258
v 0.709122 3.794414 0.693581
v 0.586750 3.699259 0.795765
v 0.575369 3.699536 0.779321
v 0.694865 3.793486 0.679585
v 0.586750 3.699259 0.795765
v 0.481295 3.575417 0.850618
v 0.472292 3.576807 0.832813
v 0.575369 3.699536 0.779321
v 0.481295 3.575417 0.850618
v 0.422694 3.494966 0.867944
v 0.415268 3.497689 0.849574
v 0.472292 3.576807 0.832813
v 0.422694 3.494966 0.867944
v 0.362633 3.396702 0.871870
v 0.356181 3.401196 0.853481
v 0.415268 3.497689 0.849574
v 0.362633 3.396702 0.871870
v 0.297465 3.266213 0.854622
v 0.291986 3.272995 0.836622
v 0.356181 3.401196 0.853481
v 0.297465 3.266213 0.854622
v 0.260513 3.163193 0.817979
v 0.256074 3.172843 0.801032
v 0.291986 3.272995 0.836622
v 0.260513 3.163193 0.817979
v 0.212869 3.070078 0.765364
v 0.209601 3.083245 0.750668
v 0.256074 3.172843 0.801032
v 0.212869 3.070078 0.765364
v 0.172685 2.993934 0.685867
v 0.171224 3.010313 0.674482
v 0.209601 3.083245 0.750668
v 0.172685 2.993934 0.685867
v 0.134186 2.943904 0.596244
v 0.136497 2.961359 0.586756
v 0.171224 3.010313 0.674482
v 0.134186 2.943904 0.596244
v 0.099069 2.905330 0.507113
v 0.107098 2.921642 0.498778
v 0.136497 2.961359 0.586756
v 0.099069 2.905330 0.507113
v 0.069122 2.881330 0.412530
v 0.081699 2.896340 0.408466
v 0.107098 2.921642 0.498778
v 0.069122 2.881330 0.412530
v 0.054660 2.890420 0.321229
v 0.068933 2.904429 0.321061
v 0.081699 2.896340 0.408466
v 0.054660 2.890420 0.321229
v 0.048151 2.899358 0.253347
v 0.063651 2.911968 0.254220
v 0.068933 2.904429 0.321061
v 0.048151 2.899358 0.253347
v 0.043978 2.911764 0.194298
v 0.060218 2.923322 0.195925
v 0.063651 2.911968 0.254220
v 0.043978 2.911764 0.194298
v 0.045222 2.920269 0.134377
v 0.061354 2.931919 0.136393
v 0.060218 2.923322 0.195925
v 0.045222 2.920269 0.134377
v 0.041533 2.939129 0.055779
v 0.056646 2.951915 0.058628
v 0.061354 2.931919 0.136393
v 0.041533 2.939129 0.055779
v 0.042017 2.959149 -0.020659
v 0.054839 2.974101 -0.017191
v 0.056646 2.951915 0.058628
v 0.042017 2.959149 -0.020659
v 0.039552 2.976037 -0.094510
v 0.050152 2.992303 -0.089710
v 0.054839 2.974101 -0.017191
v 0.039552 2.976037 -0.094510
v 0.040122 3.007330 -0.176534
v 0.048395 3.024426 -0.170265
v 0.050152 2.992303 -0.089710
v 0.040122 3.007330 -0.176534
v 0.043305 3.032085 -0.250389
v 0.050063 3.050048 -0.244762
v 0.048395 3.024426 -0.170265
v 0.043305 3.032085 -0.250389
v 0.043164 3.051099 -0.319108
v 0.051376 3.068722 -0.314415
v 0.050063 3.050048 -0.244762
v 0.043164 3.051099 -0.319108
v 0.047257 3.066524 -0.389517
v 0.059053 3.082243 -0.385804
v 0.051376 3.068722 -0.314415
v 0.047257 3.066524 -0.389517
v 0.050540 3.078004 -0.459956
v 0.064075 3.092037 -0.455501
v 0.059053 3.082243 -0.385804
v 0.050540 3.078004 -0.459956
v 0.057038 3.102938 -0.532444
v 0.069698 3.116471 -0.524922
v 0.064075 3.092037 -0.455501
v 0.057038 3.102938 -0.532444
v 0.063500 3.134251 -0.586133
v 0.075714 3.146772 -0.576435
v 0.069698 3.116471 -0.524922
v 0.063500 3.134251 -0.586133
v 0.067531 3.183736 -0.648276
v 0.080191 3.193882 -0.636581
v 0.075714 3.146772 -0.576435
v 0.067531 3.183736 -0.648276
v 0.070663 3.241937 -0.688424
v 0.082392 3.247721 -0.673293
v 0.080191 3.193882 -0.636581
v 0.070663 3.241937 -0.688424
v 0.075271 3.324033 -0.705890
v 0.084121 3.325571 -0.688021
v 0.082392 3.247721 -0.673293
v 0.075271 3.324033 -0.705890
v 0.091164 3.410814 -0.711747
v 0.096660 3.409912 -0.692538
v 0.084121 3.325571 -0.688021
v 0.091164 3.410814 -0.711747
v 0.111344 3.501472 -0.707047
v 0.113960 3.498634 -0.687423
v 0.096660 3.409912 -0.692538
v 0.111344 3.501472 -0.707047
v 0.154453 3.603651 -0.690051
v 0.155292 3.598681 -0.670697
v 0.113960 3.498634 -0.687423
v 0.154453 3.603651 -0.690051
v 0.210016 3.700820 -0.659680
v 0.209399 3.693541 -0.641062
v 0.155292 3.598681 -0.670697
v -0.210016 3.700820 -0.659680
v -0.209397 3.693538 -0.641063
v -0.285773 3.760727 -0.603318
v -0.288374 3.769588 -0.621058
v -0.288374 3.769588 -0.621058
v -0.285773 3.760727 -0.603318
v -0.344128 3.798753 -0.570068
v -0.349120 3.807695 -0.587247
v -0.349120 3.807695 -0.587247
v -0.344128 3.798753 -0.570068
v -0.397316 3.819861 -0.539505
v -0.404584 3.827954 -0.556288
v -0.154453 3.603651 -0.690051
v -0.155291 3.598679 -0.670697
v -0.209397 3.693538 -0.641063
v -0.210016 3.700820 -0.659680
v -0.111344 3.501472 -0.707047
v -0.113958 3.498629 -0.687423
v -0.155291 3.598679 -0.670697
v -0.154453 3.603651 -0.690051
v -0.091164 3.410814 -0.711747
v -0.096658 3.409903 -0.692538
v -0.113958 3.498629 -0.687423
v -0.111344 3.501472 -0.707047
v -0.075271 3.324033 -0.705890
v -0.084120 3.325562 -0.688020
v -0.096658 3.409903 -0.692538
v -0.091164 3.410814 -0.711747
v -0.070663 3.241937 -0.688424
v -0.082392 3.247713 -0.673289
v -0.084120 3.325562 -0.688020
v -0.075271 3.324033 -0.705890
v -0.067531 3.183736 -0.648276
v -0.080191 3.193880 -0.636580
v -0.082392 3.247713 -0.673289
v -0.070663 3.241937 -0.688424
v -0.063500 3.134251 -0.586133
v -0.075713 3.146774 -0.576436
v -0.080191 3.193880 -0.636580
v -0.067531 3.183736 -0.648276
v -0.057038 3.102938 -0.532444
v -0.069697 3.116469 -0.524917
v -0.075713 3.146774 -0.576436
v -0.063500 3.134251 -0.586133
v -0.050540 3.078004 -0.459956
v -0.064076 3.092037 -0.455502
v -0.069697 3.116469 -0.524917
v -0.057038 3.102938 -0.532444
v -0.047257 3.066524 -0.389517
v -0.059053 3.082245 -0.385815
v -0.064076 3.092037 -0.455502
v -0.050540 3.078004 -0.459956
v -0.043164 3.051099 -0.319108
v -0.051375 3.068723 -0.314420
v -0.059053 3.082245 -0.385815
v -0.047257 3.066524 -0.389517
v -0.043305 3.032085 -0.250389
v -0.050063 3.050048 -0.244762
v -0.051375 3.068723 -0.314420
v -0.043164 3.051099 -0.319108
v -0.040122 3.007330 -0.176534
v -0.048393 3.024425 -0.170261
v -0.050063 3.050048 -0.244762
v -0.043305 3.032085 -0.250389
v -0.039552 2.976037 -0.094510
v -0.050150 2.992304 -0.089707
v -0.048393 3.024425 -0.170261
v -0.040122 3.007330 -0.176534
v -0.042017 2.959149 -0.020659
v -0.054838 2.974101 -0.017186
v -0.050150 2.992304 -0.089707
v -0.039552 2.976037 -0.094510
v -0.041533 2.939129 0.055779
v -0.056645 2.951914 0.058634
v -0.054838 2.974101 -0.017186
v -0.042017 2.959149 -0.020659
v -0.045222 2.920269 0.134377
v -0.061353 2.931920 0.136394
v -0.056645 2.951914 0.058634
v -0.041533 2.939129 0.055779
v -0.043978 2.911764 0.194298
v -0.060217 2.923324 0.195926
v -0.061353 2.931920 0.136394
v -0.045222 2.920269 0.134377
v -0.048151 2.899358 0.253347
v -0.063649 2.911969 0.254214
v -0.060217 2.923324 0.195926
v -0.043978 2.911764 0.194298
v -0.054660 2.890420 0.321229
v -0.068932 2.904430 0.321058
v -0.063649 2.911969 0.254214
v -0.048151 2.899358 0.253347
v -0.069122 2.881330 0.412530
v -0.081698 2.896340 0.408463
v -0.068932 2.904430 0.321058
v -0.054660 2.890420 0.321229
v -0.099069 2.905330 0.507113
v -0.107094 2.921638 0.498767
v -0.081698 2.896340 0.408463
v -0.069122 2.881330 0.412530
v -0.134186 2.943904 0.596244
v -0.136494 2.961354 0.586747
v -0.107094 2.921638 0.498767
v -0.099069 2.905330 0.507113
v -0.172685 2.993934 0.685867
v -0.171222 3.010309 0.674478
v -0.136494 2.961354 0.586747
v -0.134186 2.943904 0.596244
v -0.212869 3.070078 0.765364
v -0.209600 3.083242 0.750666
v -0.171222 3.010309 0.674478
v -0.172685 2.993934 0.685867
v -0.260513 3.163193 0.817979
v -0.256073 3.172839 0.801030
v -0.209600 3.083242 0.750666
v -0.212869 3.070078 0.765364
v -0.297465 3.266213 0.854622
v -0.291985 3.272989 0.836620
v -0.256073 3.172839 0.801030
v -0.260513 3.163193 0.817979
v -0.362633 3.396702 0.871870
v -0.356180 3.401188 0.853479
v -0.291985 3.272989 0.836620
v -0.297465 3.266213 0.854622
v -0.422694 3.494966 0.867944
v -0.415265 3.497682 0.849574
v -0.356180 3.401188 0.853479
v -0.362633 3.396702 0.871870
v -0.481295 3.575417 0.850618
v -0.472291 3.576804 0.832814
v -0.415265 3.497682 0.849574
v -0.422694 3.494966 0.867944
v -0.586750 3.699259 0.795765
v -0.575369 3.699536 0.779321
v -0.472291 3.576804 0.832814
v -0.481295 3.575417 0.850618
v -0.709122 3.794414 0.693581
v -0.694865 3.793486 0.679585
v -0.575369 3.699536 0.779321
v -0.586750 3.699259 0.795765
v -0.808194 3.846478 0.561488
v -0.791159 3.844216 0.551257
v -0.694865 3.793486 0.679585
v -0.709122 3.794414 0.693581
v -0.872556 3.872772 0.404979
v -0.853675 3.869242 0.399408
v -0.791159 3.844216 0.551257
v -0.808194 3.846478 0.561488
v -0.896316 3.889169 0.236787
v -0.876866 3.884668 0.235586
v -0.853675 3.869242 0.399408
v -0.872556 3.872772 0.404979
v -0.889948 3.890020 0.070817
v -0.870717 3.884992 0.073026
v -0.876866 3.884668 0.235586
v -0.896316 3.889169 0.236787
v -0.860686 3.899347 -0.066845
v -0.842187 3.894317 -0.061146
v -0.870717 3.884992 0.073026
v -0.889948 3.890020 0.070817
v -0.810661 3.900210 -0.182473
v -0.793579 3.895619 -0.173140
v -0.842187 3.894317 -0.061146
v -0.860686 3.899347 -0.066845
v -0.743523 3.898053 -0.282559
v -0.728154 3.893918 -0.270447
v -0.793579 3.895619 -0.173140
v -0.810661 3.900210 -0.182473
v -0.682875 3.888260 -0.351819
v -0.669377 3.884155 -0.337642
v -0.728154 3.893918 -0.270447
v -0.743523 3.898053 -0.282559
v -0.600389 3.875357 -0.423848
v -0.589028 3.870347 -0.408169
v -0.669377 3.884155 -0.337642
v -0.682875 3.888260 -0.351819
v -0.484524 3.847656 -0.507008
v -0.475269 3.840977 -0.490585
v -0.589028 3.870347 -0.408169
v -0.600389 3.875357 -0.423848
v -0.404584 3.827954 -0.556288
v -0.397316 3.819861 -0.539505
v -0.475269 3.840977 -0.490585
v -0.484524 3.847656 -0.507008
vt 0.955002 0.605033
vt 0.942686 0.604824
vt 0.942022 0.582741
vt 0.954394 0.582228
vt 0.952877 0.559724
vt 0.941149 0.561026
vt 0.928600 0.582742
vt 0.928236 0.562132
vt 0.929096 0.604594
vt 0.926906 0.537989
vt 0.939771 0.536894
vt 0.951264 0.535113
vt 0.527703 0.405244
vt 0.529415 0.381135
vt 0.521107 0.428213
vt 0.965106 0.532741
vt 0.515180 0.403494
vt 0.519007 0.381135
vt 0.509279 0.424639
vt 0.498572 0.447165
vt 0.486838 0.443115
vt 0.496159 0.421834
vt 0.501031 0.402114
vt 0.502982 0.381135
vt 0.486720 0.401164
vt 0.488346 0.381135
vt 0.482001 0.419785
vt 0.473494 0.439106
vt 0.473450 0.400368
vt 0.476064 0.381135
vt 0.468070 0.418652
vt 0.937361 0.511355
vt 0.948402 0.510179
vt 0.925491 0.510800
vt 0.961451 0.507721
vt 0.484745 0.466334
vt 0.474622 0.460640
vt 0.463998 0.455082
vt 0.921501 0.604465
vt 0.921374 0.582622
vt 0.922047 0.563128
vt 0.920109 0.537441
vt 0.917134 0.507355
vt 0.459943 0.400499
vt 0.462396 0.381135
vt 0.453767 0.417815
vt 0.425132 0.400002
vt 0.426158 0.381134
vt 0.444957 0.381134
vt 0.440990 0.399439
vt 0.425505 0.418786
vt 0.439927 0.417448
vt 0.259590 0.578406
vt 0.251449 0.597236
vt 0.461248 0.435871
vt 0.454289 0.450953
vt 0.449925 0.434009
vt 0.446040 0.448717
vt 0.439053 0.433612
vt 0.436999 0.448790
vt 0.426065 0.435651
vt 0.426585 0.450805
vt 0.268801 0.561302
vt 0.279659 0.547737
vt 0.290466 0.536709
vt 0.912500 0.487015
vt 0.921495 0.487247
vt 0.932873 0.488582
vt 0.944237 0.486308
vt 0.956900 0.484645
vt 0.469831 0.481867
vt 0.461219 0.474972
vt 0.453173 0.468253
vt 0.446423 0.462664
vt 0.908740 0.464565
vt 0.917166 0.463892
vt 0.928604 0.465838
vt 0.911388 0.448407
vt 0.902780 0.447896
vt 0.922951 0.448531
vt 0.939954 0.465670
vt 0.935255 0.448521
vt 0.461677 0.502539
vt 0.945690 0.448655
vt 0.455503 0.494411
vt 0.444221 0.504276
vt 0.446715 0.487455
vt 0.440835 0.497817
vt 0.442244 0.477173
vt 0.437350 0.470011
vt 0.432549 0.482054
vt 0.429434 0.473738
vt 0.442549 0.458218
vt 0.435711 0.460807
vt 0.427747 0.463270
vt 0.433732 0.491227
vt 0.432665 0.500692
vt 0.300419 0.527572
vt 0.308882 0.519417
vt 0.316481 0.515034
vt 0.325110 0.512212
vt 0.425064 0.501162
vt 0.432728 0.512013
vt 0.940657 0.435685
vt 0.931328 0.435865
vt 0.337423 0.517233
vt 0.330345 0.518615
vt 0.322904 0.521573
vt 0.316749 0.526302
vt 0.307616 0.533989
vt 0.299251 0.543239
vt 0.290226 0.554017
vt 0.281494 0.566825
vt 0.273264 0.582638
vt 0.263779 0.600362
vt 0.424601 0.511865
vt 0.346495 0.516775
vt 0.420369 0.522061
vt 0.356237 0.518872
vt 0.929268 0.410760
vt 0.426253 0.523484
vt 0.927351 0.417569
vt 0.936192 0.427789
vt 0.927961 0.426285
vt 0.919046 0.436274
vt 0.914613 0.424666
vt 0.901099 0.425407
vt 0.906257 0.437024
vt 0.898039 0.437181
vt 0.892253 0.425585
vt 0.910372 0.411120
vt 0.895995 0.413623
vt 0.887046 0.415190
vt 0.917958 0.401483
vt 0.898261 0.396879
vt 0.910366 0.389038
vt 0.400517 0.532771
vt 0.888592 0.401048
vt 0.881216 0.404654
vt 0.900910 0.377054
vt 0.888543 0.384542
vt 0.879636 0.389076
vt 0.418617 0.538032
vt 0.891558 0.366518
vt 0.880635 0.373576
vt 0.871210 0.379050
vt 0.874671 0.349926
vt 0.451203 0.541049
vt 0.873256 0.365677
vt 0.866496 0.359635
vt 0.858789 0.367047
vt 0.865118 0.372573
vt 0.870820 0.392570
vt 0.853438 0.363290
vt 0.834404 0.838870
vt 0.834247 0.838814
vt 0.839430 0.846518
vt 0.857114 0.378904
vt 0.842457 0.367330
vt 0.863292 0.384044
vt 0.436277 0.546833
vt 0.451297 0.554050
vt 0.463830 0.559703
vt 0.286720 0.586425
vt 0.280420 0.604589
vt 0.292892 0.570606
vt 0.301705 0.560051
vt 0.310252 0.549838
vt 0.318090 0.540792
vt 0.325748 0.533606
vt 0.331731 0.529109
vt 0.337125 0.526056
vt 0.341584 0.524031
vt 0.349031 0.524079
vt 0.355982 0.525730
vt 0.389827 0.536095
vt 0.417023 0.545927
vt 0.435126 0.555024
vt 0.450406 0.564242
vt 0.462450 0.571498
vt 0.300611 0.590906
vt 0.294413 0.608150
vt 0.306125 0.577037
vt 0.314154 0.566193
vt 0.322259 0.556066
vt 0.329357 0.547231
vt 0.335618 0.540127
vt 0.340678 0.534939
vt 0.344891 0.530283
vt 0.353888 0.533245
vt 0.365577 0.536216
vt 0.414874 0.553517
vt 0.433282 0.563407
vt 0.459316 0.582694
vt 0.447709 0.573441
vt 0.468836 0.589607
vt 0.471445 0.575955
vt 0.445253 0.720856
vt 0.450926 0.704737
vt 0.442986 0.585459
vt 0.454140 0.594247
vt 0.429396 0.575029
vt 0.411405 0.564545
vt 0.393031 0.554963
vt 0.377687 0.548221
vt 0.363752 0.543844
vt 0.351601 0.539612
vt 0.347380 0.545738
vt 0.341989 0.553079
vt 0.335543 0.561832
vt 0.328073 0.572087
vt 0.321683 0.583385
vt 0.316324 0.596494
vt 0.312153 0.612664
vt 0.331313 0.601218
vt 0.327073 0.616457
vt 0.336447 0.588474
vt 0.342442 0.577366
vt 0.349066 0.567334
vt 0.355084 0.558390
vt 0.360034 0.550651
vt 0.374168 0.555846
vt 0.369737 0.564260
vt 0.364173 0.573380
vt 0.358193 0.582844
vt 0.352551 0.593277
vt 0.346751 0.605412
vt 0.338744 0.619421
vt 0.389701 0.563083
vt 0.385276 0.571805
vt 0.380387 0.580559
vt 0.375163 0.589598
vt 0.370432 0.599419
vt 0.365233 0.610941
vt 0.358732 0.624486
vt 0.381425 0.630221
vt 0.384649 0.616983
vt 0.405584 0.572290
vt 0.400461 0.580922
vt 0.396245 0.588864
vt 0.388292 0.606144
vt 0.391505 0.596974
vt 0.420977 0.582821
vt 0.414963 0.590434
vt 0.410136 0.597327
vt 0.405835 0.603750
vt 0.404260 0.612132
vt 0.403213 0.622807
vt 0.403817 0.635859
vt 0.454276 0.676027
vt 0.465028 0.602524
vt 0.457053 0.687783
vt 0.451055 0.623018
vt 0.452897 0.662060
vt 0.448335 0.647014
vt 0.444325 0.628330
vt 0.436051 0.593380
vt 0.447831 0.602866
vt 0.429345 0.597626
vt 0.441331 0.610259
vt 0.423695 0.603627
vt 0.437233 0.614166
vt 0.422756 0.640612
vt 0.415865 0.638884
vt 0.419843 0.626966
vt 0.417623 0.615898
vt 0.415743 0.608546
vt 0.472869 0.562311
vt 0.867650 0.344644
vt 0.860554 0.354612
vt 0.426257 0.641490
vt 0.846443 0.856732
vt 0.853377 0.866697
vt 0.438209 0.735662
vt 0.953622 0.627804
vt 0.941274 0.626871
vt 0.951342 0.650243
vt 0.939665 0.648544
vt 0.926797 0.647002
vt 0.927860 0.626416
vt 0.937470 0.672616
vt 0.924650 0.671085
vt 0.948896 0.674785
vt 0.527703 0.357025
vt 0.521108 0.334057
vt 0.509887 0.310238
vt 0.515180 0.358776
vt 0.509280 0.337631
vt 0.498573 0.315105
vt 0.496159 0.340435
vt 0.486839 0.319154
vt 0.501031 0.360155
vt 0.486720 0.361105
vt 0.482001 0.342484
vt 0.473495 0.323163
vt 0.473450 0.361901
vt 0.468071 0.343617
vt 0.945191 0.699608
vt 0.934196 0.698059
vt 0.922314 0.698211
vt 0.494626 0.289219
vt 0.484746 0.295935
vt 0.474623 0.301629
vt 0.463999 0.307187
vt 0.920634 0.626291
vt 0.920646 0.645797
vt 0.917838 0.671403
vt 0.913845 0.701371
vt 0.459943 0.361770
vt 0.453767 0.344454
vt 0.425132 0.362267
vt 0.440990 0.362830
vt 0.425506 0.343482
vt 0.439927 0.344820
vt 0.249671 0.617672
vt 0.461248 0.326398
vt 0.454289 0.311316
vt 0.449926 0.328261
vt 0.446041 0.313551
vt 0.439053 0.328656
vt 0.437000 0.313479
vt 0.426065 0.326618
vt 0.426586 0.311464
vt 0.249654 0.637090
vt 0.252761 0.654173
vt 0.257022 0.668997
vt 0.917522 0.721614
vt 0.908525 0.721542
vt 0.928939 0.720666
vt 0.940219 0.723324
vt 0.477772 0.272380
vt 0.469833 0.280402
vt 0.461219 0.287297
vt 0.453174 0.294016
vt 0.446424 0.299605
vt 0.912404 0.744810
vt 0.904006 0.743851
vt 0.923901 0.743253
vt 0.906105 0.760089
vt 0.897484 0.760309
vt 0.917665 0.760358
vt 0.935239 0.743805
vt 0.929962 0.760785
vt 0.461679 0.259730
vt 0.448182 0.250118
vt 0.455503 0.267858
vt 0.444222 0.257993
vt 0.446716 0.274814
vt 0.440836 0.264452
vt 0.442245 0.285096
vt 0.437351 0.292258
vt 0.429435 0.288531
vt 0.432550 0.280215
vt 0.442549 0.304051
vt 0.435712 0.301462
vt 0.427748 0.298998
vt 0.433733 0.271042
vt 0.432666 0.261576
vt 0.261420 0.681750
vt 0.264956 0.692930
vt 0.269525 0.700402
vt 0.275739 0.707006
vt 0.282508 0.712406
vt 0.432729 0.250256
vt 0.437095 0.242765
vt 0.925608 0.773301
vt 0.283438 0.703932
vt 0.288995 0.708554
vt 0.278320 0.697769
vt 0.275177 0.690680
vt 0.270818 0.679575
vt 0.267866 0.667470
vt 0.265049 0.653704
vt 0.263450 0.638292
vt 0.263713 0.620471
vt 0.291918 0.719942
vt 0.296755 0.713348
vt 0.306385 0.716270
vt 0.933615 0.791814
vt 0.318339 0.719191
vt 0.316884 0.727260
vt 0.931928 0.785872
vt 0.921013 0.791451
vt 0.930195 0.781537
vt 0.921918 0.782761
vt 0.913347 0.772476
vt 0.908523 0.783927
vt 0.895042 0.782728
vt 0.900591 0.771292
vt 0.886207 0.782250
vt 0.892383 0.770857
vt 0.903825 0.797321
vt 0.889542 0.794333
vt 0.880651 0.792463
vt 0.332683 0.729360
vt 0.333400 0.722295
vt 0.348972 0.728783
vt 0.891239 0.811144
vt 0.351875 0.725384
vt 0.881716 0.806649
vt 0.874467 0.802795
vt 0.367626 0.733514
vt 0.881108 0.823144
vt 0.872360 0.818311
vt 0.370621 0.729120
vt 0.385867 0.736708
vt 0.872833 0.833836
vt 0.863599 0.828045
vt 0.414746 0.743957
vt 0.858229 0.847289
vt 0.865190 0.841480
vt 0.874627 0.850004
vt 0.850778 0.839620
vt 0.857291 0.834312
vt 0.863667 0.814520
vt 0.845302 0.843194
vt 0.849506 0.827713
vt 0.855855 0.822786
vt 0.390564 0.729585
vt 0.407345 0.730225
vt 0.421178 0.731037
vt 0.277349 0.623570
vt 0.275276 0.640418
vt 0.278022 0.653900
vt 0.280691 0.666954
vt 0.283285 0.678643
vt 0.286597 0.688618
vt 0.289713 0.695435
vt 0.293000 0.700707
vt 0.295954 0.704635
vt 0.302558 0.708205
vt 0.309521 0.710140
vt 0.321142 0.713021
vt 0.332116 0.715128
vt 0.352168 0.718512
vt 0.373100 0.721305
vt 0.393409 0.721801
vt 0.411324 0.720808
vt 0.425468 0.719966
vt 0.291694 0.626274
vt 0.289972 0.641103
vt 0.291894 0.654473
vt 0.294219 0.667252
vt 0.296268 0.678417
vt 0.298399 0.687664
vt 0.300383 0.694655
vt 0.301874 0.700772
vt 0.311212 0.702541
vt 0.322792 0.705478
vt 0.335817 0.708600
vt 0.353782 0.710816
vt 0.374763 0.713465
vt 0.395715 0.713525
vt 0.427876 0.708648
vt 0.413214 0.711436
vt 0.439666 0.706821
vt 0.435605 0.720116
vt 0.414607 0.698636
vt 0.428566 0.696126
vt 0.397719 0.701450
vt 0.376882 0.702191
vt 0.356118 0.702088
vt 0.339180 0.700420
vt 0.324860 0.697892
vt 0.312209 0.695827
vt 0.311404 0.688397
vt 0.310152 0.679346
vt 0.308640 0.668557
vt 0.306935 0.655962
vt 0.306669 0.642971
vt 0.308165 0.628880
vt 0.323590 0.631889
vt 0.322071 0.645551
vt 0.322080 0.658184
vt 0.323143 0.670171
vt 0.324179 0.680913
vt 0.324835 0.690093
vt 0.339779 0.692136
vt 0.339896 0.682675
vt 0.339331 0.672027
vt 0.338554 0.660866
vt 0.338529 0.649005
vt 0.339165 0.635566
vt 0.357012 0.693297
vt 0.357229 0.683487
vt 0.357059 0.673449
vt 0.356727 0.663006
vt 0.357198 0.652116
vt 0.358061 0.639504
vt 0.378027 0.643407
vt 0.375392 0.692643
vt 0.374948 0.682629
vt 0.374982 0.673645
vt 0.376127 0.654672
vt 0.374632 0.664266
vt 0.393953 0.690620
vt 0.392244 0.681089
vt 0.391243 0.672753
vt 0.390480 0.665076
vt 0.393043 0.656962
vt 0.397145 0.647074
vt 0.441769 0.680793
vt 0.442047 0.693995
vt 0.439309 0.669418
vt 0.435936 0.661583
vt 0.412206 0.688382
vt 0.426955 0.685525
vt 0.408332 0.681513
vt 0.424994 0.676101
vt 0.406200 0.673598
vt 0.423152 0.670747
vt 0.413771 0.651276
vt 0.406620 0.659962
vt 0.401494 0.665533
vt 0.430462 0.732888
vt 0.424643 0.745860
vt 0.852121 0.852108
vt 0.858874 0.862311
vt 0.480991 0.548062
vt 0.866071 0.857270
vt 0.401171 0.741676
vt 0.883510 0.841260
vt 0.893214 0.831047
vt 0.903071 0.819390
vt 0.911080 0.807209
vt 0.922698 0.798322
vt 0.303505 0.724089
vt 0.424603 0.250404
vt 0.425065 0.261107
vt 0.425829 0.268870
vt 0.425613 0.277273
vt 0.423572 0.285412
vt 0.419418 0.295870
vt 0.416402 0.308369
vt 0.413536 0.323092
vt 0.410698 0.340150
vt 0.408567 0.359744
vt 0.409609 0.381134
vt 0.473762 0.548150
vt 0.464173 0.545289
vt 0.435491 0.538365
vt 0.882976 0.357478
vt 0.418067 0.532800
vt 0.399765 0.528321
vt 0.385594 0.520417
vt 0.370935 0.514562
vt 0.357652 0.510682
vt 0.345534 0.508667
vt 0.333647 0.510726
vt 0.425828 0.493398
vt 0.425612 0.484996
vt 0.423571 0.476856
vt 0.419418 0.466398
vt 0.416402 0.453900
vt 0.413535 0.439177
vt 0.410697 0.422118
vt 0.408567 0.402525
vt 0.855037 0.349798
vt 0.862304 0.340074
vt 0.847681 0.359769
vt 0.834466 0.838784
vt 0.842399 0.367242
vt 0.842240 0.367293
vt 0.430516 0.237312
vt 0.934925 0.773797
vt 0.426255 0.238785
vt 0.420371 0.240208
vt 0.940395 0.761005
vt 0.946642 0.745145
vt 0.952819 0.725415
vt 0.958149 0.702507
vt 0.962651 0.677625
vt 0.965842 0.652354
vt 0.967458 0.629165
vt 0.969340 0.605276
vt 0.430514 0.524956
vt 0.938071 0.423515
vt 0.437093 0.519503
vt 0.939958 0.417634
vt 0.448181 0.512151
vt 0.951395 0.464717
vt 0.477771 0.489889
vt 0.494625 0.473051
vt 0.509886 0.452031
vt 0.967440 0.558106
vt 0.968269 0.581336
vt 0.477888 0.595982
vt 0.470221 0.612062
vt 0.481005 0.563403
vt 0.480323 0.579612
vt 0.431025 0.749278
vt 0.459451 0.635971
vt 0.467053 0.624545
vt 0.701911 0.872655
vt 0.702295 0.885141
vt 0.686051 0.877632
vt 0.686468 0.882333
vt 0.686999 0.888429
vt 0.700987 0.858016
vt 0.684873 0.864154
vt 0.685844 0.875233
vt 0.683033 0.843397
vt 0.699055 0.839080
vt 0.696311 0.817419
vt 0.680870 0.819407
vt 0.693867 0.795225
vt 0.678534 0.793810
vt 0.693153 0.776725
vt 0.677058 0.777735
vt 0.692238 0.758572
vt 0.675563 0.761496
vt 0.673707 0.741373
vt 0.690540 0.739309
vt 0.688378 0.718455
vt 0.671724 0.719910
vt 0.685420 0.694198
vt 0.684738 0.697113
vt 0.669726 0.698330
vt 0.669429 0.695114
vt 0.706079 0.925119
vt 0.692670 0.911005
vt 0.718913 0.906710
vt 0.720589 0.920698
vt 0.726653 0.932819
vt 0.718627 0.938302
vt 0.734216 0.916987
vt 0.734391 0.903185
vt 0.730361 0.950120
vt 0.735214 0.943060
vt 0.742068 0.964406
vt 0.745561 0.953984
vt 0.736053 0.927987
vt 0.740194 0.936134
vt 0.752492 0.980487
vt 0.747784 0.973364
vt 0.753489 0.965211
vt 0.760302 0.975896
vt 0.621636 0.642924
vt 0.612388 0.651882
vt 0.604216 0.649366
vt 0.614005 0.637259
vt 0.749631 0.915013
vt 0.762334 0.916734
vt 0.760132 0.929124
vt 0.749473 0.927629
vt 0.766652 0.904548
vt 0.752749 0.899247
vt 0.760384 0.942062
vt 0.750584 0.943473
vt 0.764547 0.955666
vt 0.758414 0.959054
vt 0.764686 0.972378
vt 0.769866 0.969042
vt 0.774999 0.893833
vt 0.764495 0.886902
vt 0.776518 0.874520
vt 0.785176 0.882059
vt 0.695167 0.896520
vt 0.718159 0.893959
vt 0.733995 0.890995
vt 0.747920 0.888474
vt 0.752909 0.879947
vt 0.763171 0.864297
vt 0.783097 0.853649
vt 0.789434 0.863305
vt 0.795223 0.869039
vt 0.592565 0.646092
vt 0.603168 0.632152
vt 0.608225 0.634268
vt 0.598727 0.648005
vt 0.625538 0.625762
vt 0.632559 0.630985
vt 0.644094 0.620170
vt 0.637768 0.609395
vt 0.617261 0.622311
vt 0.610516 0.619106
vt 0.624513 0.606182
vt 0.614259 0.604485
vt 0.659599 0.615552
vt 0.654984 0.604825
vt 0.681393 0.616680
vt 0.673897 0.603229
vt 0.640734 0.590201
vt 0.626710 0.589151
vt 0.657264 0.589536
vt 0.674894 0.589450
vt 0.615145 0.588966
vt 0.626354 0.573665
vt 0.613653 0.574183
vt 0.641603 0.574892
vt 0.658417 0.575159
vt 0.676068 0.575089
vt 0.691980 0.590100
vt 0.690616 0.603052
vt 0.677206 0.550944
vt 0.677518 0.540172
vt 0.696695 0.541043
vt 0.695857 0.550280
vt 0.678050 0.528873
vt 0.678904 0.515372
vt 0.698776 0.517091
vt 0.697587 0.530933
vt 0.679802 0.499626
vt 0.700249 0.499459
vt 0.680954 0.483278
vt 0.701652 0.482398
vt 0.686184 0.410653
vt 0.688259 0.392495
vt 0.707458 0.411160
vt 0.708951 0.393081
vt 0.708823 0.394622
vt 0.691354 0.375146
vt 0.709242 0.389603
vt 0.710207 0.378092
vt 0.712113 0.355678
vt 0.711970 0.357352
vt 0.696474 0.353940
vt 0.695243 0.356954
vt 0.711775 0.359624
vt 0.684499 0.429730
vt 0.705841 0.430930
vt 0.704560 0.446662
vt 0.683140 0.447982
vt 0.736272 0.879749
vt 0.739772 0.865732
vt 0.718898 0.882019
vt 0.719931 0.868847
vt 0.739599 0.849103
vt 0.760675 0.845222
vt 0.719280 0.853026
vt 0.778958 0.838920
vt 0.717350 0.834865
vt 0.737199 0.831000
vt 0.758635 0.826803
vt 0.776656 0.821827
vt 0.808297 0.854873
vt 0.792471 0.833780
vt 0.791605 0.817809
vt 0.601951 0.540313
vt 0.590053 0.515234
vt 0.609917 0.526005
vt 0.624173 0.560963
vt 0.610313 0.562606
vt 0.620996 0.549658
vt 0.615767 0.538814
vt 0.676773 0.562701
vt 0.658607 0.562195
vt 0.658226 0.550448
vt 0.640805 0.561511
vt 0.639150 0.549717
vt 0.636839 0.538745
vt 0.611417 0.509682
vt 0.634731 0.512890
vt 0.634648 0.527234
vt 0.657568 0.539369
vt 0.658009 0.514670
vt 0.657336 0.528003
vt 0.595801 0.491264
vt 0.611965 0.494952
vt 0.634908 0.497247
vt 0.658799 0.499169
vt 0.659781 0.482835
vt 0.635633 0.481010
vt 0.612061 0.478473
vt 0.595485 0.475697
vt 0.714228 0.814844
vt 0.734618 0.811407
vt 0.756684 0.806979
vt 0.775820 0.802934
vt 0.660405 0.465562
vt 0.681959 0.466712
vt 0.636815 0.463570
vt 0.612433 0.460600
vt 0.594179 0.458388
vt 0.791114 0.799939
vt 0.592387 0.439507
vt 0.612843 0.441802
vt 0.638033 0.444683
vt 0.661073 0.447096
vt 0.712482 0.794163
vt 0.732903 0.790941
vt 0.755208 0.786783
vt 0.774694 0.783252
vt 0.790365 0.780552
vt 0.585777 0.640655
vt 0.594385 0.628849
vt 0.600707 0.617866
vt 0.773076 0.953346
vt 0.777984 0.966883
vt 0.770257 0.941033
vt 0.769897 0.929509
vt 0.771698 0.918953
vt 0.776716 0.909922
vt 0.793031 0.891191
vt 0.783518 0.901154
vt 0.804229 0.872877
vt 0.809149 0.864067
vt 0.586142 0.530507
vt 0.583839 0.517539
vt 0.603356 0.591573
vt 0.600144 0.579304
vt 0.603915 0.603886
vt 0.783650 0.950625
vt 0.788758 0.964151
vt 0.577777 0.632115
vt 0.585076 0.622398
vt 0.591122 0.613142
vt 0.575815 0.613805
vt 0.583194 0.605887
vt 0.567934 0.622047
vt 0.800511 0.957955
vt 0.793423 0.946957
vt 0.576040 0.596530
vt 0.566454 0.604831
vt 0.558737 0.611897
vt 0.811363 0.950678
vt 0.804629 0.941009
vt 0.568981 0.587270
vt 0.558673 0.595440
vt 0.549685 0.602412
vt 0.821265 0.942929
vt 0.815221 0.934192
vt 0.780022 0.939509
vt 0.779010 0.929385
vt 0.778511 0.921143
vt 0.790205 0.936769
vt 0.787839 0.927216
vt 0.784520 0.917049
vt 0.801543 0.931783
vt 0.797147 0.922756
vt 0.791877 0.911693
vt 0.798596 0.905479
vt 0.804871 0.916601
vt 0.810398 0.925786
vt 0.809808 0.885404
vt 0.801939 0.892317
vt 0.807351 0.901678
vt 0.813632 0.911286
vt 0.819183 0.919544
vt 0.824476 0.927193
vt 0.830570 0.935351
vt 0.550564 0.587013
vt 0.540944 0.593406
vt 0.561099 0.579236
vt 0.594809 0.603797
vt 0.591675 0.597135
vt 0.587167 0.587491
vt 0.580687 0.577645
vt 0.571851 0.569848
vt 0.694701 0.562625
vt 0.693504 0.574976
vt 0.594587 0.566190
vt 0.816481 0.897066
vt 0.822474 0.906223
vt 0.827247 0.913669
vt 0.832496 0.920386
vt 0.838525 0.928253
vt 0.553168 0.572392
vt 0.563431 0.563152
vt 0.542626 0.579539
vt 0.532918 0.585417
vt 0.583089 0.559254
vt 0.573727 0.553233
vt 0.556781 0.557376
vt 0.565945 0.546824
vt 0.571327 0.538781
vt 0.581173 0.543014
vt 0.527484 0.578507
vt 0.536852 0.573194
vt 0.546099 0.566893
vt 0.824502 0.894509
vt 0.830288 0.903036
vt 0.833822 0.909043
vt 0.838842 0.915201
vt 0.844596 0.922616
vt 0.819266 0.882330
vt 0.817848 0.870843
vt 0.817681 0.862404
vt 0.577370 0.528011
vt 0.575035 0.516353
vt 0.590830 0.547640
vt 0.772733 0.763534
vt 0.753828 0.766771
vt 0.731637 0.771048
vt 0.711331 0.774668
vt 0.752096 0.747319
vt 0.770744 0.743890
vt 0.730162 0.751812
vt 0.709806 0.756064
vt 0.787975 0.740363
vt 0.789503 0.760585
vt 0.613556 0.422351
vt 0.591431 0.419758
vt 0.590919 0.399558
vt 0.615159 0.402864
vt 0.639273 0.425494
vt 0.640999 0.406174
vt 0.664186 0.409359
vt 0.662380 0.428184
vt 0.617577 0.383585
vt 0.643128 0.386955
vt 0.666693 0.390376
vt 0.768768 0.724595
vt 0.786220 0.720240
vt 0.591912 0.379784
vt 0.749443 0.728548
vt 0.708162 0.737097
vt 0.728335 0.732738
vt 0.706496 0.716360
vt 0.704870 0.691425
vt 0.705775 0.694365
vt 0.726099 0.713110
vt 0.723098 0.688130
vt 0.724058 0.690672
vt 0.745431 0.709994
vt 0.740434 0.685493
vt 0.739947 0.688025
vt 0.763872 0.682346
vt 0.764560 0.685184
vt 0.767177 0.705198
vt 0.778326 0.672593
vt 0.776683 0.678628
vt 0.783147 0.699923
vt 0.669667 0.372025
vt 0.645473 0.368454
vt 0.621299 0.365020
vt 0.595649 0.361685
vt 0.673739 0.351033
vt 0.672400 0.354945
vt 0.651737 0.346988
vt 0.650803 0.349902
vt 0.627467 0.341130
vt 0.626040 0.344354
vt 0.594429 0.333001
vt 0.600995 0.339804
vt 0.597448 0.554640
vt 0.567755 0.537260
vt 0.569695 0.513863
vt 0.823757 0.858766
vt 0.821702 0.870366
vt 0.822893 0.881291
vt 0.826631 0.893803
vt 0.832098 0.901877
vt 0.836037 0.907256
vt 0.840913 0.913931
vt 0.846706 0.919829
vt 0.525576 0.575421
vt 0.537302 0.567544
vt 0.553717 0.554035
vt 0.563158 0.544046
vt 0.828806 0.892507
vt 0.833636 0.900439
vt 0.836917 0.905487
vt 0.842701 0.911867
vt 0.848196 0.917814
vt 0.525069 0.572957
vt 0.550961 0.552468
vt 0.560712 0.541881
vt 0.566023 0.535437
vt 0.825258 0.869761
vt 0.826560 0.880409
vt 0.531109 0.564866
vt 0.538968 0.559344
vt 0.523470 0.569249
vt 0.846739 0.909097
vt 0.851047 0.915091
vt 0.840719 0.903513
vt 0.836800 0.898694
vt 0.547732 0.549865
vt 0.557245 0.539481
vt 0.562418 0.534024
vt 0.562547 0.524339
vt 0.829716 0.862422
vt 0.829905 0.869651
vt 0.563966 0.515437
vt 0.830128 0.879580
vt 0.832164 0.890316
vt 0.691417 0.621714
vt 0.628069 0.641399
vt 0.704155 0.927250
vt 0.690426 0.923274
vt 0.690019 0.920509
vt 0.716990 0.939818
vt 0.729195 0.951586
vt 0.741381 0.965870
vt 0.746749 0.973550
vt 0.751427 0.981168
vt 0.613499 0.652160
vt 0.707082 0.943589
vt 0.693494 0.927670
vt 0.714861 0.941906
vt 0.723686 0.955329
vt 0.727683 0.953475
vt 0.735121 0.969538
vt 0.740541 0.967623
vt 0.740224 0.975449
vt 0.745562 0.973765
vt 0.745490 0.982301
vt 0.750170 0.981926
vt 0.614654 0.652462
vt 0.622414 0.649026
vt 0.615563 0.657152
vt 0.638643 0.646020
vt 0.653388 0.647124
vt 0.665541 0.642928
vt 0.675966 0.635814
vt 0.688540 0.628882
vt 0.710750 0.371647
vt 0.703928 0.689229
vt 0.722299 0.684648
vt 0.684648 0.691805
vt 0.739262 0.682345
vt 0.760935 0.679414
vt 0.588121 0.333342
vt 0.580270 0.357766
vt 0.586675 0.336749
vt 0.576679 0.378054
vt 0.574712 0.398314
vt 0.574665 0.418703
vt 0.576050 0.438431
vt 0.578470 0.457264
vt 0.580278 0.474176
vt 0.580875 0.489186
vt 0.582316 0.507659
vt 0.574007 0.509103
vt 0.564117 0.508902
vt 0.628189 0.337685
vt 0.651815 0.344039
vt 0.674411 0.348238
vt 0.695825 0.351098
vt 0.712306 0.353428
vt 0.702813 0.468153
vt 0.670561 0.707347
vt 0.669230 0.692966
vt 0.673121 0.899729
vt 0.674790 0.913726
vt 0.669657 0.875819
vt 0.671483 0.888331
vt 0.667990 0.861141
vt 0.666530 0.842093
vt 0.665336 0.820259
vt 0.663716 0.797981
vt 0.661050 0.779659
vt 0.658634 0.761645
vt 0.656779 0.742400
vt 0.655082 0.721506
vt 0.653539 0.697120
vt 0.654745 0.699862
vt 0.675992 0.930512
vt 0.660167 0.927435
vt 0.659233 0.913139
vt 0.663563 0.944166
vt 0.655102 0.939992
vt 0.645643 0.925573
vt 0.643257 0.911969
vt 0.653271 0.957787
vt 0.647682 0.951395
vt 0.643464 0.973651
vt 0.638737 0.963719
vt 0.645163 0.936580
vt 0.641950 0.945226
vt 0.635108 0.990977
vt 0.626827 0.987432
vt 0.632264 0.975953
vt 0.638907 0.983310
vt 0.750103 0.655013
vt 0.758687 0.650998
vt 0.765816 0.664819
vt 0.757377 0.665648
vt 0.629834 0.925831
vt 0.631647 0.938179
vt 0.621180 0.941199
vt 0.617336 0.929364
vt 0.611300 0.918075
vt 0.624340 0.910821
vt 0.632491 0.953976
vt 0.622568 0.953981
vt 0.626633 0.970510
vt 0.620134 0.968008
vt 0.622067 0.984536
vt 0.616540 0.981953
vt 0.601427 0.908845
vt 0.589626 0.898903
vt 0.597003 0.890242
vt 0.610775 0.900496
vt 0.657620 0.900161
vt 0.641539 0.899791
vt 0.627380 0.899482
vt 0.608325 0.878106
vt 0.621033 0.891855
vt 0.582676 0.881479
vt 0.587036 0.870842
vt 0.577919 0.887781
vt 0.777803 0.663993
vt 0.771424 0.664605
vt 0.764931 0.649232
vt 0.770289 0.648179
vt 0.741897 0.641328
vt 0.749794 0.637555
vt 0.732749 0.628703
vt 0.741162 0.619281
vt 0.758573 0.635763
vt 0.765810 0.633943
vt 0.754813 0.618583
vt 0.765194 0.618874
vt 0.718447 0.621451
vt 0.725179 0.611674
vt 0.704304 0.618667
vt 0.706903 0.606683
vt 0.742215 0.599863
vt 0.756211 0.601421
vt 0.726097 0.596199
vt 0.708840 0.592832
vt 0.767591 0.603432
vt 0.759793 0.586220
vt 0.772189 0.589127
vt 0.744502 0.584618
vt 0.727897 0.581796
vt 0.710586 0.578429
vt 0.714077 0.554415
vt 0.715722 0.543738
vt 0.717182 0.532496
vt 0.718638 0.519012
vt 0.720367 0.503297
vt 0.721903 0.486940
vt 0.728501 0.414343
vt 0.729426 0.396073
vt 0.729256 0.378426
vt 0.727802 0.356642
vt 0.728500 0.359823
vt 0.727069 0.433455
vt 0.725461 0.451704
vt 0.631451 0.875676
vt 0.637339 0.888985
vt 0.651392 0.875351
vt 0.654745 0.888306
vt 0.628647 0.859216
vt 0.607329 0.858978
vt 0.649215 0.859539
vt 0.588239 0.855927
vt 0.647844 0.841249
vt 0.627701 0.840957
vt 0.605908 0.840575
vt 0.587246 0.838889
vt 0.566138 0.875312
vt 0.573475 0.865884
vt 0.573572 0.853431
vt 0.571728 0.837707
vt 0.789471 0.559844
vt 0.785044 0.542029
vt 0.809425 0.532445
vt 0.764562 0.574076
vt 0.769983 0.563483
vt 0.777947 0.578302
vt 0.777170 0.553734
vt 0.732871 0.557443
vt 0.730262 0.568965
vt 0.712298 0.566082
vt 0.751887 0.560224
vt 0.747980 0.571562
vt 0.756183 0.549806
vt 0.801996 0.522197
vt 0.786294 0.525384
vt 0.760346 0.538802
vt 0.762638 0.524519
vt 0.735544 0.546626
vt 0.739358 0.522110
vt 0.737772 0.535436
vt 0.787834 0.510447
vt 0.804314 0.509205
vt 0.764971 0.508883
vt 0.741133 0.506598
vt 0.742832 0.490234
vt 0.766898 0.492596
vt 0.790476 0.493979
vt 0.807240 0.493828
vt 0.647282 0.820962
vt 0.626651 0.821229
vt 0.604164 0.820808
vt 0.584591 0.820285
vt 0.723598 0.470401
vt 0.745021 0.473025
vt 0.768579 0.475086
vt 0.793073 0.476160
vt 0.811424 0.476872
vt 0.568989 0.820151
vt 0.816322 0.458444
vt 0.795761 0.457465
vt 0.770449 0.456179
vt 0.747349 0.454651
vt 0.645235 0.800302
vt 0.624588 0.800812
vt 0.601904 0.800742
vt 0.582092 0.800810
vt 0.566187 0.801031
vt 0.785501 0.660064
vt 0.779518 0.646735
vt 0.775625 0.634685
vt 0.611384 0.966910
vt 0.608245 0.980963
vt 0.612614 0.954371
vt 0.611486 0.942981
vt 0.608276 0.932890
vt 0.602016 0.924778
vt 0.583109 0.908793
vt 0.593993 0.917182
vt 0.569502 0.892299
vt 0.563820 0.883843
vt 0.809499 0.551775
vt 0.814444 0.539565
vt 0.778566 0.608315
vt 0.784332 0.596854
vt 0.775416 0.620320
vt 0.597232 0.979777
vt 0.600543 0.965713
vt 0.795001 0.653365
vt 0.789895 0.642326
vt 0.785936 0.632003
vt 0.795166 0.626526
vt 0.800667 0.635843
vt 0.806603 0.645587
vt 0.584778 0.975309
vt 0.590360 0.963473
vt 0.804107 0.618849
vt 0.811625 0.629050
vt 0.817602 0.637641
vt 0.573050 0.969652
vt 0.578441 0.959183
vt 0.812987 0.611283
vt 0.821168 0.621564
vt 0.828335 0.630383
vt 0.562183 0.963388
vt 0.567002 0.953935
vt 0.602702 0.954252
vt 0.602378 0.944160
vt 0.601772 0.936007
vt 0.592213 0.952993
vt 0.593289 0.943277
vt 0.595216 0.932847
vt 0.580267 0.949674
vt 0.583414 0.940197
vt 0.587138 0.928626
vt 0.579578 0.923457
vt 0.574881 0.935209
vt 0.570648 0.944993
vt 0.565615 0.905166
vt 0.574405 0.910995
vt 0.570342 0.920874
vt 0.565440 0.931155
vt 0.561067 0.940037
vt 0.556860 0.948301
vt 0.551923 0.957191
vt 0.830860 0.615172
vt 0.838724 0.623644
vt 0.822466 0.605147
vt 0.784308 0.622078
vt 0.788771 0.616167
vt 0.795231 0.607612
vt 0.803690 0.599297
vt 0.814037 0.593583
vt 0.792607 0.585026
vt 0.560637 0.917504
vt 0.555970 0.927331
vt 0.552264 0.935321
vt 0.547976 0.942666
vt 0.543068 0.951264
vt 0.831838 0.600202
vt 0.823758 0.588945
vt 0.840171 0.609779
vt 0.848277 0.617792
vt 0.805388 0.580663
vt 0.815884 0.576852
vt 0.831513 0.584861
vt 0.824912 0.572373
vt 0.811035 0.565064
vt 0.821544 0.563149
vt 0.855128 0.612265
vt 0.847086 0.605176
vt 0.840209 0.596338
vt 0.552348 0.916014
vt 0.547794 0.925218
vt 0.545115 0.931630
vt 0.540980 0.938396
vt 0.536284 0.946512
vt 0.555838 0.903237
vt 0.555655 0.891535
vt 0.555288 0.883107
vt 0.818997 0.551248
vt 0.823642 0.540012
vt 0.800454 0.567489
vt 0.580408 0.781122
vt 0.599591 0.780860
vt 0.622190 0.781043
vt 0.642808 0.780928
vt 0.597728 0.761452
vt 0.578763 0.761483
vt 0.620117 0.761880
vt 0.640905 0.762367
vt 0.561177 0.761172
vt 0.563379 0.781297
vt 0.798226 0.438116
vt 0.799779 0.418628
vt 0.824293 0.419126
vt 0.820507 0.439035
vt 0.772328 0.437007
vt 0.773731 0.417650
vt 0.749113 0.435747
vt 0.750372 0.416856
vt 0.800442 0.399254
vt 0.774710 0.398336
vt 0.750986 0.397690
vt 0.577171 0.742178
vt 0.559214 0.741088
vt 0.826471 0.399438
vt 0.596897 0.742536
vt 0.639049 0.743426
vt 0.618418 0.742810
vt 0.636886 0.722741
vt 0.633907 0.697931
vt 0.633557 0.700986
vt 0.617018 0.723115
vt 0.615381 0.698012
vt 0.614905 0.700686
vt 0.597443 0.723579
vt 0.597854 0.698584
vt 0.598799 0.700985
vt 0.574103 0.702709
vt 0.574263 0.699806
vt 0.575184 0.722837
vt 0.561004 0.698376
vt 0.554330 0.689560
vt 0.558516 0.720553
vt 0.751084 0.379064
vt 0.775393 0.379679
vt 0.799649 0.380400
vt 0.825563 0.381086
vt 0.750632 0.357652
vt 0.751279 0.361738
vt 0.772873 0.357381
vt 0.773282 0.360420
vt 0.797529 0.355703
vt 0.798342 0.359152
vt 0.826034 0.355059
vt 0.823168 0.359140
vt 0.792323 0.572945
vt 0.827188 0.544412
vt 0.825305 0.562465
vt 0.551710 0.891416
vt 0.549847 0.883052
vt 0.552110 0.902667
vt 0.550146 0.915596
vt 0.545843 0.924313
vt 0.542678 0.930160
vt 0.538756 0.937419
vt 0.533816 0.944039
vt 0.857681 0.609614
vt 0.846004 0.595893
vt 0.835198 0.582323
vt 0.828265 0.570308
vt 0.547816 0.914602
vt 0.544123 0.923097
vt 0.541564 0.928528
vt 0.536703 0.935617
vt 0.532065 0.942246
vt 0.858490 0.607294
vt 0.838234 0.581425
vt 0.831150 0.568769
vt 0.827482 0.561266
vt 0.548040 0.891504
vt 0.546139 0.884814
vt 0.548374 0.902294
vt 0.848159 0.591094
vt 0.855069 0.597900
vt 0.861116 0.604279
vt 0.532328 0.933418
vt 0.528872 0.939934
vt 0.537531 0.927085
vt 0.540753 0.921795
vt 0.841992 0.579680
vt 0.835079 0.567231
vt 0.831191 0.560490
vt 0.831169 0.551091
vt 0.543435 0.892225
vt 0.542116 0.885089
vt 0.832892 0.542455
vt 0.544193 0.912888
vt 0.544736 0.901991
vt 0.744074 0.652605
vt 0.678514 0.932506
vt 0.665218 0.945442
vt 0.654593 0.959105
vt 0.644324 0.975023
vt 0.639954 0.983363
vt 0.636246 0.991519
vt 0.756239 0.665698
vt 0.674446 0.947215
vt 0.667267 0.947237
vt 0.681724 0.935403
vt 0.660493 0.962156
vt 0.656314 0.960813
vt 0.650967 0.977886
vt 0.645371 0.976665
vt 0.646647 0.984434
vt 0.641155 0.983426
vt 0.642267 0.991906
vt 0.637583 0.992115
vt 0.755041 0.665765
vt 0.753300 0.670216
vt 0.748024 0.660922
vt 0.732717 0.654420
vt 0.718493 0.651715
vt 0.708159 0.644474
vt 0.700261 0.634868
vt 0.634430 0.695600
vt 0.615528 0.694443
vt 0.653858 0.694626
vt 0.598427 0.695276
vt 0.576573 0.696371
vt 0.837463 0.356990
vt 0.841271 0.379025
vt 0.841785 0.399871
vt 0.840502 0.420337
vt 0.837233 0.440586
vt 0.832622 0.459936
vt 0.827106 0.478236
vt 0.822451 0.494714
vt 0.819152 0.509450
vt 0.816688 0.521402
vt 0.817824 0.530274
vt 0.824999 0.532710
vt 0.829675 0.534115
vt 0.833274 0.535318
vt 0.836731 0.537134
vt 0.797555 0.352199
vt 0.773313 0.354454
vt 0.750451 0.354782
vt 0.728925 0.353953
vt 0.934689 0.836760
vt 0.940115 0.833685
vt 0.938870 0.839089
vt 0.932984 0.840599
vt 0.932477 0.833611
vt 0.939752 0.827871
vt 0.928800 0.839572
vt 0.939662 0.857046
vt 0.937097 0.857797
vt 0.937981 0.853321
vt 0.941807 0.853832
vt 0.945099 0.855593
vt 0.941143 0.858970
vt 0.937887 0.860783
vt 0.888631 0.864064
vt 0.892604 0.864260
vt 0.889015 0.869868
vt 0.883982 0.868818
vt 0.879128 0.866745
vt 0.886896 0.861367
vt 0.893525 0.860181
vt 0.900665 0.879553
vt 0.902140 0.877032
vt 0.905587 0.879126
vt 0.902408 0.881611
vt 0.897020 0.880081
vt 0.897530 0.876048
vt 0.897700 0.883842
vt 0.905044 0.892494
vt 0.908150 0.891641
vt 0.906351 0.897296
vt 0.901892 0.896511
vt 0.897574 0.894059
vt 0.902560 0.890278
vt 0.906882 0.887667
vt 0.940579 0.865211
vt 0.939714 0.867275
vt 0.936718 0.865048
vt 0.938986 0.863332
vt 0.944542 0.864238
vt 0.945203 0.867552
vt 0.943159 0.861338
vt 0.913149 0.909590
vt 0.914179 0.906155
vt 0.918736 0.905853
vt 0.916150 0.911020
vt 0.907546 0.912257
vt 0.907900 0.907472
vt 0.909495 0.917025
vt 0.965956 0.868781
vt 0.967095 0.863779
vt 0.973546 0.862003
vt 0.970733 0.869291
vt 0.965676 0.874970
vt 0.962113 0.871367
vt 0.961390 0.866272
vt 0.957290 0.873660
vt 0.956359 0.868655
vt 0.955844 0.863561
vt 0.961294 0.860385
vt 0.967282 0.857210
vt 0.959931 0.854929
vt 0.965815 0.850848
vt 0.972057 0.846732
vt 0.973879 0.854201
vt 0.978517 0.842726
vt 0.980739 0.851593
vt 0.980113 0.860815
vt 0.977158 0.869590
vt 0.988075 0.849782
vt 0.986918 0.860746
vt 0.983250 0.870007
vt 0.898185 0.920216
vt 0.886705 0.919103
vt 0.889673 0.912425
vt 0.898730 0.913878
vt 0.893339 0.906614
vt 0.900637 0.908053
vt 0.897516 0.901327
vt 0.903389 0.902656
vt 0.909302 0.902490
vt 0.914739 0.901649
vt 0.910758 0.897158
vt 0.915250 0.896382
vt 0.911401 0.891163
vt 0.915169 0.890384
vt 0.919188 0.889024
vt 0.919718 0.895182
vt 0.919575 0.900789
vt 0.924213 0.893964
vt 0.924154 0.900227
vt 0.923112 0.906236
vt 0.928840 0.900121
vt 0.927577 0.906771
vt 0.925883 0.912596
vt 0.920448 0.912714
vt 0.970897 0.876878
vt 0.914778 0.919868
vt 0.958844 0.878225
vt 0.951897 0.879813
vt 0.951484 0.875184
vt 0.944880 0.879701
vt 0.945143 0.875331
vt 0.945296 0.871314
vt 0.951035 0.870593
vt 0.950491 0.866177
vt 0.949492 0.862091
vt 0.954547 0.858860
vt 0.947718 0.858459
vt 0.952309 0.854773
vt 0.957294 0.850254
vt 0.949119 0.851512
vt 0.953392 0.846602
vt 0.957938 0.841071
vt 0.962703 0.845334
vt 0.962484 0.835255
vt 0.968244 0.840287
vt 0.966885 0.828926
vt 0.973699 0.834982
vt 0.970800 0.822363
vt 0.979628 0.829256
vt 0.985630 0.838797
vt 0.876526 0.913922
vt 0.868998 0.905503
vt 0.875613 0.901279
vt 0.881688 0.908083
vt 0.881913 0.897332
vt 0.886903 0.902914
vt 0.888047 0.893794
vt 0.892201 0.898313
vt 0.894163 0.890454
vt 0.885701 0.888231
vt 0.892016 0.885978
vt 0.899717 0.887334
vt 0.904512 0.884572
vt 0.908242 0.882211
vt 0.910428 0.885973
vt 0.911506 0.879809
vt 0.913934 0.884547
vt 0.914579 0.877242
vt 0.917534 0.882723
vt 0.917618 0.874393
vt 0.921062 0.880596
vt 0.923268 0.887323
vt 0.924548 0.877967
vt 0.927365 0.885347
vt 0.928744 0.892874
vt 0.937944 0.878019
vt 0.931574 0.874416
vt 0.933320 0.870562
vt 0.938816 0.873784
vt 0.934962 0.867348
vt 0.939369 0.870150
vt 0.929496 0.866182
vt 0.932312 0.863680
vt 0.935080 0.862036
vt 0.930800 0.859295
vt 0.934160 0.858269
vt 0.930251 0.854294
vt 0.934157 0.853593
vt 0.930629 0.849243
vt 0.935256 0.848750
vt 0.940149 0.848554
vt 0.945064 0.849348
vt 0.937096 0.843974
vt 0.942904 0.843426
vt 0.948539 0.844242
vt 0.945496 0.837834
vt 0.952086 0.838489
vt 0.947620 0.831640
vt 0.955383 0.832238
vt 0.948845 0.825070
vt 0.958233 0.825573
vt 0.948688 0.818303
vt 0.960241 0.818305
vt 0.863691 0.883746
vt 0.867357 0.872626
vt 0.873652 0.874770
vt 0.871254 0.883817
vt 0.871945 0.893001
vt 0.864308 0.895229
vt 0.878331 0.883150
vt 0.879008 0.890666
vt 0.885016 0.882120
vt 0.880015 0.875665
vt 0.886148 0.875867
vt 0.892035 0.875842
vt 0.891277 0.881030
vt 0.894104 0.870700
vt 0.899069 0.871762
vt 0.896840 0.865576
vt 0.901397 0.867279
vt 0.906111 0.869603
vt 0.903890 0.873447
vt 0.910658 0.872903
vt 0.908198 0.876106
vt 0.908459 0.865576
vt 0.913259 0.869375
vt 0.910494 0.861388
vt 0.915804 0.865696
vt 0.920602 0.871324
vt 0.926637 0.869235
vt 0.923438 0.863062
vt 0.927196 0.860921
vt 0.921916 0.856638
vt 0.926168 0.855320
vt 0.921783 0.850225
vt 0.926202 0.849737
vt 0.922824 0.844034
vt 0.927085 0.844457
vt 0.931641 0.844579
vt 0.924871 0.837989
vt 0.892853 0.856120
vt 0.884263 0.857849
vt 0.929596 0.830247
vt 0.898934 0.856595
vt 0.898529 0.860976
vt 0.904807 0.858356
vt 0.903547 0.862831
vt 0.937830 0.822614
vt 0.874764 0.863529
vt 0.883646 0.935813
vt 0.882230 0.939405
vt 0.878250 0.938994
vt 0.881492 0.934176
vt 0.885321 0.931092
vt 0.886473 0.934608
vt 0.886002 0.939026
vt 0.907578 0.941778
vt 0.909162 0.939896
vt 0.912112 0.942950
vt 0.908772 0.944548
vt 0.905378 0.945660
vt 0.905070 0.941640
vt 0.905963 0.938277
vt 0.917668 0.957691
vt 0.914731 0.961388
vt 0.912773 0.956537
vt 0.917064 0.953948
vt 0.921888 0.954575
vt 0.921104 0.960746
vt 0.892022 0.959839
vt 0.895214 0.960762
vt 0.894224 0.966528
vt 0.889771 0.963548
vt 0.886997 0.959423
vt 0.891215 0.956671
vt 0.895072 0.956049
vt 0.991422 0.916085
vt 0.988249 0.911738
vt 0.991119 0.908659
vt 0.994109 0.915852
vt 0.990644 0.919383
vt 0.986233 0.915606
vt 0.994021 0.921083
vt 0.941260 0.934602
vt 0.944462 0.937131
vt 0.942108 0.940753
vt 0.937629 0.935487
vt 0.935157 0.927302
vt 0.940569 0.928788
vt 0.945137 0.931143
vt 0.959817 0.931001
vt 0.959717 0.933902
vt 0.955182 0.931781
vt 0.956898 0.928019
vt 0.962318 0.929759
vt 0.963624 0.933778
vt 0.959567 0.924720
vt 0.975402 0.924748
vt 0.977304 0.926902
vt 0.974462 0.929436
vt 0.972860 0.925567
vt 0.975543 0.920699
vt 0.979179 0.922360
vt 0.971482 0.920105
vt 0.970344 0.914071
vt 0.975512 0.914918
vt 0.969150 0.926324
vt 0.967180 0.920658
vt 0.965218 0.914632
vt 0.963324 0.908277
vt 0.969529 0.907785
vt 0.963117 0.922208
vt 0.960377 0.916429
vt 0.957520 0.910448
vt 0.954608 0.904285
vt 0.961636 0.901694
vt 0.956176 0.919490
vt 0.952429 0.914146
vt 0.948509 0.908574
vt 0.944439 0.902756
vt 0.951874 0.897663
vt 0.948594 0.919014
vt 0.943932 0.914380
vt 0.938811 0.909826
vt 0.932980 0.905660
vt 0.939894 0.896738
vt 0.941158 0.921382
vt 0.935573 0.918340
vt 0.929340 0.916313
vt 0.879160 0.979020
vt 0.883387 0.974012
vt 0.890361 0.978895
vt 0.887529 0.985388
vt 0.929341 0.927153
vt 0.873492 0.970333
vt 0.878453 0.967119
vt 0.882868 0.963286
vt 0.886786 0.968765
vt 0.870742 0.960620
vt 0.875990 0.959454
vt 0.880764 0.957119
vt 0.885444 0.954641
vt 0.875394 0.951761
vt 0.880177 0.950822
vt 0.884921 0.949450
vt 0.889562 0.948169
vt 0.890182 0.952687
vt 0.880759 0.944855
vt 0.885204 0.944122
vt 0.889510 0.943323
vt 0.893691 0.942662
vt 0.893895 0.947333
vt 0.889869 0.938474
vt 0.893944 0.937967
vt 0.898067 0.937648
vt 0.897714 0.942206
vt 0.890235 0.933753
vt 0.894417 0.933314
vt 0.898834 0.933215
vt 0.894796 0.928499
vt 0.899767 0.928738
vt 0.904879 0.929672
vt 0.903385 0.933648
vt 0.902161 0.937669
vt 0.901538 0.941911
vt 0.907928 0.934956
vt 0.910070 0.931543
vt 0.914855 0.934605
vt 0.911977 0.937396
vt 0.919020 0.938484
vt 0.915606 0.940848
vt 0.922665 0.943182
vt 0.918620 0.944880
vt 0.914373 0.946585
vt 0.910121 0.948428
vt 0.920844 0.949461
vt 0.916005 0.950355
vt 0.911379 0.952358
vt 0.908670 0.959401
vt 0.907301 0.954262
vt 0.906211 0.949842
vt 0.903275 0.955566
vt 0.902380 0.950748
vt 0.901721 0.946283
vt 0.898493 0.951298
vt 0.897900 0.946794
vt 0.894467 0.951737
vt 0.899185 0.956044
vt 0.904266 0.961114
vt 0.899658 0.961617
vt 0.905141 0.967361
vt 0.899601 0.967837
vt 0.906050 0.973958
vt 0.899170 0.974388
vt 0.892523 0.972580
vt 0.898513 0.981290
vt 0.906872 0.980955
vt 0.907692 0.988442
vt 0.897437 0.988445
vt 0.914900 0.977981
vt 0.917668 0.984755
vt 0.949147 0.890626
vt 0.960005 0.887669
vt 0.960421 0.894999
vt 0.971078 0.888237
vt 0.969421 0.894827
vt 0.969119 0.901332
vt 0.978204 0.897360
vt 0.976455 0.903026
vt 0.975723 0.908966
vt 0.982958 0.906698
vt 0.981383 0.911731
vt 0.980319 0.917111
vt 0.984543 0.920099
vt 0.982696 0.924719
vt 0.986207 0.927561
vt 0.983100 0.931975
vt 0.980050 0.929255
vt 0.988602 0.923246
vt 0.992432 0.925920
vt 0.989710 0.930571
vt 0.993594 0.933396
vt 0.989568 0.938283
vt 0.986259 0.934977
vt 0.996398 0.927654
vt 0.917469 0.931352
vt 0.912157 0.927838
vt 0.997805 0.921603
vt 0.922167 0.935643
vt 0.997583 0.914907
vt 0.926347 0.941123
vt 0.995026 0.906692
vt 0.930326 0.948936
vt 0.925625 0.949276
vt 0.932264 0.958171
vt 0.926985 0.956677
vt 0.930886 0.968337
vt 0.925629 0.964757
vt 0.925732 0.977766
vt 0.921409 0.972394
vt 0.917732 0.966853
vt 0.912454 0.971477
vt 0.910330 0.965222
vt 0.981403 0.892271
vt 0.989568 0.898902
vt 0.985642 0.902291
vt 0.984940 0.942536
vt 0.981962 0.938983
vt 0.979180 0.935812
vt 0.976995 0.942234
vt 0.974750 0.938652
vt 0.972720 0.934980
vt 0.976566 0.932690
vt 0.970950 0.931031
vt 0.968682 0.936580
vt 0.967324 0.932466
vt 0.965587 0.927753
vt 0.964274 0.937698
vt 0.964778 0.941704
vt 0.959067 0.941801
vt 0.959237 0.937554
vt 0.970021 0.940636
vt 0.971506 0.944565
vt 0.965521 0.945903
vt 0.966660 0.950053
vt 0.959618 0.950598
vt 0.959159 0.946231
vt 0.973351 0.948477
vt 0.888493 0.925082
vt 0.889929 0.929175
vt 0.882895 0.927842
vt 0.979520 0.945930
vt 0.894501 0.923779
vt 0.900556 0.923813
vt 0.952235 0.950078
vt 0.952860 0.945471
vt 0.953492 0.940709
vt 0.947051 0.943678
vt 0.948575 0.939090
vt 0.949557 0.933733
vt 0.954131 0.936016
vt 0.950773 0.928535
vt 0.946175 0.924886
vt 0.952909 0.923634
vt 0.945075 0.947792
vt 0.938547 0.943799
vt 0.870695 0.951610
vt 0.932710 0.936820
vt 0.871913 0.944253
vt 0.876251 0.945007
vt 0.874389 0.937688
vt 0.878061 0.932036
vt 0.906507 0.925265
vt 0.099546 0.088153
vt 0.100187 0.091789
vt 0.104196 0.091093
vt 0.102402 0.087346
vt 0.097397 0.092111
vt 0.097157 0.088532
vt 0.091802 0.092107
vt 0.094355 0.092190
vt 0.094591 0.088584
vt 0.092403 0.088387
vt 0.088837 0.091651
vt 0.090021 0.088193
vt 0.085686 0.090734
vt 0.087553 0.087281
vt 0.131183 0.089299
vt 0.128972 0.090653
vt 0.130858 0.093972
vt 0.133321 0.092577
vt 0.126366 0.091585
vt 0.128161 0.094939
vt 0.123463 0.092073
vt 0.123967 0.095480
vt 0.120834 0.092168
vt 0.120557 0.095234
vt 0.116590 0.091674
vt 0.115932 0.094898
vt 0.118203 0.095132
vt 0.118508 0.092002
vt 0.114445 0.091133
vt 0.111774 0.090088
vt 0.110119 0.093559
vt 0.113535 0.094375
vt 0.104722 0.086169
vt 0.106697 0.089512
vt 0.122887 0.089445
vt 0.120919 0.089714
vt 0.119125 0.089466
vt 0.117361 0.088992
vt 0.125089 0.088827
vt 0.090965 0.085031
vt 0.089110 0.084263
vt 0.100963 0.084280
vt 0.098800 0.084966
vt 0.096786 0.085303
vt 0.092882 0.085266
vt 0.094756 0.085377
vt 0.123887 0.086371
vt 0.122122 0.087174
vt 0.120914 0.087994
vt 0.119744 0.087189
vt 0.118209 0.086535
vt 0.127289 0.087870
vt 0.128952 0.086781
vt 0.127056 0.084385
vt 0.125821 0.085313
vt 0.113598 0.087258
vt 0.115541 0.088310
vt 0.102974 0.083210
vt 0.116688 0.085843
vt 0.115088 0.084796
vt 0.099683 0.081631
vt 0.101506 0.080693
vt 0.097986 0.082121
vt 0.096412 0.082353
vt 0.093425 0.082279
vt 0.094865 0.082375
vt 0.091985 0.082032
vt 0.090452 0.081461
vt 0.120807 0.084904
vt 0.119060 0.084280
vt 0.122570 0.083912
vt 0.116358 0.082414
vt 0.117688 0.083591
vt 0.098452 0.079275
vt 0.100091 0.078393
vt 0.097129 0.079508
vt 0.096034 0.079638
vt 0.093923 0.079502
vt 0.094920 0.079604
vt 0.092980 0.079201
vt 0.091860 0.078775
vt 0.124237 0.082671
vt 0.125095 0.082056
vt 0.121924 0.081391
vt 0.120625 0.081998
vt 0.119453 0.082065
vt 0.118514 0.081736
vt 0.117560 0.080608
vt 0.098742 0.076691
vt 0.097552 0.077283
vt 0.096597 0.077548
vt 0.095878 0.077510
vt 0.094330 0.077187
vt 0.095142 0.077396
vt 0.093627 0.076911
vt 0.092898 0.076682
vt 0.123422 0.080367
vt 0.122853 0.080805
vt 0.096972 0.075761
vt 0.096082 0.076189
vt 0.095603 0.076292
vt 0.094872 0.075659
vt 0.095230 0.076029
vt 0.094397 0.075318
vt 0.093791 0.075270
vt 0.121450 0.079734
vt 0.122089 0.079763
vt 0.122228 0.079271
vt 0.120515 0.080062
vt 0.119652 0.080264
vt 0.119031 0.080499
vt 0.118531 0.079387
vt 0.097820 0.075350
vt 0.120809 0.078809
vt 0.119548 0.078478
vt 0.095165 0.074478
vt 0.096270 0.074895
vt 0.096706 0.074156
vt 0.095148 0.073858
vt 0.095697 0.075331
vt 0.095126 0.075018
vt 0.121303 0.078603
vt 0.094954 0.074762
vt 0.094776 0.074364
vt 0.099546 0.088152
vt 0.102401 0.087346
vt 0.104195 0.091092
vt 0.100186 0.091789
vt 0.097397 0.092111
vt 0.097157 0.088531
vt 0.091802 0.092107
vt 0.092403 0.088386
vt 0.094591 0.088584
vt 0.094355 0.092189
vt 0.088838 0.091650
vt 0.090021 0.088193
vt 0.085686 0.090734
vt 0.087553 0.087281
vt 0.131183 0.089299
vt 0.133321 0.092577
vt 0.130858 0.093972
vt 0.128972 0.090653
vt 0.128161 0.094938
vt 0.126366 0.091584
vt 0.123967 0.095480
vt 0.123463 0.092073
vt 0.120557 0.095234
vt 0.120835 0.092167
vt 0.116590 0.091674
vt 0.118508 0.092001
vt 0.118203 0.095132
vt 0.115933 0.094897
vt 0.114445 0.091133
vt 0.113536 0.094375
vt 0.110119 0.093558
vt 0.111775 0.090088
vt 0.104721 0.086168
vt 0.106696 0.089511
vt 0.120919 0.089714
vt 0.122887 0.089445
vt 0.119125 0.089466
vt 0.117362 0.088992
vt 0.125088 0.088827
vt 0.089110 0.084263
vt 0.090965 0.085031
vt 0.100963 0.084280
vt 0.098799 0.084966
vt 0.096786 0.085303
vt 0.092882 0.085266
vt 0.094756 0.085376
vt 0.122121 0.087174
vt 0.123887 0.086371
vt 0.120914 0.087994
vt 0.119744 0.087189
vt 0.118209 0.086535
vt 0.127288 0.087870
vt 0.128952 0.086781
vt 0.125821 0.085313
vt 0.127056 0.084386
vt 0.113598 0.087258
vt 0.115541 0.088310
vt 0.102973 0.083210
vt 0.115088 0.084796
vt 0.116688 0.085843
vt 0.099682 0.081631
vt 0.101506 0.080693
vt 0.097986 0.082121
vt 0.096412 0.082353
vt 0.093425 0.082279
vt 0.094865 0.082375
vt 0.091985 0.082032
vt 0.090452 0.081461
vt 0.120807 0.084904
vt 0.119060 0.084280
vt 0.122571 0.083912
vt 0.116359 0.082414
vt 0.117688 0.083591
vt 0.098451 0.079275
vt 0.100091 0.078393
vt 0.097129 0.079509
vt 0.096034 0.079638
vt 0.093923 0.079502
vt 0.094920 0.079604
vt 0.092981 0.079201
vt 0.091860 0.078775
vt 0.124237 0.082671
vt 0.125095 0.082056
vt 0.120625 0.081998
vt 0.121924 0.081391
vt 0.119453 0.082065
vt 0.117561 0.080608
vt 0.118514 0.081736
vt 0.097552 0.077283
vt 0.098743 0.076692
vt 0.096597 0.077548
vt 0.095878 0.077510
vt 0.094330 0.077188
vt 0.095142 0.077396
vt 0.093627 0.076911
vt 0.092898 0.076682
vt 0.122853 0.080805
vt 0.123421 0.080367
vt 0.096082 0.076190
vt 0.096973 0.075761
vt 0.095603 0.076293
vt 0.094872 0.075659
vt 0.095231 0.076030
vt 0.094397 0.075318
vt 0.093791 0.075271
vt 0.121450 0.079734
vt 0.122089 0.079763
vt 0.122227 0.079271
vt 0.120515 0.080062
vt 0.119652 0.080264
vt 0.118531 0.079387
vt 0.119031 0.080499
vt 0.097820 0.075350
vt 0.120808 0.078809
vt 0.119548 0.078478
vt 0.095166 0.074478
vt 0.095149 0.073858
vt 0.096707 0.074156
vt 0.096271 0.074896
vt 0.095697 0.075332
vt 0.095126 0.075018
vt 0.121303 0.078604
vt 0.094955 0.074762
vt 0.094776 0.074365
vt 0.272808 0.827433
vt 0.270544 0.831909
vt 0.266743 0.829697
vt 0.270006 0.825352
vt 0.283695 0.833798
vt 0.276588 0.833020
vt 0.278105 0.828312
vt 0.283956 0.828304
vt 0.294318 0.822405
vt 0.297928 0.826253
vt 0.303624 0.814124
vt 0.298092 0.813665
vt 0.296709 0.809403
vt 0.301953 0.807469
vt 0.294824 0.805066
vt 0.278932 0.798883
vt 0.285748 0.793342
vt 0.299712 0.800624
vt 0.279667 0.806550
vt 0.270642 0.798343
vt 0.259789 0.819786
vt 0.262231 0.808805
vt 0.266212 0.810224
vt 0.263594 0.819446
vt 0.263428 0.833971
vt 0.268141 0.836441
vt 0.255385 0.819532
vt 0.257929 0.807443
vt 0.267383 0.794067
vt 0.285840 0.786912
vt 0.303363 0.797313
vt 0.305703 0.806129
vt 0.307659 0.814453
vt 0.300371 0.829004
vt 0.283286 0.837784
vt 0.275212 0.837287
vt 0.317172 0.817399
vt 0.305543 0.836564
vt 0.285753 0.845768
vt 0.273753 0.844694
vt 0.264983 0.843110
vt 0.258979 0.840358
vt 0.314332 0.806010
vt 0.289590 0.781932
vt 0.306861 0.792980
vt 0.266085 0.788878
vt 0.249520 0.808902
vt 0.248260 0.822780
vt 0.272570 0.773654
vt 0.286516 0.770957
vt 0.299156 0.769238
vt 0.306313 0.777019
vt 0.318367 0.771268
vt 0.314578 0.765073
vt 0.320765 0.755223
vt 0.326769 0.761179
vt 0.322902 0.748245
vt 0.328804 0.750146
vt 0.315844 0.788863
vt 0.323487 0.802185
vt 0.329362 0.815975
vt 0.256077 0.775388
vt 0.262766 0.774763
vt 0.254973 0.788574
vt 0.248113 0.787197
vt 0.242225 0.784738
vt 0.248602 0.776815
vt 0.238291 0.799813
vt 0.243647 0.803607
vt 0.430935 0.232742
vt 0.428875 0.216267
vt 0.423893 0.216174
vt 0.425577 0.231459
vt 0.436626 0.236039
vt 0.433559 0.217209
vt 0.229337 0.813173
vt 0.233568 0.818610
vt 0.240746 0.832570
vt 0.237884 0.824530
vt 0.260887 0.851536
vt 0.254098 0.848379
vt 0.333820 0.748871
vt 0.333335 0.759402
vt 0.336074 0.774624
vt 0.331462 0.778257
vt 0.324479 0.783816
vt 0.340295 0.790568
vt 0.334396 0.793227
vt 0.343195 0.808431
vt 0.347688 0.804926
vt 0.329464 0.796501
vt 0.337558 0.811997
vt 0.353495 0.808693
vt 0.351368 0.814242
vt 0.358824 0.808460
vt 0.360578 0.815897
vt 0.380652 0.802736
vt 0.369278 0.812258
vt 0.365409 0.806846
vt 0.374941 0.796751
vt 0.383789 0.787528
vt 0.390652 0.793463
vt 0.397819 0.783584
vt 0.390288 0.777284
vt 0.395997 0.768773
vt 0.402413 0.773342
vt 0.337720 0.747338
vt 0.338533 0.757698
vt 0.342178 0.771364
vt 0.346628 0.787391
vt 0.352684 0.801238
vt 0.362619 0.802941
vt 0.372409 0.792909
vt 0.379112 0.784762
vt 0.385356 0.773316
vt 0.392007 0.766168
vt 0.342914 0.747233
vt 0.344677 0.755890
vt 0.347755 0.770028
vt 0.351466 0.785228
vt 0.357713 0.799310
vt 0.375127 0.781508
vt 0.368203 0.791177
vt 0.364323 0.789934
vt 0.372268 0.777904
vt 0.355301 0.804094
vt 0.358714 0.804371
vt 0.361505 0.799646
vt 0.380765 0.766197
vt 0.383493 0.770571
vt 0.387654 0.760604
vt 0.389774 0.763838
vt 0.395025 0.219587
vt 0.386484 0.220886
vt 0.384533 0.225398
vt 0.397965 0.225464
vt 0.400242 0.213327
vt 0.404681 0.216028
vt 0.407645 0.227575
vt 0.410496 0.215947
vt 0.417404 0.216073
vt 0.417962 0.230610
vt 0.400727 0.205717
vt 0.406209 0.204738
vt 0.396899 0.197136
vt 0.401700 0.193848
vt 0.394022 0.187900
vt 0.391259 0.193549
vt 0.378843 0.213950
vt 0.377121 0.207274
vt 0.374543 0.207257
vt 0.374782 0.217336
vt 0.369586 0.205871
vt 0.368454 0.212520
vt 0.377650 0.199001
vt 0.379770 0.199811
vt 0.374183 0.197425
vt 0.384350 0.192412
vt 0.385798 0.194498
vt 0.381333 0.189454
vt 0.390029 0.182184
vt 0.398902 0.174011
vt 0.403305 0.179894
vt 0.411845 0.174401
vt 0.410738 0.163918
vt 0.407710 0.190623
vt 0.411187 0.203308
vt 0.414626 0.187671
vt 0.416704 0.201719
vt 0.432524 0.197111
vt 0.427794 0.198213
vt 0.422644 0.199959
vt 0.434189 0.176239
vt 0.428238 0.179069
vt 0.421531 0.183629
vt 0.429644 0.156449
vt 0.420751 0.167578
vt 0.436616 0.153489
vt 0.394970 0.206786
vt 0.394524 0.212563
vt 0.392083 0.215500
vt 0.387126 0.215009
vt 0.382280 0.211665
vt 0.380429 0.207055
vt 0.381829 0.201667
vt 0.386024 0.199276
vt 0.389305 0.197842
vt 0.394141 0.199853
vt 0.390958 0.207909
vt 0.391334 0.211242
vt 0.389759 0.212390
vt 0.387412 0.210108
vt 0.384121 0.209776
vt 0.383264 0.207305
vt 0.385533 0.204896
vt 0.386689 0.201996
vt 0.388968 0.202202
vt 0.390069 0.203880
vt 0.286628 0.859552
vt 0.271265 0.854979
vt 0.325521 0.851394
vt 0.313002 0.855941
vt 0.308940 0.850878
vt 0.323616 0.844200
vt 0.296722 0.863885
vt 0.304763 0.866147
vt 0.307852 0.875912
vt 0.300624 0.882143
vt 0.337665 0.842185
vt 0.337766 0.849340
vt 0.353979 0.851880
vt 0.348379 0.850428
vt 0.349574 0.843825
vt 0.359399 0.850907
vt 0.356272 0.867583
vt 0.361533 0.870422
vt 0.346220 0.875588
vt 0.348223 0.882894
vt 0.328371 0.879794
vt 0.337987 0.878219
vt 0.339021 0.886558
vt 0.327542 0.887830
vt 0.307748 0.884573
vt 0.312488 0.878614
vt 0.318611 0.879724
vt 0.314557 0.886782
vt 0.292043 0.884777
vt 0.309125 0.892871
vt 0.300321 0.888952
vt 0.324000 0.896018
vt 0.339086 0.896652
vt 0.372149 0.877314
vt 0.353356 0.894264
vt 0.368043 0.840406
vt 0.304930 0.843364
vt 0.321515 0.833995
vt 0.337742 0.832404
vt 0.350536 0.832531
vt 0.379778 0.831141
vt 0.381488 0.850852
vt 0.391377 0.844053
vt 0.392705 0.813947
vt 0.401242 0.802839
vt 0.408069 0.792671
vt 0.405888 0.828307
vt 0.386719 0.874525
vt 0.400465 0.867513
vt 0.413562 0.814216
vt 0.413126 0.782690
vt 0.419401 0.803706
vt 0.425915 0.795716
vt 0.413954 0.853066
vt 0.434374 0.806046
vt 0.428929 0.813128
vt 0.422815 0.825621
vt 0.429752 0.833404
vt 0.426039 0.859208
vt 0.439837 0.812949
vt 0.435166 0.819236
vt 0.430098 0.876570
vt 0.418748 0.881429
vt 0.432576 0.884504
vt 0.421281 0.890890
vt 0.405091 0.887165
vt 0.220796 0.829772
vt 0.215292 0.827194
vt 0.225689 0.806466
vt 0.225578 0.834194
vt 0.234347 0.844786
vt 0.230186 0.839133
vt 0.256263 0.861806
vt 0.249526 0.858115
vt 0.266587 0.866636
vt 0.277283 0.874252
vt 0.215531 0.846475
vt 0.210530 0.842559
vt 0.220533 0.850308
vt 0.230305 0.857996
vt 0.225423 0.853912
vt 0.253906 0.871525
vt 0.246649 0.868064
vt 0.271817 0.882851
vt 0.262959 0.876488
vt 0.285129 0.888120
vt 0.280396 0.892087
vt 0.302055 0.899846
vt 0.292898 0.894375
vt 0.295237 0.904799
vt 0.287500 0.898693
vt 0.319342 0.905590
vt 0.314446 0.913459
vt 0.337386 0.907958
vt 0.390425 0.892260
vt 0.374114 0.897758
vt 0.356055 0.907466
vt 0.334658 0.916530
vt 0.374560 0.910019
vt 0.355446 0.916260
vt 0.391668 0.903639
vt 0.407119 0.897355
vt 0.440928 0.914500
vt 0.430471 0.922225
vt 0.427506 0.918689
vt 0.438095 0.911500
vt 0.442854 0.934354
vt 0.437886 0.930211
vt 0.449222 0.921200
vt 0.455963 0.923557
vt 0.428245 0.948149
vt 0.422871 0.944249
vt 0.415931 0.932613
vt 0.413055 0.928048
vt 0.408705 0.964802
vt 0.402867 0.959938
vt 0.394660 0.937743
vt 0.396620 0.943945
vt 0.381750 0.981089
vt 0.376491 0.974103
vt 0.372505 0.946229
vt 0.373494 0.954072
vt 0.347046 0.951461
vt 0.346170 0.959855
vt 0.343155 0.991849
vt 0.344922 0.982208
vt 0.347982 0.991225
vt 0.303451 0.989699
vt 0.306361 0.980675
vt 0.333861 0.991553
vt 0.213440 0.864521
vt 0.213933 0.888798
vt 0.208239 0.886027
vt 0.208218 0.856163
vt 0.228380 0.872763
vt 0.228353 0.888956
vt 0.223215 0.886975
vt 0.223266 0.869762
vt 0.218422 0.867699
vt 0.218743 0.888157
vt 0.245998 0.893712
vt 0.245746 0.880067
vt 0.252596 0.882068
vt 0.252582 0.893987
vt 0.264652 0.894837
vt 0.259225 0.894420
vt 0.260292 0.885203
vt 0.267798 0.889438
vt 0.275233 0.895869
vt 0.268099 0.902056
vt 0.282156 0.917992
vt 0.272877 0.910766
vt 0.282943 0.902392
vt 0.289705 0.908920
vt 0.261265 0.905075
vt 0.254518 0.907113
vt 0.248135 0.908317
vt 0.230224 0.905110
vt 0.225662 0.901783
vt 0.222243 0.920689
vt 0.224215 0.911168
vt 0.232561 0.921156
vt 0.237600 0.937727
vt 0.251718 0.921523
vt 0.258023 0.918954
vt 0.263054 0.928211
vt 0.256013 0.931155
vt 0.272697 0.924221
vt 0.265307 0.915491
vt 0.263621 0.962658
vt 0.254161 0.967389
vt 0.231569 0.945092
vt 0.281885 0.949796
vt 0.288630 0.943542
vt 0.303454 0.927340
vt 0.296067 0.935826
vt 0.309389 0.919907
vt 0.289063 0.984348
vt 0.374579 0.920046
vt 0.374382 0.929931
vt 0.351566 0.933938
vt 0.353611 0.924495
vt 0.392872 0.913485
vt 0.393795 0.922841
vt 0.408564 0.906420
vt 0.410204 0.915003
vt 0.423511 0.907371
vt 0.422313 0.899192
vt 0.433533 0.901307
vt 0.432520 0.893531
vt 0.327289 0.933182
vt 0.331278 0.924723
vt 0.314515 0.959223
vt 0.318245 0.951197
vt 0.322751 0.942192
vt 0.372874 0.938118
vt 0.348967 0.942738
vt 0.393648 0.930714
vt 0.411401 0.922273
vt 0.425448 0.913844
vt 0.435512 0.907127
vt 0.373954 0.239329
vt 0.383875 0.233787
vt 0.383541 0.248263
vt 0.374653 0.249155
vt 0.240054 0.238255
vt 0.238517 0.253578
vt 0.227228 0.259082
vt 0.225452 0.244435
vt 0.249221 0.238955
vt 0.246303 0.251107
vt 0.255484 0.229420
vt 0.249886 0.225519
vt 0.263429 0.222495
vt 0.259950 0.216484
vt 0.269673 0.218521
vt 0.269691 0.211565
vt 0.274953 0.208935
vt 0.277211 0.217922
vt 0.286597 0.223980
vt 0.289558 0.217745
vt 0.327573 0.227292
vt 0.322311 0.216067
vt 0.325150 0.209501
vt 0.334439 0.219938
vt 0.367703 0.239952
vt 0.367384 0.248087
vt 0.359387 0.246461
vt 0.360563 0.238300
vt 0.347286 0.242237
vt 0.349625 0.234540
vt 0.334697 0.236630
vt 0.340542 0.227587
vt 0.246291 0.264017
vt 0.238416 0.266307
vt 0.228400 0.270059
vt 0.383198 0.259096
vt 0.375355 0.260194
vt 0.367303 0.258003
vt 0.359551 0.255935
vt 0.265964 0.227705
vt 0.261092 0.233095
vt 0.256638 0.241235
vt 0.254296 0.251239
vt 0.253681 0.263112
vt 0.252933 0.274704
vt 0.246254 0.275449
vt 0.252207 0.285625
vt 0.246333 0.286141
vt 0.251430 0.293530
vt 0.246656 0.295665
vt 0.238836 0.297309
vt 0.238811 0.286895
vt 0.238639 0.277016
vt 0.271130 0.223836
vt 0.276001 0.222821
vt 0.275028 0.226924
vt 0.271726 0.228064
vt 0.268165 0.230770
vt 0.264603 0.235802
vt 0.262047 0.243149
vt 0.260373 0.252134
vt 0.260098 0.263141
vt 0.259023 0.274813
vt 0.257127 0.286466
vt 0.281534 0.227172
vt 0.277822 0.229654
vt 0.283602 0.234247
vt 0.287871 0.232454
vt 0.289560 0.239990
vt 0.285394 0.241590
vt 0.285019 0.248470
vt 0.289396 0.248729
vt 0.287685 0.256072
vt 0.284045 0.255701
vt 0.276742 0.262632
vt 0.281686 0.263546
vt 0.279890 0.269730
vt 0.285550 0.268997
vt 0.282700 0.274236
vt 0.286148 0.274521
vt 0.284969 0.284099
vt 0.280204 0.281844
vt 0.278427 0.296045
vt 0.274950 0.294250
vt 0.268693 0.305867
vt 0.271217 0.306722
vt 0.261958 0.318462
vt 0.263856 0.319905
vt 0.259028 0.328313
vt 0.256608 0.326142
vt 0.255051 0.336867
vt 0.253209 0.335071
vt 0.253943 0.340249
vt 0.251634 0.338690
vt 0.279257 0.235818
vt 0.280353 0.242353
vt 0.279360 0.249987
vt 0.279272 0.255584
vt 0.274035 0.260582
vt 0.274370 0.270274
vt 0.278131 0.274885
vt 0.273154 0.281191
vt 0.269031 0.291710
vt 0.264455 0.303260
vt 0.259417 0.312516
vt 0.255510 0.319281
vt 0.248502 0.334909
vt 0.249717 0.329707
vt 0.254262 0.296030
vt 0.229217 0.280921
vt 0.230457 0.289704
vt 0.232877 0.299815
vt 0.379721 0.278214
vt 0.377315 0.288224
vt 0.373300 0.288334
vt 0.374241 0.277490
vt 0.375256 0.270164
vt 0.381797 0.269709
vt 0.240600 0.307251
vt 0.236164 0.309246
vt 0.371467 0.297496
vt 0.375457 0.298011
vt 0.238384 0.318139
vt 0.241412 0.317029
vt 0.369023 0.305923
vt 0.373354 0.306947
vt 0.367832 0.313863
vt 0.371053 0.314671
vt 0.365649 0.321494
vt 0.368843 0.321871
vt 0.240157 0.325992
vt 0.242959 0.325790
vt 0.241622 0.333346
vt 0.244827 0.332874
vt 0.252122 0.343368
vt 0.249806 0.342483
vt 0.247936 0.338709
vt 0.245034 0.337663
vt 0.242725 0.338139
vt 0.245691 0.342680
vt 0.246926 0.343136
vt 0.244440 0.343314
vt 0.248288 0.343594
vt 0.249888 0.345542
vt 0.363032 0.329267
vt 0.364696 0.326168
vt 0.367616 0.326670
vt 0.364662 0.331166
vt 0.362419 0.326099
vt 0.362063 0.329675
vt 0.361153 0.330094
vt 0.360353 0.326051
vt 0.364019 0.332392
vt 0.362522 0.332534
vt 0.361251 0.332032
vt 0.361854 0.332253
vt 0.360406 0.333203
vt 0.359386 0.332572
vt 0.248740 0.345776
vt 0.247750 0.344471
vt 0.246970 0.344088
vt 0.246214 0.343963
vt 0.245655 0.344244
vt 0.246408 0.345728
vt 0.249338 0.304459
vt 0.248543 0.314803
vt 0.255292 0.308298
vt 0.252851 0.316485
vt 0.259290 0.299120
vt 0.262849 0.288499
vt 0.266389 0.275994
vt 0.267348 0.263250
vt 0.266875 0.252912
vt 0.272498 0.251866
vt 0.273512 0.231821
vt 0.270499 0.233137
vt 0.267176 0.244034
vt 0.268473 0.237309
vt 0.273548 0.237017
vt 0.272822 0.243643
vt 0.251954 0.323433
vt 0.248720 0.321202
vt 0.361233 0.319891
vt 0.363338 0.320635
vt 0.362639 0.312652
vt 0.365140 0.313239
vt 0.365915 0.305186
vt 0.363015 0.304491
vt 0.366680 0.296272
vt 0.362525 0.295155
vt 0.362432 0.285235
vt 0.367506 0.286732
vt 0.361354 0.275097
vt 0.367440 0.276243
vt 0.367813 0.268131
vt 0.361085 0.266237
vt 0.322355 0.232247
vt 0.321530 0.224807
vt 0.323710 0.240473
vt 0.334338 0.245030
vt 0.326301 0.247377
vt 0.345127 0.251359
vt 0.336020 0.250644
vt 0.346574 0.261297
vt 0.332298 0.256525
vt 0.335895 0.267097
vt 0.330153 0.268336
vt 0.327442 0.259426
vt 0.348336 0.271222
vt 0.350655 0.282163
vt 0.340820 0.279895
vt 0.334833 0.281141
vt 0.345064 0.292410
vt 0.353465 0.293347
vt 0.341064 0.292510
vt 0.349855 0.304247
vt 0.346408 0.306729
vt 0.355737 0.303549
vt 0.350794 0.315485
vt 0.353082 0.313673
vt 0.357140 0.312179
vt 0.355313 0.327677
vt 0.353642 0.324602
vt 0.355620 0.320890
vt 0.357519 0.323925
vt 0.356974 0.330812
vt 0.358944 0.320708
vt 0.358139 0.318426
vt 0.812207 0.303755
vt 0.816855 0.302784
vt 0.816851 0.312239
vt 0.811201 0.312680
vt 0.812476 0.289800
vt 0.812413 0.284688
vt 0.816862 0.288848
vt 0.816864 0.286131
vt 0.816865 0.284369
vt 0.787402 0.317646
vt 0.784879 0.309046
vt 0.790040 0.307464
vt 0.792536 0.317476
vt 0.794493 0.306407
vt 0.796631 0.317261
vt 0.800085 0.316298
vt 0.798751 0.304746
vt 0.801939 0.304582
vt 0.802994 0.315256
vt 0.779442 0.311771
vt 0.781590 0.320792
vt 0.776162 0.324481
vt 0.772745 0.315299
vt 0.766848 0.334662
vt 0.758351 0.329914
vt 0.615416 0.307341
vt 0.632870 0.323723
vt 0.623261 0.329090
vt 0.608407 0.314579
vt 0.596415 0.307737
vt 0.601445 0.298740
vt 0.588560 0.306514
vt 0.590449 0.297687
vt 0.589881 0.285484
vt 0.600754 0.286071
vt 0.601087 0.275711
vt 0.590294 0.275012
vt 0.591463 0.266065
vt 0.602548 0.266447
vt 0.604667 0.245975
vt 0.603716 0.256851
vt 0.592256 0.256860
vt 0.592739 0.245478
vt 0.593154 0.233215
vt 0.606079 0.233580
vt 0.610677 0.293356
vt 0.611931 0.284637
vt 0.621601 0.297426
vt 0.646725 0.303914
vt 0.647700 0.321353
vt 0.635326 0.302723
vt 0.639282 0.288222
vt 0.649799 0.289901
vt 0.652340 0.280358
vt 0.641041 0.278560
vt 0.642764 0.270483
vt 0.654624 0.272185
vt 0.660392 0.255957
vt 0.657171 0.264645
vt 0.645017 0.262463
vt 0.648370 0.253251
vt 0.653346 0.240965
vt 0.665165 0.245550
vt 0.661948 0.226747
vt 0.678180 0.221905
vt 0.682419 0.229726
vt 0.672526 0.235508
vt 0.729472 0.235253
vt 0.724739 0.232822
vt 0.728657 0.226652
vt 0.737579 0.229942
vt 0.738060 0.253496
vt 0.735827 0.248102
vt 0.745549 0.247697
vt 0.747409 0.253688
vt 0.749162 0.261684
vt 0.739724 0.262130
vt 0.752502 0.278356
vt 0.742504 0.279338
vt 0.741170 0.271672
vt 0.750944 0.270577
vt 0.756986 0.305654
vt 0.758339 0.315196
vt 0.745408 0.314788
vt 0.744836 0.306596
vt 0.744500 0.300198
vt 0.756033 0.299302
vt 0.767576 0.301906
vt 0.769402 0.308959
vt 0.094217 0.617730
vt 0.096601 0.606530
vt 0.089568 0.601839
vt 0.085609 0.612448
vt 0.119943 0.604590
vt 0.105950 0.609795
vt 0.105778 0.621858
vt 0.123934 0.615085
vt 0.129134 0.595023
vt 0.135467 0.604330
vt 0.135551 0.586823
vt 0.142214 0.596253
vt 0.147344 0.589251
vt 0.140346 0.580363
vt 0.149556 0.567104
vt 0.144577 0.574247
vt 0.151461 0.582558
vt 0.155975 0.574899
vt 0.161474 0.565574
vt 0.155507 0.558707
vt 0.172445 0.545854
vt 0.168257 0.541231
vt 0.162146 0.549203
vt 0.167670 0.555704
vt 0.031932 0.548424
vt 0.025561 0.545775
vt 0.024580 0.549997
vt 0.029760 0.553162
vt 0.042625 0.557032
vt 0.040884 0.564193
vt 0.043974 0.569513
vt 0.046100 0.560577
vt 0.049751 0.576553
vt 0.054014 0.568741
vt 0.084541 0.597856
vt 0.079393 0.607849
vt 0.056441 0.584260
vt 0.061953 0.590778
vt 0.067401 0.582427
vt 0.061356 0.576269
vt 0.625071 0.286548
vt 0.613356 0.275933
vt 0.614844 0.267166
vt 0.628886 0.268614
vt 0.627198 0.277255
vt 0.618385 0.247258
vt 0.616328 0.257999
vt 0.633395 0.249428
vt 0.630575 0.259951
vt 0.636905 0.236908
vt 0.620839 0.234850
vt 0.663195 0.210904
vt 0.678436 0.210616
vt 0.643042 0.208615
vt 0.640665 0.223067
vt 0.664216 0.195130
vt 0.680351 0.196669
vt 0.731397 0.215966
vt 0.740483 0.217089
vt 0.734194 0.201962
vt 0.742627 0.201916
vt 0.681658 0.178635
vt 0.665137 0.178047
vt 0.735660 0.185955
vt 0.743746 0.185201
vt 0.667136 0.159858
vt 0.683492 0.160074
vt 0.669036 0.139932
vt 0.671169 0.118489
vt 0.688941 0.120421
vt 0.686006 0.140449
vt 0.675886 0.098352
vt 0.691380 0.101348
vt 0.735463 0.169359
vt 0.743891 0.167803
vt 0.733511 0.152651
vt 0.730503 0.136021
vt 0.739442 0.134128
vt 0.742367 0.150995
vt 0.733589 0.116754
vt 0.725205 0.119606
vt 0.753520 0.226204
vt 0.754404 0.214306
vt 0.756024 0.246526
vt 0.757329 0.252723
vt 0.766215 0.296236
vt 0.762147 0.276640
vt 0.760571 0.269165
vt 0.758779 0.260712
vt 0.775278 0.298961
vt 0.776952 0.305371
vt 0.781936 0.296424
vt 0.787983 0.294326
vt 0.788976 0.300503
vt 0.783312 0.302398
vt 0.793281 0.292654
vt 0.793970 0.298947
vt 0.801359 0.290748
vt 0.801668 0.297042
vt 0.798477 0.297023
vt 0.797813 0.291056
vt 0.797218 0.286271
vt 0.800967 0.285712
vt 0.787065 0.289103
vt 0.792551 0.287494
vt 0.780858 0.291054
vt 0.773940 0.293474
vt 0.799718 0.268623
vt 0.795581 0.269466
vt 0.794844 0.262711
vt 0.799221 0.261900
vt 0.789763 0.263666
vt 0.790760 0.270473
vt 0.784946 0.271754
vt 0.784073 0.265285
vt 0.778496 0.273397
vt 0.777216 0.266681
vt 0.769301 0.267786
vt 0.770987 0.274832
vt 0.766310 0.251821
vt 0.767612 0.259601
vt 0.782649 0.257176
vt 0.775497 0.258558
vt 0.774384 0.250736
vt 0.781624 0.249201
vt 0.788009 0.248079
vt 0.788618 0.255907
vt 0.798170 0.246602
vt 0.798618 0.254140
vt 0.794028 0.254935
vt 0.793550 0.247272
vt 0.644499 0.193844
vt 0.606836 0.206612
vt 0.624065 0.207611
vt 0.622597 0.221459
vt 0.606951 0.220254
vt 0.592966 0.219596
vt 0.592422 0.206046
vt 0.645671 0.177661
vt 0.607936 0.192346
vt 0.625190 0.192905
vt 0.625479 0.177048
vt 0.607937 0.176481
vt 0.593053 0.192307
vt 0.593305 0.176523
vt 0.592018 0.159723
vt 0.606917 0.159791
vt 0.605232 0.142220
vt 0.591248 0.141925
vt 0.590338 0.125665
vt 0.602340 0.124763
vt 0.625872 0.159917
vt 0.647526 0.159915
vt 0.648467 0.139689
vt 0.624222 0.141698
vt 0.647352 0.113880
vt 0.622083 0.122329
vt 0.718478 0.104819
vt 0.724033 0.101393
vt 0.680176 0.081732
vt 0.693459 0.084800
vt 0.728113 0.097200
vt 0.735834 0.108543
vt 0.663579 0.076898
vt 0.657603 0.092177
vt 0.646376 0.070329
vt 0.641456 0.081185
vt 0.619784 0.055083
vt 0.632821 0.062869
vt 0.629234 0.073132
vt 0.616285 0.064376
vt 0.603181 0.043558
vt 0.598717 0.050050
vt 0.592372 0.027554
vt 0.589240 0.029568
vt 0.593667 0.007353
vt 0.592814 0.017168
vt 0.587508 0.015685
vt 0.584843 0.002669
vt 0.797888 0.009676
vt 0.798709 0.026667
vt 0.789294 0.022715
vt 0.789216 0.003990
vt 0.584431 0.014800
vt 0.582230 0.003129
vt 0.587583 0.044748
vt 0.586009 0.027237
vt 0.587999 0.065038
vt 0.597901 0.069558
vt 0.800443 0.009234
vt 0.802885 0.027192
vt 0.762577 0.080596
vt 0.755144 0.088389
vt 0.749369 0.078756
vt 0.756946 0.071709
vt 0.764278 0.064989
vt 0.769346 0.073262
vt 0.776432 0.053397
vt 0.781441 0.062381
vt 0.775754 0.066862
vt 0.771023 0.058625
vt 0.801085 0.037205
vt 0.790096 0.030486
vt 0.806581 0.038004
vt 0.807437 0.066523
vt 0.802918 0.046301
vt 0.810186 0.048030
vt 0.812496 0.070451
vt 0.781310 0.077201
vt 0.786246 0.072840
vt 0.807513 0.081064
vt 0.813275 0.084800
vt 0.775855 0.082796
vt 0.769872 0.089709
vt 0.787083 0.086773
vt 0.791345 0.083843
vt 0.762673 0.096664
vt 0.745401 0.115582
vt 0.742597 0.121064
vt 0.750191 0.132742
vt 0.754410 0.122772
vt 0.770168 0.103376
vt 0.778048 0.097860
vt 0.782696 0.091238
vt 0.752519 0.148813
vt 0.754861 0.163752
vt 0.755271 0.181016
vt 0.754617 0.199007
vt 0.761883 0.178434
vt 0.761865 0.196139
vt 0.776907 0.175085
vt 0.777209 0.189616
vt 0.769327 0.192547
vt 0.769056 0.176792
vt 0.795746 0.170512
vt 0.795879 0.184463
vt 0.790626 0.185524
vt 0.790441 0.171596
vt 0.784247 0.173064
vt 0.784519 0.187135
vt 0.812150 0.243826
vt 0.812006 0.236685
vt 0.816890 0.236521
vt 0.816888 0.242531
vt 0.792951 0.240688
vt 0.797698 0.239708
vt 0.780821 0.242759
vt 0.787553 0.241642
vt 0.773344 0.244194
vt 0.765285 0.245331
vt 0.791690 0.213272
vt 0.791073 0.199910
vt 0.796293 0.198691
vt 0.796662 0.211792
vt 0.784995 0.201725
vt 0.785930 0.215298
vt 0.778396 0.216822
vt 0.777732 0.204016
vt 0.770541 0.219416
vt 0.769946 0.207068
vt 0.762113 0.211312
vt 0.762317 0.223060
vt 0.810976 0.196103
vt 0.811087 0.180756
vt 0.816903 0.180328
vt 0.816901 0.196176
vt 0.761727 0.162821
vt 0.768938 0.162210
vt 0.776903 0.161868
vt 0.761017 0.149572
vt 0.768491 0.149934
vt 0.776843 0.150010
vt 0.761215 0.137453
vt 0.763152 0.127737
vt 0.769567 0.139632
vt 0.777341 0.139906
vt 0.785337 0.139901
vt 0.784653 0.149146
vt 0.792083 0.139312
vt 0.797193 0.138642
vt 0.796421 0.147742
vt 0.791084 0.148563
vt 0.771087 0.130603
vt 0.778630 0.131867
vt 0.786043 0.132254
vt 0.792417 0.131961
vt 0.797714 0.131305
vt 0.810579 0.134172
vt 0.816911 0.130721
vt 0.816907 0.140068
vt 0.810749 0.143086
vt 0.811212 0.127605
vt 0.816913 0.125892
vt 0.798394 0.110361
vt 0.793862 0.111386
vt 0.793320 0.105097
vt 0.797511 0.103679
vt 0.788959 0.112045
vt 0.783759 0.111967
vt 0.784783 0.106861
vt 0.789106 0.106223
vt 0.778804 0.110820
vt 0.781031 0.106926
vt 0.779543 0.103414
vt 0.774710 0.107786
vt 0.784295 0.160364
vt 0.795951 0.158250
vt 0.790740 0.158927
vt 0.816905 0.149676
vt 0.810860 0.153405
vt 0.808699 0.091262
vt 0.805804 0.088568
vt 0.783315 0.098956
vt 0.784304 0.102584
vt 0.794351 0.090939
vt 0.790285 0.093294
vt 0.786406 0.096193
vt 0.788240 0.101031
vt 0.796282 0.097266
vt 0.792222 0.099169
vt 0.612352 0.078129
vt 0.623852 0.085728
vt 0.633041 0.095863
vt 0.615776 0.104977
vt 0.598540 0.107859
vt 0.609101 0.094638
vt 0.604488 0.088138
vt 0.589243 0.106973
vt 0.595011 0.096252
vt 0.593369 0.087020
vt 0.587747 0.096398
vt 0.586949 0.087601
vt 0.104607 0.592913
vt 0.115141 0.588586
vt 0.096770 0.590374
vt 0.090888 0.586846
vt 0.123507 0.581458
vt 0.129981 0.574978
vt 0.134892 0.569651
vt 0.086431 0.584169
vt 0.070586 0.572133
vt 0.064417 0.567407
vt 0.056389 0.561296
vt 0.047809 0.554818
vt 0.044117 0.552274
vt 0.032555 0.544469
vt 0.026100 0.542034
vt 0.166799 0.536502
vt 0.159744 0.543217
vt 0.151682 0.552107
vt 0.144405 0.559207
vt 0.139068 0.564970
vt 0.101814 0.570224
vt 0.110372 0.568332
vt 0.091728 0.569021
vt 0.096068 0.570171
vt 0.087581 0.567382
vt 0.071814 0.559394
vt 0.065788 0.556461
vt 0.057382 0.552599
vt 0.048949 0.548558
vt 0.118867 0.564598
vt 0.125374 0.560783
vt 0.130275 0.557266
vt 0.140319 0.549653
vt 0.134990 0.553649
vt 0.148657 0.544037
vt 0.165122 0.531584
vt 0.158016 0.536725
vt 0.026851 0.536739
vt 0.032669 0.539137
vt 0.044719 0.546609
vt 0.100759 0.550876
vt 0.108195 0.549610
vt 0.115957 0.547468
vt 0.091145 0.550699
vt 0.095476 0.551111
vt 0.087431 0.549913
vt 0.072187 0.545105
vt 0.066855 0.543958
vt 0.122342 0.545251
vt 0.127422 0.542945
vt 0.137972 0.537721
vt 0.132391 0.540369
vt 0.146442 0.534242
vt 0.163265 0.524404
vt 0.156027 0.528706
vt 0.033333 0.531299
vt 0.027838 0.528891
vt 0.050555 0.539494
vt 0.046574 0.538264
vt 0.058464 0.541839
vt 0.091202 0.532747
vt 0.095497 0.532670
vt 0.107684 0.531246
vt 0.100911 0.532153
vt 0.114476 0.529931
vt 0.120556 0.528595
vt 0.125814 0.526751
vt 0.087783 0.532187
vt 0.068026 0.529057
vt 0.073260 0.529385
vt 0.059864 0.528019
vt 0.052053 0.526643
vt 0.048114 0.526485
vt 0.034300 0.520537
vt 0.029130 0.518365
vt 0.161840 0.513631
vt 0.154149 0.517355
vt 0.144052 0.522420
vt 0.136330 0.523511
vt 0.130719 0.525228
vt 0.113326 0.511560
vt 0.107375 0.512365
vt 0.101636 0.512954
vt 0.096013 0.513705
vt 0.092055 0.513739
vt 0.088406 0.513426
vt 0.068789 0.511399
vt 0.074145 0.511868
vt 0.061598 0.510880
vt 0.053938 0.510023
vt 0.050138 0.509731
vt 0.030423 0.502174
vt 0.035424 0.504121
vt 0.161234 0.499915
vt 0.153007 0.502294
vt 0.142770 0.505345
vt 0.134639 0.507074
vt 0.129041 0.508355
vt 0.105903 0.492879
vt 0.100545 0.493230
vt 0.091136 0.493976
vt 0.095462 0.493694
vt 0.087648 0.493932
vt 0.111221 0.492525
vt 0.108356 0.472994
vt 0.103315 0.473036
vt 0.098122 0.473072
vt 0.088592 0.473410
vt 0.093036 0.473283
vt 0.085256 0.473551
vt 0.106261 0.453615
vt 0.101130 0.453887
vt 0.095821 0.453890
vt 0.090431 0.453346
vt 0.086637 0.453817
vt 0.083006 0.453666
vt 0.126842 0.490246
vt 0.132738 0.488866
vt 0.124284 0.471097
vt 0.130208 0.469923
vt 0.111517 0.452921
vt 0.114051 0.472461
vt 0.119235 0.471909
vt 0.116738 0.452010
vt 0.122234 0.451289
vt 0.128532 0.450173
vt 0.140861 0.487467
vt 0.151262 0.484956
vt 0.159209 0.482519
vt 0.138698 0.468116
vt 0.149043 0.465243
vt 0.156882 0.462980
vt 0.136245 0.448081
vt 0.145297 0.444257
vt 0.152699 0.442736
vt 0.042413 0.465579
vt 0.044695 0.445889
vt 0.040060 0.444765
vt 0.037221 0.464304
vt 0.033333 0.483697
vt 0.038518 0.485068
vt 0.054995 0.449092
vt 0.053720 0.469214
vt 0.057277 0.470459
vt 0.058607 0.450357
vt 0.055651 0.490847
vt 0.052273 0.489866
vt 0.062498 0.491819
vt 0.069270 0.492480
vt 0.074148 0.492861
vt 0.073140 0.473084
vt 0.071924 0.452900
vt 0.067998 0.452285
vt 0.068695 0.472577
vt 0.062791 0.471689
vt 0.063167 0.451396
vt 0.126531 0.432323
vt 0.120132 0.433345
vt 0.099050 0.436188
vt 0.104097 0.435698
vt 0.093858 0.435935
vt 0.060264 0.432745
vt 0.064094 0.433097
vt 0.056857 0.431348
vt 0.042728 0.427483
vt 0.046837 0.428684
vt 0.140705 0.426620
vt 0.147432 0.424257
vt 0.133263 0.429635
vt 0.068154 0.434507
vt 0.071849 0.434953
vt 0.082108 0.435765
vt 0.085450 0.435736
vt 0.089283 0.435785
vt 0.107149 0.419419
vt 0.109304 0.435049
vt 0.114649 0.434408
vt 0.112341 0.418591
vt 0.097032 0.419924
vt 0.101988 0.419725
vt 0.117865 0.417851
vt 0.123928 0.416661
vt 0.092575 0.420322
vt 0.085200 0.420623
vt 0.088593 0.420427
vt 0.082179 0.420976
vt 0.069291 0.419574
vt 0.072739 0.420430
vt 0.065730 0.418566
vt 0.062299 0.417481
vt 0.059145 0.416192
vt 0.045742 0.412364
vt 0.049449 0.413674
vt 0.141751 0.409468
vt 0.136147 0.412228
vt 0.130095 0.414856
vt 0.103525 0.393793
vt 0.105089 0.405417
vt 0.110022 0.404904
vt 0.107885 0.393072
vt 0.095809 0.406378
vt 0.100371 0.405991
vt 0.099145 0.394310
vt 0.094818 0.394482
vt 0.112662 0.392871
vt 0.115352 0.404582
vt 0.120910 0.403783
vt 0.117763 0.392670
vt 0.126352 0.402268
vt 0.122567 0.391569
vt 0.131393 0.399886
vt 0.136136 0.397583
vt 0.131064 0.388272
vt 0.127051 0.389588
vt 0.051390 0.389335
vt 0.048641 0.400168
vt 0.052224 0.400930
vt 0.054662 0.390053
vt 0.063665 0.392137
vt 0.061579 0.403447
vt 0.064603 0.404446
vt 0.066532 0.392921
vt 0.067753 0.405284
vt 0.069504 0.393725
vt 0.070936 0.406253
vt 0.074021 0.407138
vt 0.075337 0.395340
vt 0.072455 0.394652
vt 0.082755 0.395740
vt 0.082397 0.407717
vt 0.085121 0.407612
vt 0.084951 0.395588
vt 0.088058 0.406987
vt 0.087675 0.395407
vt 0.090967 0.395074
vt 0.091645 0.406771
vt 0.115068 0.383593
vt 0.110436 0.383699
vt 0.098404 0.385268
vt 0.094329 0.385417
vt 0.090756 0.386160
vt 0.120155 0.383130
vt 0.128468 0.380058
vt 0.124623 0.381554
vt 0.056537 0.380951
vt 0.053582 0.380067
vt 0.067682 0.383493
vt 0.064925 0.382806
vt 0.070653 0.384079
vt 0.076372 0.385199
vt 0.073611 0.384715
vt 0.087702 0.386354
vt 0.085086 0.385947
vt 0.083158 0.385622
vt 0.342587 0.146083
vt 0.347483 0.140532
vt 0.350896 0.142643
vt 0.346465 0.148716
vt 0.333451 0.132780
vt 0.340547 0.128917
vt 0.342160 0.132079
vt 0.335390 0.136457
vt 0.339977 0.125595
vt 0.332539 0.128823
vt 0.330599 0.121623
vt 0.338509 0.120229
vt 0.339311 0.122728
vt 0.331675 0.125080
vt 0.330019 0.118957
vt 0.338082 0.118263
vt 0.404592 0.040047
vt 0.408153 0.032725
vt 0.410836 0.033548
vt 0.408069 0.041435
vt 0.402874 0.030490
vt 0.405391 0.031707
vt 0.401224 0.038729
vt 0.397968 0.037285
vt 0.395479 0.036039
vt 0.400565 0.029436
vt 0.388869 0.031105
vt 0.386244 0.028575
vt 0.392232 0.023628
vt 0.394377 0.025347
vt 0.358805 0.152994
vt 0.360086 0.145831
vt 0.364460 0.145981
vt 0.364778 0.153253
vt 0.355461 0.144363
vt 0.352065 0.151223
vt 0.329390 0.140692
vt 0.327466 0.136485
vt 0.331709 0.144757
vt 0.337234 0.140058
vt 0.339431 0.143262
vt 0.334510 0.148510
vt 0.343127 0.154744
vt 0.338300 0.151670
vt 0.349142 0.157598
vt 0.702971 0.085820
vt 0.701378 0.102491
vt 0.699842 0.121269
vt 0.697693 0.140884
vt 0.693745 0.160366
vt 0.690654 0.178687
vt 0.688910 0.195565
vt 0.688474 0.209567
vt 0.688774 0.220029
vt 0.690646 0.227132
vt 0.013791 0.543434
vt 0.005688 0.543713
vt 0.004115 0.549987
vt 0.012792 0.548721
vt 0.015026 0.539347
vt 0.007548 0.539154
vt 0.015462 0.534222
vt 0.008449 0.534093
vt 0.016340 0.526408
vt 0.009413 0.526685
vt 0.017885 0.515027
vt 0.011243 0.515461
vt 0.020060 0.500133
vt 0.014080 0.500684
vt 0.016676 0.481464
vt 0.023195 0.481926
vt 0.020020 0.461190
vt 0.026869 0.462039
vt 0.023237 0.440849
vt 0.029877 0.442193
vt 0.027410 0.422504
vt 0.033106 0.424747
vt 0.036926 0.409717
vt 0.031831 0.407646
vt 0.040992 0.397342
vt 0.036578 0.395569
vt 0.041263 0.386043
vt 0.044865 0.387349
vt 0.047349 0.378628
vt 0.043844 0.377817
vt 0.380296 0.017715
vt 0.387178 0.015289
vt 0.388668 0.018754
vt 0.382130 0.022687
vt 0.356692 0.160196
vt 0.363863 0.161099
vt 0.375522 0.025519
vt 0.372762 0.019842
vt 0.390369 0.021883
vt 0.384118 0.025837
vt 0.048249 0.388380
vt 0.050905 0.379203
vt 0.044832 0.399089
vt 0.041590 0.411225
vt 0.038247 0.426188
vt 0.035224 0.443689
vt 0.032332 0.463230
vt 0.028577 0.482751
vt 0.025468 0.500818
vt 0.023623 0.515899
vt 0.022257 0.527098
vt 0.021329 0.535237
vt 0.020813 0.540461
vt 0.020205 0.544066
vt 0.019164 0.548172
vt 0.721897 0.225779
vt 0.719138 0.231719
vt 0.713136 0.229726
vt 0.714769 0.223110
vt 0.717074 0.213816
vt 0.724398 0.214949
vt 0.719635 0.201445
vt 0.726741 0.201863
vt 0.721296 0.186526
vt 0.728500 0.186292
vt 0.720834 0.171024
vt 0.728550 0.170130
vt 0.726693 0.153841
vt 0.719130 0.155240
vt 0.715739 0.139786
vt 0.723365 0.137857
vt 0.718813 0.122291
vt 0.711709 0.124657
vt 0.712957 0.107038
vt 0.707062 0.110047
vt 0.377963 0.029388
vt 0.383294 0.035811
vt 0.380544 0.032691
vt 0.393880 0.043648
vt 0.391021 0.042050
vt 0.397554 0.045381
vt 0.405069 0.048197
vt 0.401338 0.046860
vt 0.323522 0.123235
vt 0.322916 0.120112
vt 0.325966 0.131942
vt 0.324674 0.127486
vt 0.812422 0.296375
vt 0.816858 0.295667
vt 0.745609 0.324928
vt 0.414775 0.043603
vt 0.412568 0.050599
vt 0.408547 0.049386
vt 0.411062 0.042629
vt 0.413258 0.034497
vt 0.415717 0.034838
vt 0.080546 0.395644
vt 0.081292 0.385530
vt 0.078929 0.385273
vt 0.078019 0.395698
vt 0.076972 0.407826
vt 0.079773 0.408010
vt 0.079192 0.421202
vt 0.076054 0.420926
vt 0.078841 0.435804
vt 0.075396 0.435836
vt 0.075621 0.453250
vt 0.079527 0.453576
vt 0.081601 0.473557
vt 0.077183 0.473361
vt 0.078552 0.493242
vt 0.083602 0.493788
vt 0.084092 0.513003
vt 0.079064 0.512258
vt 0.083582 0.531274
vt 0.078193 0.530190
vt 0.077353 0.546715
vt 0.083229 0.548627
vt 0.076848 0.561841
vt 0.082503 0.564785
vt 0.075489 0.575786
vt 0.081198 0.580154
vt 0.079132 0.593423
vt 0.072707 0.587527
vt 0.073390 0.602596
vt 0.067295 0.596637
vt 0.753773 0.285234
vt 0.754764 0.292484
vt 0.744081 0.293423
vt 0.743493 0.286192
vt 0.764535 0.290198
vt 0.763363 0.283492
vt 0.771873 0.281207
vt 0.772927 0.287733
vt 0.779153 0.279354
vt 0.785680 0.277759
vt 0.786396 0.283730
vt 0.780003 0.285605
vt 0.791396 0.276354
vt 0.792081 0.282311
vt 0.800142 0.274598
vt 0.800736 0.280631
vt 0.796830 0.281369
vt 0.796173 0.275298
vt 0.816867 0.279662
vt 0.812336 0.279604
vt 0.812131 0.274041
vt 0.816870 0.274554
vt 0.812184 0.251327
vt 0.816884 0.250146
vt 0.816880 0.257620
vt 0.812101 0.258979
vt 0.391156 0.033090
vt 0.385974 0.038248
vt 0.396333 0.027351
vt 0.057823 0.390782
vt 0.059700 0.381343
vt 0.055471 0.401949
vt 0.052974 0.414427
vt 0.050483 0.429841
vt 0.048522 0.447276
vt 0.046638 0.467005
vt 0.043790 0.486990
vt 0.040783 0.507098
vt 0.039163 0.524496
vt 0.038229 0.534579
vt 0.036537 0.541736
vt 0.036427 0.546927
vt 0.035499 0.550951
vt 0.033974 0.556093
vt 0.740474 0.236854
vt 0.732078 0.239077
vt 0.753506 0.234214
vt 0.763007 0.232006
vt 0.779097 0.227503
vt 0.771442 0.229826
vt 0.786127 0.225893
vt 0.796896 0.222790
vt 0.791856 0.224048
vt 0.811410 0.209113
vt 0.816898 0.209473
vt 0.811562 0.220077
vt 0.816896 0.220156
vt 0.816896 0.218962
vt 0.816894 0.228549
vt 0.811814 0.228869
vt 0.797228 0.231902
vt 0.792298 0.233169
vt 0.786759 0.234821
vt 0.779940 0.236208
vt 0.772321 0.237778
vt 0.764194 0.239515
vt 0.754582 0.240775
vt 0.743634 0.242573
vt 0.734420 0.243698
vt 0.037721 0.560439
vt 0.039449 0.554362
vt 0.040745 0.549912
vt 0.041107 0.544426
vt 0.043023 0.536975
vt 0.044293 0.525582
vt 0.046388 0.508974
vt 0.048701 0.488811
vt 0.050263 0.468338
vt 0.051868 0.448443
vt 0.053762 0.430576
vt 0.056130 0.415295
vt 0.058655 0.402524
vt 0.060814 0.391425
vt 0.062356 0.381994
vt 0.398356 0.028551
vt 0.393291 0.034730
vt 0.388496 0.040259
vt 0.343379 0.135299
vt 0.102381 0.384494
vt 0.116752 0.491841
vt 0.119038 0.510636
vt 0.074242 0.150520
vt 0.071343 0.138683
vt 0.060318 0.143255
vt 0.062824 0.153403
vt 0.046933 0.157799
vt 0.043625 0.148722
vt 0.120844 0.142157
vt 0.115450 0.127060
vt 0.099946 0.130604
vt 0.103442 0.145201
vt 0.083857 0.134363
vt 0.086799 0.147543
vt 0.128958 0.134151
vt 0.126396 0.123349
vt 0.137176 0.136691
vt 0.135253 0.122819
vt 0.141773 0.134385
vt 0.140789 0.122119
vt 0.150491 0.124777
vt 0.145360 0.122083
vt 0.145104 0.132998
vt 0.148831 0.141347
vt 0.155280 0.143261
vt 0.155833 0.126337
vt 0.175348 0.136226
vt 0.173671 0.149700
vt 0.180493 0.151658
vt 0.182550 0.139308
vt 0.187322 0.154828
vt 0.189595 0.143256
vt 0.199717 0.159477
vt 0.202020 0.149507
vt 0.196230 0.146731
vt 0.193757 0.157507
vt 0.234514 0.164825
vt 0.228302 0.161900
vt 0.226090 0.169823
vt 0.232299 0.171503
vt 0.249455 0.170666
vt 0.246929 0.175274
vt 0.025233 0.155030
vt 0.029492 0.162337
vt 0.018670 0.163616
vt 0.016787 0.157468
vt 0.006893 0.160520
vt 0.008237 0.165553
vt 0.068872 0.128914
vt 0.058291 0.135102
vt 0.043134 0.143862
vt 0.024754 0.150645
vt 0.014783 0.153859
vt 0.005512 0.157452
vt 0.250611 0.167511
vt 0.235162 0.158093
vt 0.229095 0.153615
vt 0.203697 0.141553
vt 0.198298 0.138051
vt 0.191955 0.133707
vt 0.185084 0.129084
vt 0.177662 0.124221
vt 0.151417 0.109117
vt 0.155957 0.111817
vt 0.145442 0.107842
vt 0.133383 0.108220
vt 0.139874 0.108119
vt 0.124064 0.109289
vt 0.111264 0.112365
vt 0.095767 0.117259
vt 0.080218 0.122828
vt 0.132771 0.145519
vt 0.145328 0.143672
vt 0.141686 0.145559
vt 0.136632 0.157903
vt 0.121658 0.159791
vt 0.142931 0.159130
vt 0.105782 0.161650
vt 0.090412 0.163689
vt 0.066207 0.166792
vt 0.077155 0.164932
vt 0.034522 0.174596
vt 0.050357 0.170431
vt 0.191210 0.170795
vt 0.197033 0.171770
vt 0.222282 0.180894
vt 0.228445 0.182770
vt 0.241551 0.187101
vt 0.022411 0.176495
vt 0.011905 0.177983
vt 0.148094 0.160139
vt 0.155031 0.161283
vt 0.172220 0.165046
vt 0.178620 0.166522
vt 0.185022 0.168952
vt 0.039099 0.190355
vt 0.054418 0.186934
vt 0.070033 0.183288
vt 0.080359 0.182122
vt 0.147560 0.179436
vt 0.154459 0.180164
vt 0.135726 0.178693
vt 0.142469 0.179164
vt 0.122062 0.179261
vt 0.107180 0.180213
vt 0.093032 0.181127
vt 0.222317 0.197003
vt 0.216662 0.195119
vt 0.193595 0.187399
vt 0.188233 0.186820
vt 0.182428 0.185648
vt 0.176563 0.183935
vt 0.170767 0.182668
vt 0.015586 0.195344
vt 0.026613 0.192805
vt 0.233508 0.202320
vt 0.189287 0.204861
vt 0.184921 0.204239
vt 0.210679 0.211179
vt 0.215979 0.213043
vt 0.226334 0.217275
vt 0.072497 0.200893
vt 0.057731 0.204858
vt 0.043289 0.207634
vt 0.030930 0.209888
vt 0.020561 0.212509
vt 0.108284 0.198855
vt 0.094303 0.198654
vt 0.082464 0.199744
vt 0.136354 0.198310
vt 0.123544 0.198358
vt 0.179679 0.203264
vt 0.174062 0.202096
vt 0.168845 0.201439
vt 0.154479 0.199024
vt 0.147141 0.198535
vt 0.142591 0.198501
vt 0.111700 0.235470
vt 0.108476 0.218075
vt 0.101436 0.226527
vt 0.102533 0.236524
vt 0.092817 0.225918
vt 0.094020 0.214291
vt 0.075221 0.227824
vt 0.083747 0.226341
vt 0.083222 0.214499
vt 0.073547 0.216463
vt 0.060492 0.223515
vt 0.067044 0.230443
vt 0.058430 0.241287
vt 0.066660 0.240608
vt 0.125213 0.216644
vt 0.137206 0.216609
vt 0.046197 0.225108
vt 0.047531 0.242490
vt 0.124632 0.234732
vt 0.067906 0.250218
vt 0.062543 0.258224
vt 0.075398 0.250896
vt 0.074333 0.262034
vt 0.084388 0.262149
vt 0.084005 0.250512
vt 0.101617 0.246974
vt 0.093170 0.249188
vt 0.095169 0.259884
vt 0.107868 0.253401
vt 0.050147 0.259791
vt 0.063975 0.276042
vt 0.075107 0.276466
vt 0.085577 0.276014
vt 0.096236 0.274396
vt 0.108528 0.271634
vt 0.122095 0.252597
vt 0.142073 0.216755
vt 0.153213 0.217255
vt 0.146263 0.216845
vt 0.166684 0.219135
vt 0.171433 0.219913
vt 0.176820 0.220822
vt 0.181770 0.221668
vt 0.185791 0.222247
vt 0.205701 0.226912
vt 0.210833 0.228398
vt 0.220358 0.231610
vt 0.025710 0.228930
vt 0.034941 0.226856
vt 0.037745 0.243844
vt 0.029316 0.245286
vt 0.216682 0.246410
vt 0.207649 0.243993
vt 0.202445 0.242831
vt 0.040083 0.261065
vt 0.031584 0.262339
vt 0.205932 0.260786
vt 0.214994 0.262710
vt 0.213960 0.280471
vt 0.204136 0.278815
vt 0.042190 0.278310
vt 0.033686 0.279735
vt 0.052307 0.277030
vt 0.135553 0.234595
vt 0.140376 0.234670
vt 0.144511 0.234893
vt 0.151035 0.235332
vt 0.164301 0.236790
vt 0.169081 0.237406
vt 0.174678 0.238094
vt 0.172265 0.255483
vt 0.166607 0.254900
vt 0.133113 0.252312
vt 0.137732 0.252312
vt 0.141702 0.252438
vt 0.148351 0.252800
vt 0.162033 0.254208
vt 0.120983 0.270490
vt 0.131055 0.269789
vt 0.135371 0.269687
vt 0.139066 0.269639
vt 0.145378 0.269778
vt 0.164278 0.271729
vt 0.169779 0.272466
vt 0.159672 0.271045
vt 0.183689 0.239486
vt 0.179874 0.238849
vt 0.181736 0.256772
vt 0.177808 0.256161
vt 0.200210 0.259666
vt 0.179625 0.273968
vt 0.175348 0.273292
vt 0.198344 0.277402
vt 0.075262 0.239573
vt 0.092962 0.237518
vt 0.083759 0.238643
vt 0.066208 0.292294
vt 0.077034 0.291505
vt 0.086956 0.290741
vt 0.097131 0.289629
vt 0.109125 0.288142
vt 0.129700 0.286550
vt 0.120555 0.287153
vt 0.133713 0.286415
vt 0.167377 0.289243
vt 0.161832 0.288301
vt 0.157236 0.287591
vt 0.143121 0.286373
vt 0.137140 0.286313
vt 0.177193 0.291112
vt 0.172864 0.290261
vt 0.200862 0.295865
vt 0.195948 0.294770
vt 0.211396 0.298537
vt 0.045125 0.295078
vt 0.036049 0.296894
vt 0.055078 0.293543
vt 0.058026 0.309666
vt 0.068671 0.307951
vt 0.048625 0.311570
vt 0.039801 0.313732
vt 0.206491 0.315911
vt 0.196607 0.312637
vt 0.079316 0.306693
vt 0.088608 0.305844
vt 0.098292 0.304994
vt 0.109703 0.304079
vt 0.120454 0.303365
vt 0.129410 0.302933
vt 0.155195 0.303875
vt 0.159878 0.304629
vt 0.141870 0.302630
vt 0.136370 0.302678
vt 0.133160 0.302808
vt 0.191912 0.311515
vt 0.165065 0.305672
vt 0.174572 0.307704
vt 0.170670 0.306776
vt 0.099280 0.320400
vt 0.110563 0.319599
vt 0.081351 0.321982
vt 0.090330 0.321085
vt 0.084154 0.336862
vt 0.091932 0.336223
vt 0.099873 0.335660
vt 0.111169 0.334341
vt 0.132925 0.318658
vt 0.129322 0.318740
vt 0.120839 0.319075
vt 0.140955 0.318448
vt 0.136011 0.318547
vt 0.129037 0.333208
vt 0.132600 0.333270
vt 0.121050 0.333671
vt 0.153242 0.319888
vt 0.151513 0.335231
vt 0.155469 0.335899
vt 0.157674 0.320587
vt 0.140320 0.333273
vt 0.135662 0.333293
vt 0.160156 0.337295
vt 0.162744 0.321754
vt 0.168277 0.338781
vt 0.171595 0.323570
vt 0.168190 0.322719
vt 0.165078 0.338020
vt 0.185476 0.327177
vt 0.181207 0.342211
vt 0.186994 0.344078
vt 0.191657 0.328941
vt 0.195894 0.347791
vt 0.200991 0.332303
vt 0.045077 0.329846
vt 0.051393 0.344843
vt 0.057935 0.342204
vt 0.052871 0.327425
vt 0.074350 0.338218
vt 0.071236 0.323357
vt 0.061476 0.325226
vt 0.065418 0.339946
vt 0.069305 0.353523
vt 0.078341 0.352161
vt 0.088032 0.350810
vt 0.093573 0.350192
vt 0.121073 0.346224
vt 0.111388 0.347218
vt 0.099988 0.348773
vt 0.129207 0.346273
vt 0.132386 0.346152
vt 0.153892 0.349888
vt 0.158361 0.350761
vt 0.150378 0.349033
vt 0.135113 0.346030
vt 0.140077 0.346841
vt 0.162687 0.351541
vt 0.165670 0.352146
vt 0.182361 0.357291
vt 0.177377 0.355290
vt 0.190251 0.360517
vt 0.057009 0.357601
vt 0.063196 0.355373
vt 0.159849 0.087125
vt 0.164236 0.086228
vt 0.163528 0.078230
vt 0.159504 0.078204
vt 0.171276 0.084921
vt 0.170103 0.077878
vt 0.167402 0.077655
vt 0.168502 0.085546
vt 0.187393 0.084181
vt 0.185999 0.077604
vt 0.180916 0.077621
vt 0.182364 0.084076
vt 0.161537 0.361927
vt 0.164168 0.362737
vt 0.174210 0.365603
vt 0.178528 0.367466
vt 0.202148 0.083326
vt 0.200112 0.077358
vt 0.194471 0.077253
vt 0.196171 0.084060
vt 0.067676 0.366002
vt 0.062496 0.367460
vt 0.185676 0.370798
vt 0.207403 0.082571
vt 0.216930 0.074154
vt 0.213236 0.071537
vt 0.204790 0.076715
vt 0.072089 0.364445
vt 0.081222 0.359800
vt 0.221120 0.066036
vt 0.217646 0.064502
vt 0.221624 0.060614
vt 0.218027 0.060422
vt 0.089772 0.357156
vt 0.094279 0.356249
vt 0.220060 0.054595
vt 0.213305 0.044493
vt 0.209266 0.048719
vt 0.216329 0.055896
vt 0.099716 0.355252
vt 0.110715 0.355215
vt 0.120886 0.355819
vt 0.200346 0.045598
vt 0.202538 0.038994
vt 0.157508 0.361837
vt 0.153317 0.361292
vt 0.128996 0.356421
vt 0.132464 0.356944
vt 0.140160 0.358382
vt 0.135435 0.357376
vt 0.150080 0.360581
vt 0.194324 0.035570
vt 0.192993 0.043754
vt 0.190816 0.034172
vt 0.189792 0.042897
vt 0.187839 0.032927
vt 0.183666 0.031442
vt 0.182628 0.040813
vt 0.187018 0.042208
vt 0.173356 0.037929
vt 0.173946 0.028358
vt 0.170973 0.028358
vt 0.170324 0.037075
vt 0.226022 0.067316
vt 0.222009 0.075723
vt 0.228414 0.077635
vt 0.232050 0.068542
vt 0.232650 0.061841
vt 0.226654 0.061097
vt 0.229013 0.047776
vt 0.221240 0.047164
vt 0.225062 0.054825
vt 0.231636 0.055225
vt 0.197985 0.095479
vt 0.189047 0.099589
vt 0.189550 0.106109
vt 0.199717 0.102410
vt 0.169054 0.095252
vt 0.171746 0.094732
vt 0.170865 0.108269
vt 0.173294 0.109058
vt 0.172510 0.103409
vt 0.170053 0.103861
vt 0.161721 0.099437
vt 0.165554 0.097168
vt 0.165843 0.112889
vt 0.168890 0.110069
vt 0.167128 0.105408
vt 0.163856 0.107232
vt 0.176018 0.010363
vt 0.178478 0.006130
vt 0.175635 0.004430
vt 0.172454 0.009432
vt 0.173713 0.017712
vt 0.169699 0.016515
vt 0.184806 0.008574
vt 0.184940 0.014848
vt 0.189137 0.016529
vt 0.189460 0.009983
vt 0.188660 0.024756
vt 0.184369 0.022844
vt 0.197697 0.012649
vt 0.193324 0.011110
vt 0.192551 0.018247
vt 0.196491 0.020300
vt 0.195262 0.028124
vt 0.191676 0.026343
vt 0.218154 0.041472
vt 0.225651 0.040343
vt 0.220450 0.028745
vt 0.212933 0.032681
vt 0.204875 0.025579
vt 0.208275 0.017411
vt 0.209348 0.036286
vt 0.202875 0.032273
vt 0.221593 0.088201
vt 0.214126 0.084958
vt 0.206390 0.091574
vt 0.212666 0.096867
vt 0.206072 0.099644
vt 0.202558 0.093383
vt 0.196191 0.090130
vt 0.199666 0.089341
vt 0.183963 0.101111
vt 0.184425 0.107389
vt 0.188625 0.092492
vt 0.183090 0.093021
vt 0.240279 0.063059
vt 0.239442 0.070336
vt 0.236561 0.080547
vt 0.240090 0.055813
vt 0.238513 0.048287
vt 0.202676 0.088672
vt 0.231419 0.092982
vt 0.105092 0.020090
vt 0.098312 0.018880
vt 0.097967 0.012087
vt 0.106091 0.014610
vt 0.109850 0.016232
vt 0.108365 0.021015
vt 0.091672 0.018370
vt 0.091060 0.010679
vt 0.084962 0.018104
vt 0.076388 0.017083
vt 0.075778 0.008323
vt 0.084874 0.009649
vt 0.221768 0.098252
vt 0.234134 0.032726
vt 0.235629 0.041257
vt 0.233785 0.025744
vt 0.221701 0.022358
vt 0.087632 0.055704
vt 0.078812 0.061510
vt 0.076852 0.055931
vt 0.085674 0.050983
vt 0.093565 0.046995
vt 0.094812 0.051551
vt 0.211536 0.015239
vt 0.104257 0.047964
vt 0.099233 0.049932
vt 0.098019 0.045104
vt 0.103365 0.042877
vt 0.111033 0.043079
vt 0.109056 0.039460
vt 0.111635 0.037565
vt 0.113858 0.040589
vt 0.116925 0.033179
vt 0.118993 0.035104
vt 0.116230 0.038379
vt 0.113842 0.035924
vt 0.119680 0.026195
vt 0.120939 0.022679
vt 0.123268 0.023630
vt 0.122337 0.027764
vt 0.112241 0.033782
vt 0.115359 0.031392
vt 0.107902 0.027710
vt 0.108270 0.029384
vt 0.105648 0.029943
vt 0.105249 0.027802
vt 0.107622 0.036620
vt 0.110108 0.035097
vt 0.102160 0.039354
vt 0.099665 0.031309
vt 0.098933 0.028518
vt 0.096828 0.041467
vt 0.094283 0.032540
vt 0.093390 0.029512
vt 0.084198 0.046722
vt 0.092296 0.043191
vt 0.080829 0.035221
vt 0.079929 0.031135
vt 0.087795 0.030203
vt 0.089067 0.033651
vt 0.074721 0.051266
vt 0.069993 0.031755
vt 0.070775 0.036953
vt 0.065936 0.006396
vt 0.066757 0.016019
vt 0.243482 0.095640
vt 0.245921 0.083753
vt 0.248665 0.073458
vt 0.249846 0.064732
vt 0.250519 0.056635
vt 0.249514 0.047907
vt 0.244238 0.042108
vt 0.247665 0.036702
vt 0.246590 0.027989
vt 0.063681 0.056624
vt 0.065794 0.062205
vt 0.068051 0.068238
vt 0.058803 0.039091
vt 0.058100 0.032378
vt 0.055873 0.014903
vt 0.055663 0.005456
vt 0.231439 0.105223
vt 0.241733 0.106040
vt 0.221333 0.105930
vt 0.212090 0.106887
vt 0.198578 0.110111
vt 0.205789 0.108288
vt 0.189656 0.112017
vt 0.185212 0.112523
vt 0.171348 0.111456
vt 0.285565 0.092330
vt 0.281899 0.088209
vt 0.276397 0.094505
vt 0.283279 0.097576
vt 0.273737 0.102874
vt 0.280392 0.103514
vt 0.274894 0.112232
vt 0.284141 0.109573
vt 0.292317 0.091806
vt 0.291396 0.086101
vt 0.018843 0.030212
vt 0.009390 0.032334
vt 0.006615 0.026692
vt 0.013076 0.026016
vt 0.021773 0.023349
vt 0.015501 0.020915
vt 0.024105 0.014891
vt 0.018028 0.014074
vt 0.023277 0.005457
vt 0.014115 0.008231
vt 0.275792 0.081213
vt 0.268463 0.090762
vt 0.265831 0.101522
vt 0.266979 0.112921
vt 0.030878 0.005818
vt 0.030292 0.015251
vt 0.028460 0.025058
vt 0.024075 0.034317
vt 0.012509 0.036235
vt 0.289657 0.081749
vt 0.291444 0.101635
vt 0.006726 0.016390
vt 0.293014 0.064369
vt 0.286667 0.062503
vt 0.284043 0.068721
vt 0.290603 0.069024
vt 0.285908 0.074158
vt 0.291335 0.072623
vt 0.295364 0.059347
vt 0.298011 0.062650
vt 0.293316 0.078656
vt 0.299046 0.075180
vt 0.010031 0.045015
vt 0.010972 0.039337
vt 0.017101 0.043619
vt 0.013923 0.046714
vt 0.019262 0.056175
vt 0.013125 0.060115
vt 0.010583 0.056886
vt 0.015904 0.054665
vt 0.019126 0.049891
vt 0.015333 0.050652
vt 0.299843 0.069088
vt 0.008580 0.050781
vt 0.280324 0.060334
vt 0.278072 0.068092
vt 0.278738 0.075796
vt 0.289948 0.080589
vt 0.012827 0.036602
vt 0.019861 0.039858
vt 0.024254 0.047929
vt 0.022760 0.056933
vt 0.014164 0.061259
vt 0.294033 0.058464
vt 0.275804 0.049537
vt 0.281081 0.048675
vt 0.281174 0.042979
vt 0.277132 0.041646
vt 0.284630 0.054932
vt 0.280667 0.056773
vt 0.292400 0.056187
vt 0.292970 0.056882
vt 0.022186 0.061835
vt 0.015137 0.063036
vt 0.015789 0.062276
vt 0.023073 0.060201
vt 0.288628 0.037756
vt 0.287269 0.036962
vt 0.033217 0.072918
vt 0.029000 0.079417
vt 0.027543 0.079150
vt 0.030816 0.072996
vt 0.027804 0.066131
vt 0.030385 0.064615
vt 0.297131 0.049889
vt 0.296613 0.044568
vt 0.292078 0.046466
vt 0.293474 0.048893
vt 0.291517 0.042811
vt 0.293110 0.040845
vt 0.019807 0.069020
vt 0.022459 0.070431
vt 0.019203 0.074259
vt 0.016446 0.070029
vt 0.024446 0.073473
vt 0.022653 0.077520
vt 0.282983 0.043353
vt 0.284872 0.048081
vt 0.289783 0.038108
vt 0.029089 0.073159
vt 0.026542 0.078699
vt 0.026395 0.067165
vt 0.021564 0.063708
vt 0.015366 0.064600
vt 0.287629 0.053045
vt 0.293744 0.054953
vt 0.281974 0.027423
vt 0.276369 0.027703
vt 0.276055 0.033432
vt 0.282601 0.030209
vt 0.280493 0.037178
vt 0.284181 0.032611
vt 0.277827 0.022308
vt 0.282536 0.023993
vt 0.287463 0.035154
vt 0.287478 0.031792
vt 0.034129 0.081075
vt 0.031520 0.082715
vt 0.030257 0.079708
vt 0.034529 0.077170
vt 0.038316 0.079377
vt 0.036016 0.082518
vt 0.041241 0.082752
vt 0.043307 0.087283
vt 0.038679 0.087095
vt 0.038385 0.084127
vt 0.286114 0.027732
vt 0.033983 0.086151
vt 0.272563 0.026500
vt 0.272735 0.034303
vt 0.277698 0.039363
vt 0.287516 0.035754
vt 0.030213 0.079057
vt 0.034784 0.075315
vt 0.039511 0.077852
vt 0.042153 0.082273
vt 0.046978 0.085528
vt 0.273741 0.020774
vt 0.035648 0.025460
vt 0.037125 0.014975
vt 0.031341 0.035932
vt 0.033547 0.045088
vt 0.032991 0.054464
vt 0.038170 0.060811
vt 0.040341 0.068746
vt 0.045130 0.072995
vt 0.047262 0.078728
vt 0.043959 0.014080
vt 0.045326 0.024653
vt 0.045145 0.033898
vt 0.046135 0.041936
vt 0.047079 0.049285
vt 0.049496 0.055785
vt 0.051871 0.062130
vt 0.054415 0.068101
vt 0.056647 0.073849
vt 0.049771 0.083318
vt 0.058017 0.079899
vt 0.044408 0.005721
vt 0.037215 0.005785
vt 0.265604 0.079543
vt 0.261533 0.088812
vt 0.259192 0.100499
vt 0.269106 0.067123
vt 0.268119 0.073476
vt 0.271255 0.060397
vt 0.268814 0.050241
vt 0.270972 0.056306
vt 0.269184 0.043880
vt 0.267268 0.034856
vt 0.268858 0.040191
vt 0.267844 0.027095
vt 0.270202 0.019337
vt 0.260215 0.111984
vt 0.013579 0.036408
vt 0.023014 0.036976
vt 0.022201 0.059067
vt 0.015149 0.061758
vt 0.033971 0.074320
vt 0.029432 0.079287
vt 0.279590 0.058511
vt 0.293435 0.057577
vt 0.272939 0.058488
vt 0.276757 0.077494
vt 0.290422 0.081290
vt 0.266731 0.076044
vt 0.276725 0.040816
vt 0.287152 0.036558
vt 0.268866 0.041817
vt 0.252699 0.099261
vt 0.252738 0.109989
vt 0.254501 0.086366
vt 0.259476 0.075654
vt 0.262724 0.057947
vt 0.262306 0.042559
vt 0.260334 0.066374
vt 0.260881 0.049754
vt 0.259474 0.035734
vt 0.260406 0.027478
vt 0.260570 0.020043
vt 0.253206 0.042576
vt 0.246479 0.020436
vt 0.071022 0.075084
vt 0.061569 0.051044
vt 0.059856 0.045328
vt 0.057091 0.024486
vt 0.068107 0.024499
vt 0.077803 0.024687
vt 0.085959 0.024804
vt 0.098608 0.024425
vt 0.092458 0.024672
vt 0.104869 0.024641
vt 0.107880 0.025028
vt 0.117524 0.029118
vt 0.119298 0.030865
vt 0.122754 0.031114
vt 0.120529 0.033331
vt 0.179361 0.012289
vt 0.182169 0.013899
vt 0.182970 0.008132
vt 0.180939 0.007348
vt 0.177818 0.020136
vt 0.181277 0.021809
vt 0.180456 0.030276
vt 0.177251 0.029198
vt 0.179480 0.039999
vt 0.176441 0.038816
vt 0.146790 0.359899
vt 0.146891 0.348524
vt 0.143625 0.347441
vt 0.143512 0.358943
vt 0.144239 0.333850
vt 0.147690 0.334920
vt 0.149117 0.319337
vt 0.145246 0.318854
vt 0.150815 0.303299
vt 0.146539 0.302897
vt 0.152691 0.287031
vt 0.148100 0.286636
vt 0.155160 0.270500
vt 0.150530 0.270093
vt 0.153224 0.253186
vt 0.157681 0.253641
vt 0.155500 0.235785
vt 0.159743 0.236261
vt 0.157379 0.217691
vt 0.161670 0.218259
vt 0.163611 0.200215
vt 0.158919 0.199500
vt 0.165000 0.181714
vt 0.159609 0.180840
vt 0.159787 0.161983
vt 0.165861 0.163502
vt 0.159984 0.144035
vt 0.166707 0.147030
vt 0.167831 0.132129
vt 0.160646 0.128228
vt 0.161090 0.114165
vt 0.169159 0.118612
vt 0.740626 0.102829
vt 0.733105 0.093259
vt 0.740980 0.086664
vt 0.747752 0.095926
vt 0.756072 0.103267
vt 0.749900 0.109488
vt 0.758415 0.115257
vt 0.763822 0.108948
vt 0.770224 0.113366
vt 0.766253 0.119859
vt 0.782131 0.118033
vt 0.780273 0.124679
vt 0.773323 0.122977
vt 0.775985 0.116423
vt 0.788253 0.118431
vt 0.787035 0.125159
vt 0.793651 0.118063
vt 0.793062 0.124921
vt 0.798433 0.117279
vt 0.798083 0.124270
vt 0.071539 0.041949
vt 0.082052 0.039095
vt 0.090263 0.036996
vt 0.100507 0.033863
vt 0.095313 0.035469
vt 0.105981 0.032026
vt 0.108703 0.031015
vt 0.110180 0.027646
vt 0.112946 0.028529
vt 0.111039 0.030154
vt 0.110518 0.028915
vt 0.111163 0.021862
vt 0.115432 0.023684
vt 0.113927 0.026515
vt 0.110463 0.025389
vt 0.113037 0.017776
vt 0.116879 0.019976
vt 0.179935 0.108059
vt 0.177061 0.108553
vt 0.176551 0.112443
vt 0.181360 0.112706
vt 0.176587 0.103138
vt 0.179511 0.102070
vt 0.175963 0.094027
vt 0.178407 0.093664
vt 0.175553 0.084518
vt 0.178058 0.084525
vt 0.176621 0.077415
vt 0.174209 0.077661
vt 0.170367 0.353048
vt 0.168150 0.363549
vt 0.170467 0.363989
vt 0.173100 0.353547
vt 0.173302 0.339976
vt 0.176221 0.340680
vt 0.180209 0.325686
vt 0.177021 0.324908
vt 0.182148 0.309145
vt 0.187923 0.310491
vt 0.191801 0.293802
vt 0.185824 0.292541
vt 0.193410 0.276304
vt 0.187545 0.275252
vt 0.195280 0.258769
vt 0.189388 0.257858
vt 0.197923 0.241853
vt 0.191013 0.240545
vt 0.201238 0.225608
vt 0.194317 0.223941
vt 0.198693 0.207134
vt 0.206104 0.209529
vt 0.211816 0.193478
vt 0.203814 0.190843
vt 0.217009 0.179298
vt 0.208528 0.176647
vt 0.211852 0.164932
vt 0.220791 0.168382
vt 0.223042 0.159317
vt 0.213877 0.155042
vt 0.223957 0.149663
vt 0.215116 0.145635
vt 0.793603 0.053826
vt 0.786764 0.044840
vt 0.790463 0.036782
vt 0.798070 0.066958
vt 0.800569 0.080356
vt 0.802384 0.088081
vt 0.804488 0.093639
vt 0.811566 0.104947
vt 0.806747 0.107204
vt 0.805891 0.099915
vt 0.810946 0.096698
vt 0.811607 0.121280
vt 0.806939 0.122185
vt 0.807035 0.114867
vt 0.811728 0.113862
vt 0.806012 0.136591
vt 0.806515 0.129216
vt 0.805696 0.145279
vt 0.805685 0.155948
vt 0.810960 0.165553
vt 0.805737 0.168330
vt 0.805749 0.182425
vt 0.805735 0.197331
vt 0.806215 0.209856
vt 0.806489 0.220693
vt 0.806783 0.229744
vt 0.807171 0.244913
vt 0.807006 0.237621
vt 0.807380 0.252427
vt 0.807656 0.259942
vt 0.812272 0.266735
vt 0.807857 0.267279
vt 0.808257 0.279782
vt 0.807925 0.274026
vt 0.808475 0.290739
vt 0.808356 0.285189
vt 0.808486 0.297214
vt 0.808214 0.304278
vt 0.807845 0.314197
vt 0.434661 0.927747
vt 0.445264 0.919184
vt 0.419057 0.940943
vt 0.399249 0.955060
vt 0.374328 0.967363
vt 0.345020 0.974311
vt 0.308261 0.972774
vt 0.270720 0.958115
vt 0.246717 0.936635
vt 0.240134 0.922931
vt 0.233975 0.891088
vt 0.236151 0.907393
vt 0.233786 0.875365
vt 0.239159 0.850178
vt 0.235414 0.861855
vt 0.244642 0.839695
vt 0.251015 0.831762
vt 0.256837 0.827168
vt 0.261253 0.825006
vt 0.265887 0.821719
vt 0.816913 0.121565
vt 0.073003 0.046640
vt 0.082843 0.042939
vt 0.091029 0.040135
vt 0.096023 0.038447
vt 0.101283 0.036473
vt 0.106662 0.034189
vt 0.109109 0.032969
vt 0.111209 0.031923
vt 0.114286 0.029805
vt 0.115898 0.027687
vt 0.117666 0.024894
vt 0.119067 0.021457
vt 0.173707 0.112052
vt 0.175144 0.108907
vt 0.174694 0.103514
vt 0.173880 0.094355
vt 0.173431 0.084653
vt 0.172175 0.077799
vt 0.166187 0.363157
vt 0.168050 0.352606
vt 0.170826 0.339386
vt 0.174327 0.324243
vt 0.177757 0.308380
vt 0.180860 0.291759
vt 0.183440 0.274604
vt 0.185413 0.257320
vt 0.187203 0.239992
vt 0.189627 0.223000
vt 0.193534 0.205726
vt 0.198152 0.188918
vt 0.202181 0.174309
vt 0.205183 0.161987
vt 0.207266 0.152006
vt 0.208641 0.143604
vt 0.781146 0.049518
vt 0.786805 0.058128
vt 0.791493 0.069454
vt 0.795301 0.081667
vt 0.798239 0.089035
vt 0.800331 0.095433
vt 0.802369 0.109031
vt 0.801608 0.102047
vt 0.802583 0.116171
vt 0.802393 0.123297
vt 0.801994 0.130425
vt 0.801522 0.137881
vt 0.801099 0.146627
vt 0.800783 0.157145
vt 0.800637 0.169489
vt 0.800709 0.183368
vt 0.800975 0.197814
vt 0.801335 0.210883
vt 0.801542 0.222239
vt 0.801915 0.231198
vt 0.802190 0.238813
vt 0.802407 0.245686
vt 0.802835 0.253350
vt 0.803293 0.261021
vt 0.803625 0.268058
vt 0.803877 0.274127
vt 0.804316 0.279955
vt 0.804480 0.285267
vt 0.804684 0.290676
vt 0.804789 0.296895
vt 0.804758 0.304173
vt 0.805311 0.315046
vt 0.442613 0.917093
vt 0.432520 0.924911
vt 0.417248 0.936735
vt 0.397940 0.949516
vt 0.374010 0.960741
vt 0.346205 0.967486
vt 0.311396 0.966305
vt 0.276440 0.954403
vt 0.252209 0.934173
vt 0.246462 0.923021
vt 0.242151 0.909131
vt 0.239752 0.892795
vt 0.239372 0.877423
vt 0.240764 0.865110
vt 0.244309 0.854497
vt 0.249198 0.844793
vt 0.254809 0.836970
vt 0.259995 0.831194
vt 0.263795 0.827474
vt 0.267903 0.823537
vt 0.816910 0.101715
vt 0.816920 0.114123
vt 0.122678 0.033872
vt 0.122239 0.035984
vt 0.121475 0.037704
vt 0.119186 0.042014
vt 0.116663 0.045245
vt 0.113420 0.048742
vt 0.104344 0.056530
vt 0.100312 0.055506
vt 0.096509 0.055676
vt 0.090331 0.060543
vt 0.081463 0.067469
vt 0.233632 0.018851
vt 0.222556 0.017022
vt 0.215065 0.014402
vt 0.395067 0.170434
vt 0.401330 0.164102
vt 0.407984 0.157329
vt 0.386574 0.178478
vt 0.378209 0.187331
vt 0.370842 0.196363
vt 0.365183 0.205636
vt 0.362735 0.209632
vt 0.323756 0.742053
vt 0.330281 0.741267
vt 0.334784 0.740248
vt 0.337913 0.739573
vt 0.341112 0.739103
vt 0.392186 0.753546
vt 0.394484 0.756375
vt 0.397256 0.760037
vt 0.400324 0.762266
vt 0.406164 0.766650
vt 0.416866 0.775458
vt 0.431081 0.790452
vt 0.439596 0.800972
vt 0.445287 0.807842
vt 0.581097 0.298663
vt 0.581090 0.308206
vt 0.581106 0.284097
vt 0.581116 0.273448
vt 0.581123 0.265940
vt 0.581129 0.256563
vt 0.581129 0.245996
vt 0.581125 0.234254
vt 0.581120 0.231254
vt 0.581115 0.219251
vt 0.581124 0.193534
vt 0.581120 0.187331
vt 0.581111 0.176658
vt 0.581103 0.159594
vt 0.581096 0.141319
vt 0.581086 0.127219
vt 0.581095 0.140122
vt 0.581065 0.106726
vt 0.581055 0.096871
vt 0.581049 0.088806
vt 0.581025 0.075763
vt 0.580999 0.062614
vt 0.583001 0.014757
vt 0.580821 0.003632
vt 0.801822 0.008554
vt 0.806015 0.027527
vt 0.817179 0.073126
vt 0.816467 0.049806
vt 0.816985 0.089614
vt 0.816983 0.089706
vt 0.208942 0.851223
vt 0.422513 0.153395
vt 0.422509 0.145277
vt 0.426533 0.152068
vt 0.432065 0.143816
vt 0.345756 0.187833
vt 0.344174 0.181338
vt 0.350666 0.179127
vt 0.351047 0.186676
vt 0.339817 0.190718
vt 0.335989 0.184094
vt 0.357110 0.180667
vt 0.356695 0.186883
vt 0.351751 0.030170
vt 0.345055 0.029039
vt 0.346376 0.024069
vt 0.353039 0.024411
vt 0.334935 0.195458
vt 0.331490 0.191455
vt 0.348323 0.040817
vt 0.347137 0.045586
vt 0.340674 0.045348
vt 0.342282 0.039367
vt 0.349468 0.035562
vt 0.343504 0.033756
vt 0.352654 0.193881
vt 0.347952 0.195070
vt 0.342619 0.197971
vt 0.339441 0.022524
vt 0.338189 0.027250
vt 0.358133 0.193596
vt 0.336963 0.032227
vt 0.335604 0.037775
vt 0.333202 0.043798
vt 0.337048 0.202995
vt 0.328255 0.035536
vt 0.330553 0.030220
vt 0.331376 0.025012
vt 0.325154 0.041568
vt 0.345922 0.205484
vt 0.340720 0.210678
vt 0.354364 0.201530
vt 0.349995 0.202764
vt 0.360278 0.201080
vt 0.332131 0.019871
vt 0.351824 0.208944
vt 0.348847 0.210865
vt 0.355252 0.208376
vt 0.360218 0.208919
vt 0.323727 0.023754
vt 0.323773 0.019435
vt 0.323107 0.028577
vt 0.321471 0.032762
vt 0.318891 0.036753
vt 0.345805 0.216164
vt 0.353142 0.213531
vt 0.355809 0.212984
vt 0.350637 0.214147
vt 0.358680 0.213773
vt 0.318463 0.021928
vt 0.319618 0.024680
vt 0.319837 0.027611
vt 0.318570 0.030546
vt 0.315748 0.032749
vt 0.350165 0.217653
vt 0.354727 0.217849
vt 0.314906 0.027452
vt 0.327704 0.181777
vt 0.321438 0.189897
vt 0.315713 0.186813
vt 0.320772 0.178509
vt 0.310490 0.185408
vt 0.313355 0.176053
vt 0.307188 0.180403
vt 0.304128 0.184937
vt 0.329541 0.187402
vt 0.323914 0.193465
vt 0.348283 0.050771
vt 0.338154 0.056856
vt 0.335641 0.051999
vt 0.342501 0.047564
vt 0.351322 0.056179
vt 0.341399 0.060743
vt 0.353486 0.063234
vt 0.342912 0.065022
vt 0.349339 0.069146
vt 0.344471 0.069241
vt 0.311646 0.195392
vt 0.306783 0.194185
vt 0.317241 0.198478
vt 0.319967 0.201217
vt 0.330670 0.060432
vt 0.328439 0.055091
vt 0.332873 0.064464
vt 0.334596 0.068963
vt 0.335762 0.072730
vt 0.299125 0.194201
vt 0.327356 0.071903
vt 0.325641 0.067393
vt 0.322795 0.063282
vt 0.328405 0.075969
vt 0.296482 0.202395
vt 0.303873 0.202398
vt 0.308344 0.203490
vt 0.313090 0.206022
vt 0.315874 0.209143
vt 0.321105 0.059091
vt 0.301556 0.209473
vt 0.305382 0.210534
vt 0.308718 0.212091
vt 0.311367 0.214944
vt 0.317229 0.065936
vt 0.314961 0.063069
vt 0.319271 0.069613
vt 0.320404 0.074840
vt 0.320588 0.078746
vt 0.296478 0.210525
vt 0.314710 0.072097
vt 0.315453 0.074996
vt 0.316100 0.078188
vt 0.314272 0.069203
vt 0.311586 0.068136
vt 0.306734 0.218450
vt 0.306262 0.216208
vt 0.303706 0.214817
vt 0.300449 0.213528
vt 0.297265 0.214751
vt 0.301373 0.218800
vt 0.311352 0.074031
vt 0.305430 0.166820
vt 0.296437 0.171799
vt 0.293135 0.165891
vt 0.301174 0.160591
vt 0.296920 0.159059
vt 0.289042 0.162665
vt 0.309365 0.171624
vt 0.296533 0.176766
vt 0.303645 0.178257
vt 0.293953 0.182402
vt 0.357478 0.070423
vt 0.351974 0.080379
vt 0.346730 0.078234
vt 0.350758 0.070330
vt 0.369186 0.086948
vt 0.362045 0.090007
vt 0.358145 0.087833
vt 0.369299 0.077783
vt 0.356068 0.082656
vt 0.363383 0.074849
vt 0.288300 0.175320
vt 0.285611 0.169609
vt 0.282291 0.165777
vt 0.288532 0.180120
vt 0.353497 0.091609
vt 0.357032 0.094382
vt 0.349969 0.088844
vt 0.346271 0.086275
vt 0.342649 0.082871
vt 0.287316 0.184567
vt 0.279088 0.173301
vt 0.275914 0.169394
vt 0.281133 0.177955
vt 0.281356 0.182134
vt 0.279746 0.185748
vt 0.342302 0.090036
vt 0.337548 0.088339
vt 0.346158 0.092577
vt 0.349233 0.095840
vt 0.351979 0.098817
vt 0.273838 0.177004
vt 0.270995 0.173292
vt 0.275308 0.179915
vt 0.275857 0.183135
vt 0.274799 0.185792
vt 0.338110 0.093229
vt 0.334414 0.092775
vt 0.343122 0.096203
vt 0.345284 0.099784
vt 0.346886 0.102593
vt 0.269852 0.179837
vt 0.267668 0.177343
vt 0.271108 0.181475
vt 0.272022 0.183593
vt 0.270643 0.185399
vt 0.334333 0.097264
vt 0.336415 0.097078
vt 0.338182 0.099753
vt 0.340797 0.101979
vt 0.341210 0.104065
vt 0.335820 0.101973
vt 0.267680 0.182303
vt 0.288718 0.152197
vt 0.297151 0.149352
vt 0.297839 0.154386
vt 0.289312 0.156148
vt 0.287018 0.147885
vt 0.295642 0.144140
vt 0.284586 0.143946
vt 0.292521 0.140970
vt 0.294446 0.159486
vt 0.288878 0.160046
vt 0.376604 0.090136
vt 0.371224 0.092338
vt 0.370828 0.087336
vt 0.375098 0.078381
vt 0.384894 0.089746
vt 0.387190 0.080286
vt 0.393016 0.084209
vt 0.389079 0.090652
vt 0.380639 0.089122
vt 0.381114 0.079786
vt 0.281263 0.154729
vt 0.279470 0.150645
vt 0.282211 0.158514
vt 0.276722 0.146528
vt 0.282209 0.162860
vt 0.372577 0.098414
vt 0.376915 0.098062
vt 0.380828 0.097431
vt 0.384521 0.097369
vt 0.388216 0.097637
vt 0.272976 0.153714
vt 0.274155 0.157231
vt 0.275313 0.161028
vt 0.274969 0.164674
vt 0.270778 0.150194
vt 0.385421 0.104128
vt 0.390316 0.104485
vt 0.381172 0.103829
vt 0.376527 0.105002
vt 0.372266 0.105499
vt 0.385540 0.109939
vt 0.381477 0.109751
vt 0.376797 0.110650
vt 0.389386 0.111675
vt 0.266918 0.156354
vt 0.264817 0.153688
vt 0.268506 0.159153
vt 0.268908 0.162576
vt 0.268473 0.165594
vt 0.373769 0.112317
vt 0.265289 0.163108
vt 0.264454 0.160666
vt 0.263566 0.158413
vt 0.261791 0.156094
vt 0.386538 0.114831
vt 0.383874 0.113499
vt 0.381507 0.113870
vt 0.378425 0.114381
vt 0.376826 0.115954
vt 0.264099 0.164567
vt 0.381145 0.117179
vt 0.261544 0.161391
vt 0.296253 0.137016
vt 0.290886 0.132892
vt 0.293180 0.129815
vt 0.298925 0.132202
vt 0.294884 0.126312
vt 0.299647 0.127548
vt 0.295274 0.123143
vt 0.299741 0.123818
vt 0.293444 0.138301
vt 0.288028 0.135488
vt 0.397559 0.087706
vt 0.393963 0.083115
vt 0.395260 0.079747
vt 0.400262 0.085288
vt 0.406574 0.073937
vt 0.408306 0.078122
vt 0.404596 0.080037
vt 0.402495 0.074765
vt 0.397068 0.076176
vt 0.401875 0.081909
vt 0.285507 0.130163
vt 0.287441 0.127338
vt 0.289441 0.124319
vt 0.289638 0.121345
vt 0.407826 0.084959
vt 0.410524 0.082934
vt 0.405826 0.087050
vt 0.403740 0.090002
vt 0.282582 0.132637
vt 0.400874 0.092157
vt 0.411211 0.089417
vt 0.409291 0.091377
vt 0.406750 0.094664
vt 0.414724 0.087515
vt 0.283310 0.119575
vt 0.282364 0.122332
vt 0.279774 0.127355
vt 0.281594 0.125016
vt 0.277012 0.129116
vt 0.403997 0.097960
vt 0.409990 0.097935
vt 0.412272 0.096064
vt 0.414932 0.094401
vt 0.417685 0.092988
vt 0.276704 0.120872
vt 0.277448 0.118264
vt 0.275827 0.122674
vt 0.274667 0.124368
vt 0.272887 0.125800
vt 0.408455 0.101642
vt 0.271956 0.121095
vt 0.270965 0.122697
vt 0.272987 0.119864
vt 0.272945 0.118275
vt 0.417675 0.098121
vt 0.415457 0.098382
vt 0.414161 0.099144
vt 0.413076 0.100446
vt 0.270140 0.123060
vt 0.412611 0.101823
vt 0.415680 0.101001
vt 0.270369 0.120154
vt 0.401932 0.054296
vt 0.398119 0.053256
vt 0.393949 0.051754
vt 0.389977 0.049738
vt 0.386480 0.047938
vt 0.383613 0.045435
vt 0.380678 0.043165
vt 0.378013 0.039822
vt 0.375457 0.036223
vt 0.372710 0.032659
vt 0.369528 0.028735
vt 0.316298 0.123972
vt 0.315748 0.121354
vt 0.409676 0.057007
vt 0.405676 0.055481
vt 0.326268 0.149486
vt 0.323634 0.144670
vt 0.321544 0.139971
vt 0.319622 0.134907
vt 0.317866 0.129614
vt 0.346169 0.163877
vt 0.339864 0.160603
vt 0.334225 0.157338
vt 0.353628 0.166658
vt 0.362070 0.168144
vt 0.365948 0.021994
vt 0.359917 0.172054
vt 0.352202 0.170571
vt 0.344490 0.168653
vt 0.364480 0.031733
vt 0.361943 0.023482
vt 0.356529 0.024272
vt 0.355692 0.030616
vt 0.351054 0.175953
vt 0.358025 0.177312
vt 0.343174 0.176692
vt 0.354383 0.036566
vt 0.333852 0.177341
vt 0.353149 0.041761
vt 0.351642 0.045308
vt 0.368424 0.045315
vt 0.363027 0.047049
vt 0.362479 0.042090
vt 0.366848 0.041176
vt 0.370929 0.039067
vt 0.373203 0.042814
vt 0.335981 0.170788
vt 0.328730 0.167194
vt 0.331249 0.162323
vt 0.337343 0.165843
vt 0.375710 0.046572
vt 0.370728 0.049694
vt 0.378862 0.049771
vt 0.374024 0.053850
vt 0.378192 0.057404
vt 0.382382 0.052656
vt 0.386266 0.055074
vt 0.383031 0.060266
vt 0.390894 0.057079
vt 0.388469 0.062336
vt 0.395527 0.058799
vt 0.393932 0.063707
vt 0.399314 0.059639
vt 0.397460 0.063561
vt 0.402695 0.060540
vt 0.406810 0.061506
vt 0.404138 0.065669
vt 0.399703 0.065005
vt 0.307593 0.122264
vt 0.311624 0.121713
vt 0.312367 0.124404
vt 0.308330 0.125200
vt 0.313229 0.130656
vt 0.308734 0.131440
vt 0.314588 0.137003
vt 0.309280 0.138545
vt 0.318854 0.147753
vt 0.321869 0.153349
vt 0.317469 0.157153
vt 0.313960 0.150827
vt 0.316650 0.142627
vt 0.311795 0.144969
vt 0.368448 0.058281
vt 0.365167 0.052637
vt 0.379476 0.066261
vt 0.373477 0.062691
vt 0.386399 0.068528
vt 0.394611 0.069991
vt 0.401974 0.069812
vt 0.325223 0.172645
vt 0.326084 0.158314
vt 0.322337 0.162884
vt 0.329434 0.153979
vt 0.345153 0.138098
vt 0.106340 0.383984
vt 0.121911 0.491091
vt 0.124147 0.509502
vt 0.312185 0.161507
vt 0.306440 0.154734
vt 0.302002 0.139844
vt 0.303477 0.132530
vt 0.304823 0.147189
vt 0.304000 0.127041
vt 0.390270 0.074925
vt 0.383154 0.073964
vt 0.374920 0.073169
vt 0.368213 0.068654
vt 0.360934 0.063460
vt 0.358559 0.055260
vt 0.356740 0.048063
vt 0.357587 0.042423
vt 0.343787 0.172262
vt 0.351652 0.172977
vt 0.359190 0.174524
vt 0.359463 0.023893
vt 0.359866 0.031024
vt 0.358657 0.037099
vt 0.332984 0.182388
vt 0.295697 0.140005
vt 0.292540 0.138938
vt 0.392557 0.078147
vt 0.393331 0.081626
vt 0.394182 0.074970
vt 0.816874 0.268178
vt 0.816875 0.266540
vt 0.331817 0.188210
vt 0.345383 0.046236
vt 0.349591 0.047386
vt 0.352982 0.050559
vt 0.356263 0.065421
vt 0.352198 0.067995
vt 0.312831 0.172720
vt 0.306515 0.178347
vt 0.317246 0.168432
vt 0.301288 0.156449
vt 0.296156 0.158771
vt 0.373371 0.075947
vt 0.369767 0.086442
vt 0.406410 0.070009
vt 0.303681 0.123248
vt 0.410545 0.062472
vt 0.407978 0.066199
vt 0.412995 0.058536
vt 0.415919 0.051165
vt 0.417451 0.043524
vt 0.417633 0.035040
vt 0.362808 0.037351
vt 0.368425 0.035511
vt 0.810721 0.038265
vt 0.365953 0.038062
vt 0.348428 0.139735
vt 0.351720 0.141757
vt 0.346141 0.137367
vt 0.344425 0.134630
vt 0.343215 0.131458
vt 0.341648 0.128379
vt 0.341101 0.125172
vt 0.340472 0.122451
vt 0.339708 0.120102
vt 0.339343 0.118267
vt 0.415867 0.033583
vt 0.417680 0.033753
vt 0.413556 0.033229
vt 0.411210 0.032406
vt 0.408648 0.031640
vt 0.405996 0.030681
vt 0.403533 0.029494
vt 0.401253 0.028434
vt 0.399098 0.027521
vt 0.397103 0.026340
vt 0.395159 0.024438
vt 0.393036 0.022794
vt 0.391193 0.021117
vt 0.389551 0.018166
vt 0.388131 0.014898
vt 0.360209 0.144869
vt 0.364297 0.144971
vt 0.355932 0.143462
vt 0.232624 0.796522
vt 0.237764 0.790105
vt 0.218852 0.924557
vt 0.211588 0.900715
vt 0.816860 0.291125
vt 0.816903 0.163995
vt 0.816904 0.161477
vt 0.816920 0.115606
vt 0.375548 0.190571
vt 0.581119 0.205494
vt 0.581105 0.160834
vt 0.580905 0.039984
vt 0.583606 0.024716
vt 0.816892 0.230819
vt 0.177318 0.772627
vt 0.179842 0.775028
vt 0.176098 0.778967
vt 0.173317 0.775544
vt 0.169402 0.762764
vt 0.174875 0.761495
vt 0.175882 0.767420
vt 0.171360 0.769669
vt 0.174042 0.747329
vt 0.178411 0.750101
vt 0.185061 0.739643
vt 0.186466 0.745083
vt 0.191916 0.740159
vt 0.190955 0.745667
vt 0.195550 0.746805
vt 0.199059 0.741228
vt 0.208537 0.753930
vt 0.202505 0.757164
vt 0.206352 0.769888
vt 0.200134 0.766780
vt 0.187003 0.784233
vt 0.186711 0.780432
vt 0.195297 0.776182
vt 0.197392 0.779902
vt 0.172435 0.782942
vt 0.169254 0.778661
vt 0.187980 0.788531
vt 0.199462 0.783953
vt 0.211089 0.772328
vt 0.214915 0.752755
vt 0.201693 0.737057
vt 0.184028 0.735710
vt 0.192583 0.736222
vt 0.170922 0.745430
vt 0.165501 0.763881
vt 0.167330 0.771767
vt 0.179449 0.726818
vt 0.162580 0.741687
vt 0.157128 0.762867
vt 0.160233 0.774491
vt 0.163203 0.782913
vt 0.166878 0.788402
vt 0.191185 0.727664
vt 0.205349 0.732853
vt 0.219196 0.748172
vt 0.216421 0.772733
vt 0.199408 0.792536
vt 0.185934 0.796112
vt 0.230304 0.763709
vt 0.230557 0.749333
vt 0.221145 0.730650
vt 0.230066 0.736400
vt 0.224660 0.717630
vt 0.231436 0.720263
vt 0.233075 0.707484
vt 0.240023 0.712312
vt 0.243561 0.703462
vt 0.246503 0.708925
vt 0.207804 0.723231
vt 0.178699 0.714527
vt 0.193328 0.717948
vt 0.231362 0.780479
vt 0.221008 0.790338
vt 0.218549 0.783737
vt 0.230881 0.773690
vt 0.231154 0.788165
vt 0.224359 0.795798
vt 0.210143 0.802179
vt 0.205561 0.797482
vt 0.430935 0.232742
vt 0.425576 0.231459
vt 0.423893 0.216174
vt 0.428875 0.216267
vt 0.436626 0.236039
vt 0.433558 0.217209
vt 0.198405 0.813260
vt 0.192393 0.809958
vt 0.177503 0.805164
vt 0.185880 0.806664
vt 0.155573 0.788395
vt 0.159781 0.794581
vt 0.233634 0.700677
vt 0.243904 0.698290
vt 0.215435 0.705890
vt 0.218171 0.700684
vt 0.211228 0.713785
vt 0.200184 0.705593
vt 0.201727 0.699287
vt 0.183630 0.699524
vt 0.186255 0.694456
vt 0.197853 0.711047
vt 0.181147 0.705727
vt 0.176421 0.692463
vt 0.181484 0.689371
vt 0.173095 0.683650
vt 0.180726 0.684050
vt 0.182245 0.661364
vt 0.189201 0.665879
vt 0.181080 0.677229
vt 0.175038 0.674389
vt 0.189454 0.649737
vt 0.196584 0.655380
vt 0.197790 0.640800
vt 0.205410 0.647019
vt 0.212680 0.639778
vt 0.206972 0.634332
vt 0.234366 0.695244
vt 0.244703 0.694172
vt 0.220267 0.694083
vt 0.203693 0.692471
vt 0.188961 0.688846
vt 0.185438 0.679279
vt 0.193452 0.667647
vt 0.200187 0.659462
vt 0.210244 0.651118
vt 0.215999 0.643208
vt 0.235027 0.688870
vt 0.243863 0.689041
vt 0.220564 0.688352
vt 0.204933 0.687328
vt 0.189925 0.683500
vt 0.204139 0.662763
vt 0.208222 0.664881
vt 0.197901 0.675044
vt 0.195948 0.671463
vt 0.185671 0.686758
vt 0.184764 0.683420
vt 0.188883 0.679772
vt 0.213295 0.652425
vt 0.218110 0.654268
vt 0.218712 0.644958
vt 0.222292 0.646424
vt 0.395025 0.219587
vt 0.397965 0.225464
vt 0.384533 0.225398
vt 0.386484 0.220886
vt 0.400242 0.213326
vt 0.404681 0.216028
vt 0.410495 0.215947
vt 0.407646 0.227574
vt 0.417403 0.216072
vt 0.417961 0.230610
vt 0.400727 0.205716
vt 0.406209 0.204738
vt 0.396898 0.197136
vt 0.401700 0.193848
vt 0.394021 0.187900
vt 0.391259 0.193548
vt 0.378843 0.213951
vt 0.374782 0.217336
vt 0.374542 0.207257
vt 0.377121 0.207274
vt 0.368454 0.212521
vt 0.369586 0.205872
vt 0.377650 0.199002
vt 0.379770 0.199811
vt 0.374182 0.197426
vt 0.384350 0.192412
vt 0.385797 0.194498
vt 0.381332 0.189454
vt 0.390029 0.182184
vt 0.398902 0.174011
vt 0.403304 0.179894
vt 0.410738 0.163918
vt 0.411845 0.174401
vt 0.407710 0.190623
vt 0.411186 0.203307
vt 0.414626 0.187671
vt 0.416704 0.201718
vt 0.427794 0.198213
vt 0.432523 0.197111
vt 0.422644 0.199959
vt 0.428238 0.179068
vt 0.434188 0.176239
vt 0.421531 0.183629
vt 0.420751 0.167578
vt 0.429644 0.156450
vt 0.436615 0.153489
vt 0.394970 0.206786
vt 0.394524 0.212563
vt 0.392083 0.215500
vt 0.387126 0.215009
vt 0.382280 0.211665
vt 0.380429 0.207055
vt 0.381829 0.201667
vt 0.386024 0.199276
vt 0.389305 0.197842
vt 0.394141 0.199852
vt 0.390958 0.207909
vt 0.391334 0.211241
vt 0.389759 0.212390
vt 0.387412 0.210108
vt 0.384121 0.209776
vt 0.383263 0.207305
vt 0.385532 0.204896
vt 0.386689 0.201996
vt 0.388968 0.202202
vt 0.390069 0.203880
vt 0.143326 0.764447
vt 0.150485 0.778742
vt 0.144512 0.724573
vt 0.151920 0.725186
vt 0.147871 0.740913
vt 0.142157 0.737812
vt 0.137209 0.755316
vt 0.133437 0.747888
vt 0.118616 0.754599
vt 0.123485 0.746418
vt 0.151482 0.710917
vt 0.144471 0.712045
vt 0.138962 0.696564
vt 0.138849 0.691102
vt 0.147750 0.699436
vt 0.141630 0.701697
vt 0.122566 0.697405
vt 0.118951 0.692656
vt 0.117025 0.708448
vt 0.109492 0.707845
vt 0.116582 0.726574
vt 0.108587 0.728914
vt 0.107729 0.717446
vt 0.116290 0.716855
vt 0.115034 0.747963
vt 0.111746 0.741589
vt 0.118090 0.736340
vt 0.120116 0.742257
vt 0.117516 0.763494
vt 0.106643 0.748027
vt 0.111986 0.756049
vt 0.101027 0.733905
vt 0.097692 0.719240
vt 0.097331 0.704871
vt 0.110353 0.683409
vt 0.147602 0.680690
vt 0.156001 0.743520
vt 0.162330 0.725452
vt 0.161054 0.709133
vt 0.158621 0.696520
vt 0.154507 0.667456
vt 0.134779 0.669373
vt 0.139613 0.658396
vt 0.168954 0.651553
vt 0.178234 0.641060
vt 0.186914 0.632421
vt 0.152339 0.641218
vt 0.110472 0.668553
vt 0.114820 0.653752
vt 0.164710 0.631055
vt 0.195747 0.625556
vt 0.173911 0.623343
vt 0.180508 0.615429
vt 0.126468 0.637845
vt 0.162828 0.615751
vt 0.168737 0.609067
vt 0.151731 0.624087
vt 0.142746 0.618731
vt 0.118098 0.627111
vt 0.155628 0.610786
vt 0.160907 0.605018
vt 0.097682 0.638330
vt 0.100258 0.626290
vt 0.087902 0.637573
vt 0.091995 0.625310
vt 0.094632 0.652790
vt 0.205563 0.815791
vt 0.186804 0.829486
vt 0.183416 0.824448
vt 0.178318 0.820440
vt 0.172730 0.816696
vt 0.166505 0.813518
vt 0.146213 0.794722
vt 0.150943 0.800747
vt 0.139751 0.785375
vt 0.130437 0.776178
vt 0.167823 0.832407
vt 0.172449 0.836713
vt 0.163268 0.828096
vt 0.154156 0.819720
vt 0.158950 0.823862
vt 0.137026 0.798712
vt 0.141618 0.805279
vt 0.122880 0.783035
vt 0.130640 0.790648
vt 0.115418 0.770861
vt 0.112319 0.776196
vt 0.100973 0.756220
vt 0.107926 0.764295
vt 0.097261 0.763796
vt 0.104599 0.770349
vt 0.092347 0.740208
vt 0.085421 0.746426
vt 0.086803 0.722938
vt 0.092364 0.668119
vt 0.089989 0.685134
vt 0.083835 0.704579
vt 0.078819 0.727149
vt 0.077871 0.686900
vt 0.075286 0.706748
vt 0.080954 0.668963
vt 0.084234 0.652657
vt 0.060965 0.622581
vt 0.064449 0.624813
vt 0.059408 0.636555
vt 0.055370 0.634297
vt 0.041103 0.624416
vt 0.049210 0.609512
vt 0.052808 0.615682
vt 0.046117 0.628507
vt 0.035175 0.645816
vt 0.030327 0.641284
vt 0.052949 0.652444
vt 0.047920 0.650465
vt 0.023511 0.668254
vt 0.017639 0.663446
vt 0.046869 0.672226
vt 0.040404 0.671437
vt 0.014464 0.696603
vt 0.006625 0.692740
vt 0.042629 0.695444
vt 0.034727 0.695896
vt 0.042124 0.721291
vt 0.034010 0.723657
vt 0.003046 0.732366
vt 0.002794 0.727543
vt 0.012221 0.728904
vt 0.012180 0.770773
vt 0.004984 0.741395
vt 0.020561 0.766316
vt 0.150415 0.837473
vt 0.159447 0.841239
vt 0.130102 0.846205
vt 0.126480 0.841056
vt 0.139941 0.824105
vt 0.143707 0.828647
vt 0.126790 0.831600
vt 0.124016 0.826873
vt 0.146505 0.833084
vt 0.126343 0.836208
vt 0.116472 0.810305
vt 0.115116 0.803872
vt 0.126855 0.801811
vt 0.129948 0.808218
vt 0.112269 0.792147
vt 0.117063 0.788122
vt 0.122493 0.794774
vt 0.113588 0.797412
vt 0.104576 0.790005
vt 0.109469 0.781923
vt 0.086493 0.778958
vt 0.094148 0.769955
vt 0.101733 0.775471
vt 0.095189 0.786816
vt 0.102749 0.797244
vt 0.101740 0.810712
vt 0.101867 0.804229
vt 0.111830 0.831709
vt 0.107823 0.827783
vt 0.093792 0.838292
vt 0.102834 0.834732
vt 0.074534 0.826131
vt 0.091657 0.828230
vt 0.088140 0.809470
vt 0.077941 0.806921
vt 0.079659 0.799498
vt 0.089620 0.802831
vt 0.091810 0.795075
vt 0.081961 0.789335
vt 0.068276 0.833327
vt 0.042585 0.815063
vt 0.045644 0.804965
vt 0.055202 0.784804
vt 0.060209 0.777088
vt 0.073629 0.759683
vt 0.066536 0.768432
vt 0.079933 0.752539
vt 0.019926 0.783896
vt 0.068011 0.688687
vt 0.067508 0.710023
vt 0.058574 0.713719
vt 0.058324 0.690662
vt 0.071054 0.669570
vt 0.061684 0.670363
vt 0.075053 0.652894
vt 0.066309 0.652852
vt 0.071286 0.638399
vt 0.079549 0.638078
vt 0.075322 0.627438
vt 0.083147 0.627018
vt 0.063691 0.737352
vt 0.071331 0.731930
vt 0.040265 0.754512
vt 0.047521 0.749428
vt 0.055606 0.743407
vt 0.050373 0.717843
vt 0.050545 0.693616
vt 0.053970 0.671939
vt 0.058938 0.653008
vt 0.064558 0.637685
vt 0.069233 0.626553
vt 0.373954 0.239329
vt 0.374653 0.249155
vt 0.383541 0.248263
vt 0.383875 0.233787
vt 0.240051 0.238257
vt 0.225449 0.244434
vt 0.227223 0.259083
vt 0.238512 0.253581
vt 0.249216 0.238959
vt 0.246298 0.251111
vt 0.255479 0.229424
vt 0.249882 0.225521
vt 0.263424 0.222500
vt 0.259946 0.216488
vt 0.269667 0.218526
vt 0.269685 0.211569
vt 0.277204 0.217926
vt 0.274946 0.208939
vt 0.286589 0.223982
vt 0.289550 0.217747
vt 0.327573 0.227292
vt 0.334439 0.219938
vt 0.325151 0.209501
vt 0.322311 0.216067
vt 0.367703 0.239952
vt 0.360563 0.238300
vt 0.359387 0.246462
vt 0.367384 0.248087
vt 0.349625 0.234540
vt 0.347286 0.242237
vt 0.340542 0.227587
vt 0.334697 0.236630
vt 0.238410 0.266311
vt 0.246285 0.264021
vt 0.228393 0.270061
vt 0.375355 0.260194
vt 0.383198 0.259096
vt 0.359551 0.255935
vt 0.367303 0.258004
vt 0.261086 0.233100
vt 0.265958 0.227710
vt 0.256632 0.241240
vt 0.254290 0.251243
vt 0.253676 0.263116
vt 0.246249 0.275454
vt 0.252929 0.274708
vt 0.246329 0.286144
vt 0.252203 0.285627
vt 0.246655 0.295668
vt 0.251428 0.293532
vt 0.238833 0.297315
vt 0.238805 0.286900
vt 0.238633 0.277020
vt 0.271123 0.223841
vt 0.275994 0.222825
vt 0.271719 0.228068
vt 0.275021 0.226928
vt 0.268158 0.230774
vt 0.264597 0.235807
vt 0.262041 0.243154
vt 0.260367 0.252138
vt 0.260093 0.263145
vt 0.259019 0.274816
vt 0.257125 0.286468
vt 0.281526 0.227175
vt 0.277814 0.229657
vt 0.283594 0.234248
vt 0.287863 0.232455
vt 0.285387 0.241590
vt 0.289552 0.239988
vt 0.285013 0.248469
vt 0.289391 0.248726
vt 0.284041 0.255700
vt 0.287682 0.256069
vt 0.276739 0.262633
vt 0.281684 0.263545
vt 0.279889 0.269731
vt 0.285549 0.268996
vt 0.282700 0.274236
vt 0.286148 0.274520
vt 0.280205 0.281845
vt 0.284970 0.284100
vt 0.274951 0.294251
vt 0.278428 0.296048
vt 0.268695 0.305869
vt 0.271218 0.306724
vt 0.261962 0.318462
vt 0.263860 0.319907
vt 0.256614 0.326141
vt 0.259034 0.328313
vt 0.253220 0.335070
vt 0.255061 0.336868
vt 0.251646 0.338689
vt 0.253954 0.340249
vt 0.279250 0.235820
vt 0.280346 0.242355
vt 0.279355 0.249989
vt 0.279269 0.255585
vt 0.274031 0.260585
vt 0.274369 0.270276
vt 0.278131 0.274886
vt 0.273154 0.281193
vt 0.269032 0.291711
vt 0.264456 0.303260
vt 0.259420 0.312516
vt 0.255515 0.319280
vt 0.249726 0.329707
vt 0.248513 0.334909
vt 0.254261 0.296031
vt 0.229210 0.280926
vt 0.230452 0.289712
vt 0.232876 0.299825
vt 0.379721 0.278214
vt 0.374241 0.277490
vt 0.373300 0.288334
vt 0.377315 0.288224
vt 0.381797 0.269709
vt 0.375256 0.270164
vt 0.236167 0.309256
vt 0.240601 0.307256
vt 0.371467 0.297496
vt 0.375457 0.298011
vt 0.238390 0.318148
vt 0.241418 0.317035
vt 0.369023 0.305923
vt 0.373354 0.306947
vt 0.367831 0.313863
vt 0.371053 0.314671
vt 0.365649 0.321494
vt 0.368842 0.321871
vt 0.240166 0.325999
vt 0.242967 0.325794
vt 0.241633 0.333352
vt 0.244837 0.332877
vt 0.249819 0.342483
vt 0.252134 0.343368
vt 0.247949 0.338709
vt 0.242738 0.338143
vt 0.245047 0.337665
vt 0.245705 0.342681
vt 0.246940 0.343136
vt 0.244455 0.343317
vt 0.248302 0.343594
vt 0.249901 0.345542
vt 0.363032 0.329266
vt 0.364662 0.331166
vt 0.367615 0.326670
vt 0.364696 0.326168
vt 0.362418 0.326099
vt 0.360353 0.326051
vt 0.361153 0.330094
vt 0.362063 0.329675
vt 0.362521 0.332534
vt 0.364018 0.332392
vt 0.361251 0.332031
vt 0.361854 0.332253
vt 0.359386 0.332572
vt 0.360406 0.333203
vt 0.248753 0.345776
vt 0.247764 0.344470
vt 0.246984 0.344087
vt 0.246229 0.343963
vt 0.245670 0.344244
vt 0.246422 0.345728
vt 0.249339 0.304460
vt 0.248547 0.314804
vt 0.252856 0.316485
vt 0.255294 0.308297
vt 0.259291 0.299121
vt 0.262848 0.288500
vt 0.266388 0.275997
vt 0.267344 0.263253
vt 0.266870 0.252916
vt 0.272493 0.251869
vt 0.273505 0.231825
vt 0.270493 0.233142
vt 0.267170 0.244039
vt 0.268466 0.237313
vt 0.273542 0.237020
vt 0.272816 0.243647
vt 0.251961 0.323432
vt 0.248726 0.321202
vt 0.363338 0.320635
vt 0.361233 0.319891
vt 0.365140 0.313239
vt 0.362639 0.312652
vt 0.365915 0.305186
vt 0.363014 0.304491
vt 0.366680 0.296272
vt 0.362525 0.295155
vt 0.367506 0.286732
vt 0.362432 0.285235
vt 0.367440 0.276243
vt 0.361353 0.275097
vt 0.367813 0.268132
vt 0.361085 0.266237
vt 0.322355 0.232247
vt 0.321530 0.224807
vt 0.323710 0.240473
vt 0.334338 0.245030
vt 0.326301 0.247378
vt 0.345127 0.251359
vt 0.336020 0.250645
vt 0.332298 0.256525
vt 0.346574 0.261297
vt 0.327442 0.259426
vt 0.330153 0.268336
vt 0.335895 0.267097
vt 0.348336 0.271222
vt 0.340820 0.279895
vt 0.350656 0.282163
vt 0.334833 0.281141
vt 0.345064 0.292410
vt 0.353464 0.293347
vt 0.341064 0.292510
vt 0.346408 0.306729
vt 0.349854 0.304247
vt 0.355737 0.303549
vt 0.350794 0.315485
vt 0.353082 0.313673
vt 0.357140 0.312179
vt 0.355313 0.327677
vt 0.357519 0.323925
vt 0.355619 0.320890
vt 0.353642 0.324602
vt 0.356973 0.330812
vt 0.358943 0.320708
vt 0.358139 0.318426
vt 0.821502 0.303755
vt 0.822501 0.312680
vt 0.821247 0.289800
vt 0.821317 0.284688
vt 0.846293 0.317657
vt 0.841159 0.317484
vt 0.843665 0.307475
vt 0.848824 0.309059
vt 0.837065 0.317267
vt 0.839213 0.306414
vt 0.833611 0.316302
vt 0.830705 0.315258
vt 0.831769 0.304586
vt 0.834957 0.304751
vt 0.854257 0.311788
vt 0.860950 0.315321
vt 0.857528 0.324499
vt 0.852101 0.320807
vt 0.875341 0.329947
vt 0.866836 0.334688
vt 0.546752 0.307344
vt 0.553740 0.314597
vt 0.538801 0.329077
vt 0.529220 0.323660
vt 0.560746 0.298746
vt 0.565760 0.307749
vt 0.573622 0.306518
vt 0.571745 0.297693
vt 0.561464 0.286072
vt 0.572332 0.285485
vt 0.561149 0.275706
vt 0.559696 0.266444
vt 0.570784 0.266057
vt 0.571938 0.275007
vt 0.557582 0.245988
vt 0.569516 0.245482
vt 0.569997 0.256857
vt 0.558532 0.256854
vt 0.569093 0.233223
vt 0.556169 0.233602
vt 0.551530 0.293354
vt 0.550296 0.284629
vt 0.540601 0.297403
vt 0.515465 0.303826
vt 0.526870 0.302655
vt 0.514415 0.321221
vt 0.512418 0.289851
vt 0.522939 0.288177
vt 0.509882 0.280329
vt 0.507599 0.272170
vt 0.519462 0.270468
vt 0.521184 0.278532
vt 0.501831 0.255965
vt 0.513857 0.253260
vt 0.517209 0.262460
vt 0.505053 0.264640
vt 0.508880 0.240991
vt 0.497052 0.245573
vt 0.500278 0.226791
vt 0.489685 0.235539
vt 0.479788 0.229749
vt 0.484048 0.221940
vt 0.904302 0.235242
vt 0.896194 0.229929
vt 0.905115 0.226633
vt 0.909037 0.232803
vt 0.895704 0.253517
vt 0.886355 0.253702
vt 0.888220 0.247706
vt 0.897941 0.248114
vt 0.884593 0.261705
vt 0.894030 0.262162
vt 0.881231 0.278384
vt 0.882800 0.270603
vt 0.892573 0.271714
vt 0.891227 0.279384
vt 0.876711 0.305682
vt 0.888859 0.306636
vt 0.888281 0.314822
vt 0.875352 0.315226
vt 0.889202 0.300242
vt 0.877671 0.299331
vt 0.864297 0.308980
vt 0.866128 0.301927
vt 0.094216 0.617730
vt 0.085609 0.612448
vt 0.089567 0.601839
vt 0.096601 0.606530
vt 0.119942 0.604590
vt 0.123934 0.615085
vt 0.105778 0.621858
vt 0.105950 0.609795
vt 0.129133 0.595023
vt 0.135467 0.604330
vt 0.135551 0.586823
vt 0.140346 0.580363
vt 0.147344 0.589251
vt 0.142214 0.596253
vt 0.149556 0.567104
vt 0.155975 0.574900
vt 0.151461 0.582558
vt 0.144577 0.574247
vt 0.161473 0.565574
vt 0.155507 0.558707
vt 0.172445 0.545854
vt 0.167670 0.555704
vt 0.162146 0.549203
vt 0.168257 0.541231
vt 0.031931 0.548424
vt 0.029760 0.553161
vt 0.024580 0.549997
vt 0.025561 0.545775
vt 0.042625 0.557032
vt 0.046100 0.560577
vt 0.043974 0.569513
vt 0.040884 0.564192
vt 0.049751 0.576553
vt 0.054014 0.568741
vt 0.079393 0.607849
vt 0.084541 0.597856
vt 0.056441 0.584260
vt 0.061355 0.576269
vt 0.067401 0.582427
vt 0.061953 0.590778
vt 0.537159 0.286518
vt 0.548881 0.275923
vt 0.547395 0.267163
vt 0.533346 0.268605
vt 0.535034 0.277235
vt 0.545912 0.258004
vt 0.543855 0.247275
vt 0.531657 0.259952
vt 0.528838 0.249440
vt 0.525334 0.236932
vt 0.541405 0.234875
vt 0.483801 0.210663
vt 0.499040 0.210959
vt 0.519190 0.208668
vt 0.521572 0.223111
vt 0.498020 0.195196
vt 0.481889 0.196734
vt 0.893291 0.217062
vt 0.902375 0.215938
vt 0.891149 0.201869
vt 0.899579 0.201917
vt 0.480559 0.178724
vt 0.497079 0.178125
vt 0.890028 0.185130
vt 0.898113 0.185887
vt 0.478686 0.160184
vt 0.495052 0.159961
vt 0.493131 0.140058
vt 0.476153 0.140573
vt 0.473197 0.120554
vt 0.490975 0.118634
vt 0.470762 0.101476
vt 0.486254 0.098515
vt 0.889876 0.167704
vt 0.898303 0.169264
vt 0.900241 0.152529
vt 0.891387 0.150868
vt 0.894294 0.133975
vt 0.903234 0.135875
vt 0.900130 0.116583
vt 0.908517 0.119445
vt 0.880256 0.226188
vt 0.879376 0.214275
vt 0.876434 0.252730
vt 0.877745 0.246529
vt 0.867496 0.296255
vt 0.871588 0.276655
vt 0.873175 0.269179
vt 0.874976 0.260724
vt 0.856752 0.305387
vt 0.858433 0.298976
vt 0.851779 0.296436
vt 0.850397 0.302411
vt 0.844736 0.300513
vt 0.845735 0.294336
vt 0.839744 0.298955
vt 0.840440 0.292662
vt 0.832363 0.290753
vt 0.835911 0.291063
vt 0.835239 0.297030
vt 0.832048 0.297045
vt 0.832762 0.285718
vt 0.836510 0.286278
vt 0.846659 0.289112
vt 0.841176 0.287502
vt 0.852863 0.291065
vt 0.859776 0.293488
vt 0.834027 0.268626
vt 0.834532 0.261902
vt 0.838907 0.262713
vt 0.838164 0.269470
vt 0.843987 0.263668
vt 0.849674 0.265287
vt 0.848795 0.271758
vt 0.842983 0.270477
vt 0.856531 0.266684
vt 0.855243 0.273402
vt 0.862750 0.274839
vt 0.864445 0.267793
vt 0.867453 0.251823
vt 0.866143 0.259605
vt 0.851107 0.257176
vt 0.852141 0.249197
vt 0.859379 0.250734
vt 0.858258 0.258559
vt 0.845758 0.248075
vt 0.845140 0.255906
vt 0.835599 0.246599
vt 0.840218 0.247268
vt 0.839732 0.254934
vt 0.835143 0.254139
vt 0.517724 0.193902
vt 0.555398 0.206635
vt 0.555291 0.220275
vt 0.539649 0.221494
vt 0.538163 0.207658
vt 0.569269 0.219601
vt 0.569814 0.206048
vt 0.516547 0.177729
vt 0.554286 0.192388
vt 0.537029 0.192958
vt 0.536740 0.177111
vt 0.554287 0.176534
vt 0.569184 0.192319
vt 0.568922 0.176550
vt 0.555304 0.159848
vt 0.570193 0.159739
vt 0.556964 0.142271
vt 0.570945 0.141934
vt 0.559819 0.124812
vt 0.571828 0.125685
vt 0.536347 0.159991
vt 0.514681 0.160003
vt 0.513708 0.139809
vt 0.537974 0.141786
vt 0.514789 0.114022
vt 0.540072 0.122432
vt 0.909681 0.101217
vt 0.915239 0.104652
vt 0.481994 0.081891
vt 0.468736 0.084916
vt 0.897877 0.108359
vt 0.905596 0.097015
vt 0.498544 0.077082
vt 0.504525 0.092343
vt 0.515693 0.070506
vt 0.520635 0.081350
vt 0.542186 0.055257
vt 0.545728 0.064525
vt 0.532820 0.073290
vt 0.529203 0.063044
vt 0.558680 0.043723
vt 0.563200 0.050173
vt 0.569300 0.027685
vt 0.572455 0.029663
vt 0.567902 0.007440
vt 0.576754 0.002814
vt 0.574033 0.015778
vt 0.568740 0.017286
vt 0.835121 0.009505
vt 0.843690 0.003670
vt 0.843909 0.022433
vt 0.834535 0.026482
vt 0.579367 0.003304
vt 0.577105 0.014882
vt 0.574277 0.044804
vt 0.575659 0.027292
vt 0.574012 0.065085
vt 0.564131 0.069644
vt 0.830365 0.027028
vt 0.832565 0.009112
vt 0.871054 0.080297
vt 0.876669 0.071404
vt 0.884290 0.078493
vt 0.878520 0.088130
vt 0.869274 0.064645
vt 0.864235 0.072925
vt 0.856963 0.053034
vt 0.862450 0.058258
vt 0.857763 0.066499
vt 0.852015 0.062009
vt 0.832139 0.037020
vt 0.843158 0.030273
vt 0.826620 0.037811
vt 0.825905 0.065733
vt 0.820845 0.069333
vt 0.822856 0.047872
vt 0.830207 0.046107
vt 0.852267 0.076829
vt 0.847279 0.072428
vt 0.826183 0.080609
vt 0.820792 0.084800
vt 0.863784 0.089420
vt 0.857767 0.082466
vt 0.846579 0.086434
vt 0.842308 0.083466
vt 0.871004 0.096412
vt 0.891124 0.120890
vt 0.888315 0.115396
vt 0.883546 0.132584
vt 0.879315 0.122594
vt 0.863531 0.103136
vt 0.855643 0.097597
vt 0.850979 0.090936
vt 0.881237 0.148682
vt 0.878908 0.163647
vt 0.878508 0.180939
vt 0.879165 0.198956
vt 0.871920 0.196085
vt 0.871898 0.178354
vt 0.856883 0.175012
vt 0.864729 0.176713
vt 0.864462 0.192492
vt 0.856584 0.189563
vt 0.838054 0.170464
vt 0.843356 0.171539
vt 0.843172 0.185481
vt 0.837921 0.184427
vt 0.849546 0.172999
vt 0.849277 0.187087
vt 0.821624 0.243824
vt 0.821774 0.236681
vt 0.836078 0.239701
vt 0.840823 0.240682
vt 0.852950 0.242752
vt 0.846220 0.241636
vt 0.860425 0.244189
vt 0.868484 0.245329
vt 0.842103 0.213251
vt 0.837133 0.211774
vt 0.837506 0.198666
vt 0.842724 0.199880
vt 0.848800 0.201690
vt 0.856060 0.203978
vt 0.855392 0.216797
vt 0.847862 0.215275
vt 0.863842 0.207030
vt 0.863244 0.219391
vt 0.871464 0.223039
vt 0.871671 0.211278
vt 0.822825 0.196095
vt 0.822718 0.180745
vt 0.872046 0.162715
vt 0.864839 0.162107
vt 0.856881 0.161775
vt 0.872745 0.149442
vt 0.865276 0.149809
vt 0.856931 0.149895
vt 0.872533 0.137301
vt 0.870584 0.127566
vt 0.864189 0.139487
vt 0.856425 0.139770
vt 0.849130 0.149043
vt 0.848441 0.139779
vt 0.841704 0.139205
vt 0.842707 0.148473
vt 0.837376 0.147664
vt 0.836602 0.138548
vt 0.862661 0.130439
vt 0.855129 0.131713
vt 0.847729 0.132115
vt 0.836078 0.131195
vt 0.841366 0.131836
vt 0.823237 0.134130
vt 0.823062 0.143055
vt 0.822606 0.127556
vt 0.835365 0.110190
vt 0.836230 0.103486
vt 0.840418 0.104896
vt 0.839888 0.111207
vt 0.844784 0.111855
vt 0.844626 0.106014
vt 0.848943 0.106643
vt 0.849975 0.111764
vt 0.852687 0.106702
vt 0.854919 0.110606
vt 0.854166 0.103174
vt 0.859002 0.107559
vt 0.849493 0.160281
vt 0.837847 0.158188
vt 0.843054 0.158854
vt 0.822948 0.153382
vt 0.828120 0.088254
vt 0.825405 0.091121
vt 0.850392 0.098701
vt 0.849415 0.102349
vt 0.843437 0.093016
vt 0.839395 0.090646
vt 0.847304 0.095929
vt 0.845491 0.100802
vt 0.841527 0.098947
vt 0.837498 0.097054
vt 0.549709 0.078246
vt 0.538234 0.085861
vt 0.529073 0.096008
vt 0.546346 0.105073
vt 0.563588 0.107909
vt 0.557601 0.088219
vt 0.553002 0.094725
vt 0.572887 0.107000
vt 0.568721 0.087074
vt 0.567097 0.096304
vt 0.575145 0.087630
vt 0.574363 0.096423
vt 0.104607 0.592913
vt 0.115141 0.588587
vt 0.090888 0.586846
vt 0.096770 0.590374
vt 0.123507 0.581458
vt 0.129981 0.574978
vt 0.134892 0.569651
vt 0.086431 0.584169
vt 0.064417 0.567407
vt 0.070586 0.572133
vt 0.047809 0.554818
vt 0.056389 0.561296
vt 0.044117 0.552274
vt 0.032555 0.544469
vt 0.026100 0.542033
vt 0.159744 0.543218
vt 0.166799 0.536502
vt 0.144405 0.559207
vt 0.151682 0.552107
vt 0.139068 0.564970
vt 0.101814 0.570224
vt 0.110372 0.568332
vt 0.091728 0.569021
vt 0.096068 0.570171
vt 0.087581 0.567382
vt 0.065787 0.556461
vt 0.071814 0.559394
vt 0.048949 0.548557
vt 0.057382 0.552599
vt 0.118866 0.564598
vt 0.125374 0.560783
vt 0.130275 0.557266
vt 0.140319 0.549653
vt 0.134990 0.553649
vt 0.148657 0.544037
vt 0.158016 0.536725
vt 0.165122 0.531584
vt 0.026851 0.536739
vt 0.032669 0.539137
vt 0.044719 0.546609
vt 0.100759 0.550876
vt 0.108195 0.549610
vt 0.115956 0.547468
vt 0.091145 0.550699
vt 0.095476 0.551111
vt 0.087431 0.549913
vt 0.066855 0.543958
vt 0.072186 0.545105
vt 0.122342 0.545251
vt 0.127422 0.542945
vt 0.137972 0.537721
vt 0.132391 0.540369
vt 0.146442 0.534242
vt 0.156027 0.528706
vt 0.163265 0.524404
vt 0.033333 0.531299
vt 0.027838 0.528890
vt 0.050554 0.539494
vt 0.046574 0.538264
vt 0.058463 0.541839
vt 0.091202 0.532747
vt 0.095497 0.532670
vt 0.100911 0.532153
vt 0.107684 0.531246
vt 0.114476 0.529931
vt 0.120556 0.528595
vt 0.125814 0.526751
vt 0.087783 0.532187
vt 0.068026 0.529057
vt 0.073260 0.529385
vt 0.052053 0.526643
vt 0.059864 0.528018
vt 0.048114 0.526485
vt 0.034300 0.520537
vt 0.029130 0.518365
vt 0.154149 0.517355
vt 0.161840 0.513631
vt 0.136330 0.523511
vt 0.144052 0.522420
vt 0.130719 0.525228
vt 0.107375 0.512365
vt 0.113326 0.511560
vt 0.101636 0.512954
vt 0.092055 0.513739
vt 0.096013 0.513705
vt 0.088406 0.513426
vt 0.068789 0.511399
vt 0.074145 0.511868
vt 0.053938 0.510023
vt 0.061598 0.510880
vt 0.050138 0.509731
vt 0.030423 0.502174
vt 0.035424 0.504121
vt 0.153008 0.502294
vt 0.161234 0.499915
vt 0.134639 0.507074
vt 0.142770 0.505345
vt 0.129041 0.508355
vt 0.100545 0.493230
vt 0.105903 0.492879
vt 0.091136 0.493976
vt 0.095462 0.493694
vt 0.087648 0.493932
vt 0.111221 0.492525
vt 0.103315 0.473036
vt 0.108356 0.472994
vt 0.098122 0.473072
vt 0.088592 0.473410
vt 0.093036 0.473282
vt 0.085256 0.473551
vt 0.101130 0.453887
vt 0.106261 0.453615
vt 0.095821 0.453890
vt 0.086638 0.453817
vt 0.090431 0.453346
vt 0.083006 0.453666
vt 0.126842 0.490246
vt 0.132738 0.488866
vt 0.124284 0.471097
vt 0.130209 0.469923
vt 0.111517 0.452921
vt 0.116738 0.452010
vt 0.119235 0.471909
vt 0.114051 0.472461
vt 0.122234 0.451289
vt 0.128532 0.450173
vt 0.140861 0.487467
vt 0.151262 0.484956
vt 0.159209 0.482519
vt 0.138698 0.468116
vt 0.149043 0.465243
vt 0.156882 0.462980
vt 0.136246 0.448081
vt 0.145297 0.444257
vt 0.152699 0.442736
vt 0.042413 0.465578
vt 0.037221 0.464303
vt 0.040060 0.444764
vt 0.044695 0.445889
vt 0.038518 0.485068
vt 0.033333 0.483697
vt 0.054995 0.449092
vt 0.058607 0.450357
vt 0.057277 0.470459
vt 0.053720 0.469214
vt 0.055651 0.490847
vt 0.052273 0.489866
vt 0.062498 0.491819
vt 0.069270 0.492480
vt 0.074148 0.492861
vt 0.073140 0.473084
vt 0.068695 0.472577
vt 0.067998 0.452285
vt 0.071924 0.452900
vt 0.062791 0.471689
vt 0.063167 0.451396
vt 0.120133 0.433345
vt 0.126531 0.432323
vt 0.099050 0.436187
vt 0.104097 0.435697
vt 0.093858 0.435935
vt 0.060264 0.432745
vt 0.064094 0.433097
vt 0.056857 0.431348
vt 0.042728 0.427483
vt 0.046838 0.428683
vt 0.140705 0.426620
vt 0.147432 0.424257
vt 0.133263 0.429635
vt 0.068154 0.434507
vt 0.071849 0.434953
vt 0.082109 0.435765
vt 0.085450 0.435736
vt 0.089283 0.435785
vt 0.107149 0.419419
vt 0.112341 0.418591
vt 0.114649 0.434408
vt 0.109304 0.435049
vt 0.097032 0.419924
vt 0.101988 0.419725
vt 0.117865 0.417851
vt 0.123928 0.416661
vt 0.092575 0.420322
vt 0.085200 0.420623
vt 0.088593 0.420427
vt 0.082179 0.420975
vt 0.069291 0.419574
vt 0.072739 0.420430
vt 0.062299 0.417481
vt 0.065730 0.418566
vt 0.059146 0.416192
vt 0.045742 0.412363
vt 0.049449 0.413673
vt 0.136147 0.412228
vt 0.141751 0.409468
vt 0.130095 0.414856
vt 0.103525 0.393792
vt 0.107886 0.393072
vt 0.110022 0.404904
vt 0.105089 0.405417
vt 0.095810 0.406378
vt 0.094818 0.394481
vt 0.099145 0.394310
vt 0.100371 0.405991
vt 0.112662 0.392871
vt 0.117763 0.392670
vt 0.120910 0.403783
vt 0.115352 0.404582
vt 0.126353 0.402268
vt 0.122567 0.391569
vt 0.131394 0.399886
vt 0.127051 0.389588
vt 0.131065 0.388272
vt 0.136137 0.397583
vt 0.051390 0.389335
vt 0.054662 0.390052
vt 0.052224 0.400930
vt 0.048641 0.400168
vt 0.063665 0.392137
vt 0.066532 0.392921
vt 0.064603 0.404446
vt 0.061579 0.403447
vt 0.069504 0.393725
vt 0.067753 0.405284
vt 0.070937 0.406252
vt 0.072455 0.394652
vt 0.075337 0.395340
vt 0.074021 0.407138
vt 0.082756 0.395740
vt 0.084951 0.395588
vt 0.085122 0.407612
vt 0.082397 0.407717
vt 0.087675 0.395407
vt 0.088058 0.406987
vt 0.090968 0.395074
vt 0.091645 0.406771
vt 0.110436 0.383699
vt 0.115069 0.383593
vt 0.098404 0.385268
vt 0.094329 0.385417
vt 0.090756 0.386160
vt 0.120155 0.383130
vt 0.124623 0.381554
vt 0.128468 0.380058
vt 0.056537 0.380951
vt 0.053582 0.380067
vt 0.067682 0.383493
vt 0.064925 0.382806
vt 0.070653 0.384079
vt 0.073612 0.384715
vt 0.076373 0.385199
vt 0.085086 0.385947
vt 0.087702 0.386354
vt 0.083159 0.385622
vt 0.342594 0.146091
vt 0.346472 0.148726
vt 0.350901 0.142649
vt 0.347487 0.140537
vt 0.333453 0.132786
vt 0.335393 0.136463
vt 0.342159 0.132079
vt 0.340544 0.128917
vt 0.339971 0.125593
vt 0.332538 0.128828
vt 0.330590 0.121628
vt 0.331669 0.125085
vt 0.339301 0.122725
vt 0.338497 0.120227
vt 0.330006 0.118963
vt 0.338067 0.118261
vt 0.404563 0.040015
vt 0.408039 0.041405
vt 0.410813 0.033522
vt 0.408130 0.032697
vt 0.402852 0.030458
vt 0.397940 0.037249
vt 0.401195 0.038694
vt 0.405368 0.031677
vt 0.395452 0.036001
vt 0.400544 0.029403
vt 0.388843 0.031064
vt 0.394357 0.025310
vt 0.392213 0.023590
vt 0.386219 0.028534
vt 0.358811 0.153006
vt 0.364784 0.153264
vt 0.364464 0.145990
vt 0.360091 0.145840
vt 0.355466 0.144371
vt 0.352071 0.151233
vt 0.329397 0.140702
vt 0.327471 0.136494
vt 0.331717 0.144767
vt 0.334518 0.148521
vt 0.339438 0.143270
vt 0.337239 0.140065
vt 0.338308 0.151681
vt 0.343134 0.154756
vt 0.349149 0.157612
vt 0.460762 0.102583
vt 0.459230 0.085885
vt 0.462293 0.121385
vt 0.464462 0.141006
vt 0.468432 0.160487
vt 0.471560 0.178795
vt 0.473331 0.195632
vt 0.473766 0.209602
vt 0.473460 0.220044
vt 0.471560 0.227125
vt 0.013791 0.543434
vt 0.012792 0.548720
vt 0.004115 0.549987
vt 0.005688 0.543713
vt 0.015026 0.539347
vt 0.007548 0.539154
vt 0.015462 0.534222
vt 0.008449 0.534093
vt 0.016340 0.526408
vt 0.009413 0.526685
vt 0.017885 0.515027
vt 0.011243 0.515461
vt 0.020060 0.500133
vt 0.014080 0.500684
vt 0.016676 0.481464
vt 0.023195 0.481926
vt 0.020020 0.461190
vt 0.026869 0.462039
vt 0.023237 0.440848
vt 0.029877 0.442192
vt 0.027411 0.422503
vt 0.033106 0.424747
vt 0.031831 0.407645
vt 0.036926 0.409716
vt 0.036578 0.395569
vt 0.040992 0.397342
vt 0.041263 0.386043
vt 0.044865 0.387349
vt 0.047349 0.378628
vt 0.043845 0.377817
vt 0.380278 0.017671
vt 0.382108 0.022644
vt 0.388650 0.018715
vt 0.387163 0.015249
vt 0.356698 0.160211
vt 0.363868 0.161114
vt 0.375496 0.025473
vt 0.372739 0.019795
vt 0.390350 0.021845
vt 0.384094 0.025794
vt 0.048249 0.388380
vt 0.050905 0.379203
vt 0.044833 0.399089
vt 0.041590 0.411225
vt 0.038247 0.426188
vt 0.035225 0.443689
vt 0.032332 0.463229
vt 0.028577 0.482751
vt 0.025468 0.500817
vt 0.023623 0.515899
vt 0.022257 0.527097
vt 0.021329 0.535237
vt 0.020813 0.540461
vt 0.020205 0.544066
vt 0.019164 0.548171
vt 0.911874 0.225756
vt 0.919001 0.223081
vt 0.920640 0.229694
vt 0.914639 0.231693
vt 0.916695 0.213786
vt 0.909372 0.214920
vt 0.914136 0.201406
vt 0.907030 0.201821
vt 0.912475 0.186466
vt 0.905271 0.186227
vt 0.912930 0.170937
vt 0.905215 0.170039
vt 0.907059 0.153723
vt 0.914621 0.155125
vt 0.910373 0.137716
vt 0.917998 0.139647
vt 0.914912 0.122133
vt 0.922017 0.124500
vt 0.920761 0.106874
vt 0.926659 0.109882
vt 0.377935 0.029343
vt 0.383264 0.035767
vt 0.380516 0.032647
vt 0.393847 0.043609
vt 0.390989 0.042010
vt 0.397521 0.045344
vt 0.401305 0.046825
vt 0.405034 0.048163
vt 0.323517 0.123245
vt 0.322907 0.120122
vt 0.325968 0.131952
vt 0.324673 0.127495
vt 0.821295 0.296375
vt 0.888082 0.324955
vt 0.414744 0.043579
vt 0.411032 0.042601
vt 0.408512 0.049355
vt 0.412532 0.050570
vt 0.415693 0.034816
vt 0.413235 0.034473
vt 0.080546 0.395644
vt 0.078019 0.395698
vt 0.078929 0.385273
vt 0.081292 0.385530
vt 0.079773 0.408010
vt 0.076973 0.407826
vt 0.079193 0.421201
vt 0.076054 0.420926
vt 0.078841 0.435803
vt 0.075396 0.435836
vt 0.079527 0.453575
vt 0.075621 0.453250
vt 0.081601 0.473557
vt 0.077183 0.473360
vt 0.083602 0.493788
vt 0.078552 0.493242
vt 0.084092 0.513003
vt 0.079064 0.512258
vt 0.083582 0.531274
vt 0.078193 0.530190
vt 0.083229 0.548627
vt 0.077353 0.546715
vt 0.082503 0.564785
vt 0.076848 0.561841
vt 0.075489 0.575786
vt 0.081198 0.580154
vt 0.079132 0.593423
vt 0.072707 0.587527
vt 0.073390 0.602596
vt 0.067295 0.596637
vt 0.879949 0.285262
vt 0.890228 0.286240
vt 0.889629 0.293469
vt 0.878948 0.292513
vt 0.869182 0.290216
vt 0.870363 0.283508
vt 0.860796 0.287745
vt 0.861857 0.281217
vt 0.854581 0.279361
vt 0.853724 0.285614
vt 0.847334 0.283737
vt 0.848056 0.277765
vt 0.842341 0.276359
vt 0.841651 0.282318
vt 0.833598 0.274603
vt 0.837566 0.275303
vt 0.836903 0.281375
vt 0.832998 0.280637
vt 0.821610 0.274042
vt 0.821399 0.279603
vt 0.821582 0.251326
vt 0.821657 0.258979
vt 0.391129 0.033050
vt 0.385944 0.038206
vt 0.396311 0.027316
vt 0.057823 0.390782
vt 0.059700 0.381343
vt 0.055471 0.401949
vt 0.052974 0.414427
vt 0.050483 0.429841
vt 0.048522 0.447275
vt 0.046638 0.467005
vt 0.043790 0.486990
vt 0.040783 0.507098
vt 0.039163 0.524496
vt 0.038229 0.534579
vt 0.036537 0.541736
vt 0.036427 0.546927
vt 0.035499 0.550951
vt 0.033974 0.556093
vt 0.893299 0.236850
vt 0.901695 0.239073
vt 0.880268 0.234207
vt 0.870770 0.231995
vt 0.862338 0.229811
vt 0.854686 0.227486
vt 0.847659 0.225877
vt 0.841932 0.224033
vt 0.836893 0.222777
vt 0.822386 0.209107
vt 0.822230 0.220070
vt 0.821972 0.228865
vt 0.841483 0.233159
vt 0.836555 0.231893
vt 0.853837 0.236197
vt 0.847021 0.234810
vt 0.861454 0.237769
vt 0.879190 0.240773
vt 0.869578 0.239510
vt 0.890137 0.242576
vt 0.899351 0.243702
vt 0.039449 0.554362
vt 0.037721 0.560439
vt 0.040744 0.549912
vt 0.041107 0.544426
vt 0.043023 0.536975
vt 0.044293 0.525582
vt 0.046388 0.508974
vt 0.048701 0.488811
vt 0.050263 0.468338
vt 0.051869 0.448443
vt 0.053762 0.430576
vt 0.056130 0.415295
vt 0.058655 0.402524
vt 0.060815 0.391424
vt 0.062356 0.381994
vt 0.393264 0.034691
vt 0.398335 0.028517
vt 0.388465 0.040218
vt 0.343380 0.135300
vt 0.102381 0.384494
vt 0.116752 0.491841
vt 0.119038 0.510636
vt 0.073807 0.150873
vt 0.062400 0.153797
vt 0.059856 0.143659
vt 0.070864 0.139046
vt 0.046525 0.158252
vt 0.043184 0.149188
vt 0.120378 0.142337
vt 0.102987 0.145445
vt 0.099437 0.130861
vt 0.114928 0.127261
vt 0.086353 0.147849
vt 0.083362 0.134680
vt 0.128463 0.134301
vt 0.125861 0.123509
vt 0.136690 0.136810
vt 0.134716 0.122946
vt 0.141278 0.134488
vt 0.140249 0.122226
vt 0.149960 0.124847
vt 0.148361 0.141423
vt 0.144604 0.133089
vt 0.144820 0.122173
vt 0.154818 0.143314
vt 0.155308 0.126388
vt 0.174859 0.136204
vt 0.182073 0.139260
vt 0.180061 0.151618
vt 0.173233 0.149685
vt 0.189133 0.143182
vt 0.186903 0.154763
vt 0.199315 0.159366
vt 0.193347 0.157417
vt 0.195781 0.146633
vt 0.201581 0.149387
vt 0.234131 0.164585
vt 0.231941 0.171271
vt 0.225726 0.169614
vt 0.227908 0.161683
vt 0.249094 0.170371
vt 0.246584 0.174988
vt 0.029101 0.162854
vt 0.024815 0.155564
vt 0.018284 0.164174
vt 0.007858 0.166149
vt 0.006495 0.161121
vt 0.016378 0.158032
vt 0.057799 0.135514
vt 0.068358 0.129287
vt 0.042675 0.144330
vt 0.024320 0.151180
vt 0.005104 0.158058
vt 0.014361 0.154431
vt 0.250237 0.167211
vt 0.234754 0.157851
vt 0.228670 0.153395
vt 0.197816 0.137945
vt 0.203228 0.141427
vt 0.184569 0.129027
vt 0.191457 0.133625
vt 0.177130 0.124192
vt 0.150828 0.109184
vt 0.155378 0.111868
vt 0.144849 0.107932
vt 0.132791 0.108354
vt 0.139282 0.108229
vt 0.123477 0.109457
vt 0.110688 0.112581
vt 0.095209 0.117532
vt 0.079681 0.123158
vt 0.132318 0.145655
vt 0.144867 0.143762
vt 0.141233 0.145663
vt 0.136224 0.158025
vt 0.121257 0.159968
vt 0.142527 0.159229
vt 0.105388 0.161886
vt 0.090025 0.163982
vt 0.065832 0.167174
vt 0.076774 0.165273
vt 0.034176 0.175095
vt 0.049996 0.170872
vt 0.190849 0.170715
vt 0.196676 0.171668
vt 0.228128 0.182552
vt 0.221958 0.180699
vt 0.241250 0.186834
vt 0.022073 0.177039
vt 0.011572 0.178565
vt 0.154635 0.161336
vt 0.147695 0.160218
vt 0.178244 0.166489
vt 0.171839 0.165036
vt 0.184654 0.168895
vt 0.054117 0.187359
vt 0.038812 0.190837
vt 0.069719 0.183656
vt 0.080041 0.182452
vt 0.154133 0.180220
vt 0.147231 0.179517
vt 0.142139 0.179264
vt 0.135394 0.178818
vt 0.121733 0.179437
vt 0.106855 0.180444
vt 0.092710 0.181409
vt 0.222053 0.196808
vt 0.216391 0.194945
vt 0.193295 0.187310
vt 0.187931 0.186751
vt 0.182122 0.185600
vt 0.176251 0.183909
vt 0.170450 0.182663
vt 0.026335 0.193333
vt 0.015317 0.195913
vt 0.233263 0.202084
vt 0.189052 0.204787
vt 0.184683 0.204182
vt 0.215774 0.212871
vt 0.210468 0.211027
vt 0.226144 0.217065
vt 0.072249 0.201251
vt 0.057497 0.205271
vt 0.043065 0.208100
vt 0.030714 0.210400
vt 0.020355 0.213060
vt 0.108028 0.199081
vt 0.094046 0.198932
vt 0.082211 0.200065
vt 0.136095 0.198432
vt 0.123285 0.198528
vt 0.179439 0.203227
vt 0.173817 0.202079
vt 0.168598 0.201441
vt 0.154222 0.199079
vt 0.146883 0.198618
vt 0.142333 0.198600
vt 0.111579 0.235683
vt 0.102416 0.236772
vt 0.101282 0.226778
vt 0.108290 0.218301
vt 0.092660 0.226201
vt 0.093821 0.214570
vt 0.075072 0.228173
vt 0.073356 0.216818
vt 0.083023 0.214818
vt 0.083593 0.226658
vt 0.066904 0.230821
vt 0.060327 0.223918
vt 0.066558 0.240988
vt 0.058331 0.241697
vt 0.125022 0.216807
vt 0.137015 0.216728
vt 0.046038 0.225564
vt 0.047436 0.242941
vt 0.124508 0.234898
vt 0.067839 0.250593
vt 0.062506 0.258619
vt 0.075334 0.251244
vt 0.074310 0.262386
vt 0.084366 0.262463
vt 0.083939 0.250828
vt 0.101539 0.247225
vt 0.107813 0.253628
vt 0.095138 0.260158
vt 0.093099 0.249470
vt 0.050117 0.260231
vt 0.064004 0.276432
vt 0.075138 0.276814
vt 0.085606 0.276324
vt 0.096258 0.274666
vt 0.108541 0.271859
vt 0.122037 0.252772
vt 0.141883 0.216857
vt 0.153025 0.217315
vt 0.146073 0.216931
vt 0.171254 0.219906
vt 0.166502 0.219146
vt 0.176644 0.220795
vt 0.181597 0.221623
vt 0.185621 0.222187
vt 0.210685 0.228245
vt 0.205547 0.226778
vt 0.220222 0.231422
vt 0.034789 0.227353
vt 0.025565 0.229461
vt 0.037655 0.244330
vt 0.029231 0.245803
vt 0.216601 0.246236
vt 0.207558 0.243851
vt 0.202350 0.242709
vt 0.040057 0.261543
vt 0.031563 0.262848
vt 0.214973 0.262541
vt 0.205903 0.260651
vt 0.214004 0.280306
vt 0.204174 0.278687
vt 0.042228 0.278780
vt 0.033729 0.280237
vt 0.052340 0.277462
vt 0.135429 0.234720
vt 0.140252 0.234777
vt 0.150913 0.235400
vt 0.144387 0.234985
vt 0.168967 0.237407
vt 0.164184 0.236809
vt 0.174566 0.238075
vt 0.172217 0.255473
vt 0.166557 0.254910
vt 0.133054 0.252446
vt 0.137673 0.252429
vt 0.148294 0.252878
vt 0.141643 0.252540
vt 0.161980 0.254235
vt 0.120991 0.270669
vt 0.131060 0.269930
vt 0.135377 0.269812
vt 0.145383 0.269867
vt 0.139071 0.269751
vt 0.169794 0.272464
vt 0.164291 0.271748
vt 0.159682 0.271080
vt 0.183582 0.239433
vt 0.179765 0.238810
vt 0.181693 0.256727
vt 0.177763 0.256130
vt 0.200178 0.259552
vt 0.179646 0.273931
vt 0.175366 0.273270
vt 0.198377 0.277295
vt 0.075157 0.239921
vt 0.092848 0.237800
vt 0.083650 0.238960
vt 0.077121 0.291846
vt 0.066297 0.292675
vt 0.087039 0.291046
vt 0.109199 0.288365
vt 0.097211 0.289896
vt 0.129767 0.286696
vt 0.120625 0.287333
vt 0.133780 0.286547
vt 0.167455 0.289250
vt 0.161906 0.288328
vt 0.157307 0.287636
vt 0.143188 0.286469
vt 0.137206 0.286432
vt 0.177277 0.291083
vt 0.172945 0.290248
vt 0.200963 0.295749
vt 0.196045 0.294672
vt 0.211507 0.298381
vt 0.045224 0.295537
vt 0.036155 0.297387
vt 0.055172 0.293965
vt 0.058179 0.310077
vt 0.068818 0.308323
vt 0.048786 0.312016
vt 0.039970 0.314211
vt 0.206666 0.315773
vt 0.196770 0.312536
vt 0.079458 0.307025
vt 0.088747 0.306143
vt 0.098428 0.305257
vt 0.109836 0.304299
vt 0.120584 0.303546
vt 0.129539 0.303080
vt 0.160012 0.304664
vt 0.155326 0.303927
vt 0.141996 0.302732
vt 0.136497 0.302799
vt 0.133288 0.302942
vt 0.192071 0.311431
vt 0.165203 0.305688
vt 0.174718 0.307685
vt 0.170812 0.306771
vt 0.110753 0.319816
vt 0.099472 0.320658
vt 0.090525 0.321377
vt 0.081550 0.322307
vt 0.092184 0.336509
vt 0.084408 0.337177
vt 0.111413 0.334555
vt 0.100123 0.335916
vt 0.133111 0.318792
vt 0.129508 0.318887
vt 0.121027 0.319254
vt 0.141140 0.318553
vt 0.136197 0.318670
vt 0.132840 0.333406
vt 0.129277 0.333356
vt 0.121292 0.333849
vt 0.153432 0.319947
vt 0.157867 0.320630
vt 0.155718 0.335950
vt 0.151760 0.335296
vt 0.140560 0.333380
vt 0.135902 0.333418
vt 0.160411 0.337329
vt 0.162941 0.321778
vt 0.168537 0.338784
vt 0.165336 0.338035
vt 0.168391 0.322722
vt 0.171799 0.323561
vt 0.185693 0.327117
vt 0.191881 0.328858
vt 0.187274 0.344012
vt 0.181480 0.342167
vt 0.201227 0.332186
vt 0.196187 0.347692
vt 0.045305 0.330305
vt 0.053090 0.327856
vt 0.058208 0.342616
vt 0.051677 0.345278
vt 0.074609 0.338569
vt 0.065683 0.340330
vt 0.061687 0.325624
vt 0.071440 0.323719
vt 0.078651 0.352497
vt 0.069620 0.353892
vt 0.088337 0.351110
vt 0.093876 0.350471
vt 0.121361 0.346402
vt 0.111680 0.347432
vt 0.100286 0.349029
vt 0.129495 0.346421
vt 0.132674 0.346288
vt 0.158665 0.350801
vt 0.154193 0.349944
vt 0.150676 0.349103
vt 0.140367 0.346949
vt 0.135400 0.346156
vt 0.165979 0.352159
vt 0.162994 0.351565
vt 0.182689 0.357242
vt 0.177698 0.355260
vt 0.190592 0.360439
vt 0.063519 0.355765
vt 0.057340 0.358015
vt 0.159848 0.087122
vt 0.159503 0.078201
vt 0.163527 0.078227
vt 0.164234 0.086225
vt 0.171275 0.084918
vt 0.168501 0.085543
vt 0.167401 0.077652
vt 0.170102 0.077875
vt 0.187392 0.084178
vt 0.182363 0.084073
vt 0.180915 0.077618
vt 0.185999 0.077601
vt 0.161883 0.361956
vt 0.164517 0.362756
vt 0.178894 0.367432
vt 0.174569 0.365584
vt 0.202147 0.083324
vt 0.196170 0.084058
vt 0.194471 0.077251
vt 0.200112 0.077356
vt 0.068037 0.366377
vt 0.062863 0.367854
vt 0.186055 0.370737
vt 0.207403 0.082569
vt 0.204790 0.076713
vt 0.213236 0.071536
vt 0.216930 0.074154
vt 0.081560 0.360125
vt 0.072445 0.364804
vt 0.217647 0.064501
vt 0.221122 0.066035
vt 0.221626 0.060613
vt 0.218029 0.060421
vt 0.090100 0.357449
vt 0.094604 0.356526
vt 0.220063 0.054594
vt 0.216332 0.055895
vt 0.209270 0.048717
vt 0.213309 0.044492
vt 0.100037 0.355508
vt 0.111036 0.355431
vt 0.121210 0.355998
vt 0.200350 0.045595
vt 0.202543 0.038992
vt 0.157854 0.361880
vt 0.153661 0.361350
vt 0.129322 0.356570
vt 0.132792 0.357080
vt 0.140493 0.358490
vt 0.135764 0.357501
vt 0.150421 0.360652
vt 0.192997 0.043750
vt 0.194330 0.035567
vt 0.189797 0.042893
vt 0.190821 0.034167
vt 0.187845 0.032923
vt 0.187023 0.042204
vt 0.182633 0.040808
vt 0.183671 0.031438
vt 0.173361 0.037923
vt 0.170329 0.037070
vt 0.170979 0.028353
vt 0.173952 0.028353
vt 0.226023 0.067316
vt 0.232051 0.068543
vt 0.228414 0.077635
vt 0.222009 0.075722
vt 0.226656 0.061097
vt 0.232652 0.061843
vt 0.229017 0.047776
vt 0.231639 0.055226
vt 0.225065 0.054825
vt 0.221244 0.047164
vt 0.197983 0.095477
vt 0.199715 0.102408
vt 0.189548 0.106107
vt 0.189045 0.099586
vt 0.169053 0.095248
vt 0.171744 0.094729
vt 0.170863 0.108266
vt 0.170051 0.103858
vt 0.172508 0.103406
vt 0.173292 0.109055
vt 0.161719 0.099434
vt 0.165552 0.097165
vt 0.165841 0.112886
vt 0.163855 0.107229
vt 0.167126 0.105406
vt 0.168888 0.110066
vt 0.176026 0.010358
vt 0.172461 0.009427
vt 0.175643 0.004424
vt 0.178485 0.006125
vt 0.169706 0.016510
vt 0.173720 0.017707
vt 0.184814 0.008570
vt 0.189468 0.009978
vt 0.189144 0.016525
vt 0.184947 0.014844
vt 0.184376 0.022839
vt 0.188667 0.024751
vt 0.197705 0.012646
vt 0.196498 0.020296
vt 0.192558 0.018243
vt 0.193332 0.011107
vt 0.195268 0.028121
vt 0.191683 0.026339
vt 0.218158 0.041471
vt 0.212938 0.032680
vt 0.220456 0.028744
vt 0.225656 0.040343
vt 0.204882 0.025576
vt 0.208282 0.017409
vt 0.209353 0.036284
vt 0.202881 0.032271
vt 0.221592 0.088201
vt 0.214125 0.084957
vt 0.212664 0.096866
vt 0.206389 0.091572
vt 0.206070 0.099643
vt 0.202556 0.093381
vt 0.196189 0.090128
vt 0.199665 0.089339
vt 0.184423 0.107386
vt 0.183961 0.101109
vt 0.188624 0.092489
vt 0.183089 0.093018
vt 0.240281 0.063061
vt 0.239443 0.070338
vt 0.236561 0.080548
vt 0.238517 0.048289
vt 0.240093 0.055815
vt 0.202675 0.088670
vt 0.231417 0.092983
vt 0.105132 0.020124
vt 0.106132 0.014644
vt 0.098008 0.012121
vt 0.098353 0.018913
vt 0.109891 0.016267
vt 0.108405 0.021050
vt 0.091712 0.018403
vt 0.091102 0.010712
vt 0.085002 0.018137
vt 0.084916 0.009682
vt 0.075819 0.008355
vt 0.076429 0.017115
vt 0.221766 0.098252
vt 0.234139 0.032727
vt 0.235633 0.041258
vt 0.233791 0.025745
vt 0.221708 0.022357
vt 0.087669 0.055737
vt 0.085711 0.051016
vt 0.076889 0.055963
vt 0.078849 0.061542
vt 0.094849 0.051585
vt 0.093603 0.047028
vt 0.211544 0.015237
vt 0.104295 0.047998
vt 0.103403 0.042912
vt 0.098057 0.045138
vt 0.099270 0.049965
vt 0.111070 0.043114
vt 0.109095 0.039494
vt 0.111673 0.037600
vt 0.113896 0.040624
vt 0.116963 0.033215
vt 0.113881 0.035960
vt 0.116268 0.038415
vt 0.119031 0.035140
vt 0.119719 0.026231
vt 0.122376 0.027801
vt 0.123308 0.023667
vt 0.120979 0.022716
vt 0.112280 0.033817
vt 0.115398 0.031427
vt 0.107942 0.027745
vt 0.105288 0.027837
vt 0.105688 0.029977
vt 0.108309 0.029419
vt 0.107660 0.036655
vt 0.110146 0.035132
vt 0.102198 0.039388
vt 0.099704 0.031343
vt 0.098972 0.028551
vt 0.096866 0.041501
vt 0.094322 0.032573
vt 0.093429 0.029545
vt 0.084236 0.046754
vt 0.092334 0.043224
vt 0.080868 0.035253
vt 0.089106 0.033684
vt 0.087834 0.030236
vt 0.079969 0.031168
vt 0.074759 0.051298
vt 0.070032 0.031786
vt 0.070814 0.036985
vt 0.065977 0.006427
vt 0.066797 0.016050
vt 0.243480 0.095642
vt 0.245921 0.083756
vt 0.248665 0.073461
vt 0.249847 0.064735
vt 0.250521 0.056638
vt 0.249517 0.047910
vt 0.247670 0.036705
vt 0.244243 0.042110
vt 0.246596 0.027991
vt 0.063719 0.056655
vt 0.065831 0.062237
vt 0.068088 0.068269
vt 0.058841 0.039122
vt 0.058139 0.032409
vt 0.055913 0.014934
vt 0.055705 0.005486
vt 0.231437 0.105224
vt 0.241730 0.106042
vt 0.221331 0.105930
vt 0.212088 0.106886
vt 0.198576 0.110109
vt 0.205787 0.108286
vt 0.189654 0.112014
vt 0.185210 0.112520
vt 0.171346 0.111453
vt 0.285564 0.092336
vt 0.283277 0.097582
vt 0.276396 0.094511
vt 0.281898 0.088215
vt 0.280390 0.103519
vt 0.273735 0.102879
vt 0.284138 0.109579
vt 0.274891 0.112238
vt 0.292316 0.091813
vt 0.291396 0.086108
vt 0.018882 0.030240
vt 0.013115 0.026044
vt 0.006654 0.026719
vt 0.009429 0.032361
vt 0.021813 0.023377
vt 0.015541 0.020942
vt 0.024145 0.014919
vt 0.018068 0.014101
vt 0.023318 0.005485
vt 0.014156 0.008259
vt 0.268462 0.090767
vt 0.275792 0.081218
vt 0.265829 0.101527
vt 0.266975 0.112926
vt 0.030919 0.005846
vt 0.030332 0.015279
vt 0.028500 0.025086
vt 0.024114 0.034346
vt 0.012548 0.036262
vt 0.289657 0.081756
vt 0.291442 0.101642
vt 0.006766 0.016417
vt 0.293016 0.064377
vt 0.290605 0.069032
vt 0.284045 0.068727
vt 0.286669 0.062510
vt 0.291335 0.072630
vt 0.285909 0.074165
vt 0.295366 0.059355
vt 0.298013 0.062658
vt 0.299046 0.075188
vt 0.293317 0.078663
vt 0.010069 0.045042
vt 0.013961 0.046741
vt 0.017139 0.043647
vt 0.011011 0.039364
vt 0.019300 0.056203
vt 0.015941 0.054693
vt 0.010620 0.056913
vt 0.013162 0.060143
vt 0.015371 0.050680
vt 0.019164 0.049919
vt 0.299844 0.069096
vt 0.008618 0.050808
vt 0.278073 0.068098
vt 0.280326 0.060340
vt 0.278739 0.075802
vt 0.289948 0.080596
vt 0.019900 0.039886
vt 0.012865 0.036630
vt 0.024292 0.047958
vt 0.022797 0.056961
vt 0.014201 0.061287
vt 0.294036 0.058472
vt 0.275807 0.049543
vt 0.277136 0.041652
vt 0.281178 0.042985
vt 0.281084 0.048681
vt 0.284633 0.054939
vt 0.280669 0.056780
vt 0.292403 0.056195
vt 0.292973 0.056890
vt 0.022223 0.061863
vt 0.023110 0.060230
vt 0.015826 0.062303
vt 0.015173 0.063063
vt 0.287274 0.036969
vt 0.288632 0.037763
vt 0.033254 0.072947
vt 0.030852 0.073025
vt 0.027580 0.079179
vt 0.029036 0.079446
vt 0.027841 0.066160
vt 0.030422 0.064643
vt 0.297134 0.049897
vt 0.293477 0.048901
vt 0.292081 0.046473
vt 0.296617 0.044576
vt 0.291521 0.042819
vt 0.293114 0.040852
vt 0.019843 0.069048
vt 0.016482 0.070057
vt 0.019240 0.074287
vt 0.022496 0.070459
vt 0.024482 0.073501
vt 0.022689 0.077548
vt 0.282987 0.043360
vt 0.284876 0.048088
vt 0.289788 0.038115
vt 0.029126 0.073188
vt 0.026578 0.078728
vt 0.026432 0.067193
vt 0.021601 0.063736
vt 0.015402 0.064628
vt 0.293746 0.054960
vt 0.287632 0.053052
vt 0.281980 0.027429
vt 0.282606 0.030216
vt 0.276060 0.033438
vt 0.276375 0.027709
vt 0.284186 0.032618
vt 0.280497 0.037185
vt 0.277833 0.022314
vt 0.282542 0.023999
vt 0.287483 0.031799
vt 0.287468 0.035161
vt 0.034166 0.081104
vt 0.034565 0.077199
vt 0.030293 0.079737
vt 0.031556 0.082744
vt 0.036052 0.082547
vt 0.038352 0.079406
vt 0.041277 0.082781
vt 0.038421 0.084156
vt 0.038715 0.087124
vt 0.043343 0.087313
vt 0.286119 0.027739
vt 0.034019 0.086180
vt 0.272740 0.034308
vt 0.272569 0.026505
vt 0.277702 0.039369
vt 0.287521 0.035761
vt 0.034821 0.075345
vt 0.030249 0.079086
vt 0.039548 0.077881
vt 0.042188 0.082303
vt 0.047014 0.085557
vt 0.273748 0.020780
vt 0.035688 0.025489
vt 0.037166 0.015004
vt 0.031380 0.035961
vt 0.033585 0.045117
vt 0.033029 0.054493
vt 0.038208 0.060840
vt 0.040378 0.068776
vt 0.047298 0.078758
vt 0.045167 0.073025
vt 0.045366 0.024682
vt 0.043999 0.014110
vt 0.045184 0.033927
vt 0.046173 0.041966
vt 0.047117 0.049315
vt 0.049534 0.055815
vt 0.051908 0.062161
vt 0.054452 0.068132
vt 0.056683 0.073879
vt 0.049806 0.083348
vt 0.058053 0.079929
vt 0.044449 0.005750
vt 0.037256 0.005814
vt 0.261532 0.088816
vt 0.265603 0.079548
vt 0.259190 0.100503
vt 0.268120 0.073481
vt 0.269107 0.067128
vt 0.271257 0.060403
vt 0.270974 0.056311
vt 0.268817 0.050247
vt 0.269188 0.043885
vt 0.268862 0.040196
vt 0.267273 0.034861
vt 0.267850 0.027100
vt 0.270209 0.019343
vt 0.260211 0.111988
vt 0.023053 0.037004
vt 0.013618 0.036435
vt 0.022238 0.059095
vt 0.015186 0.061786
vt 0.034007 0.074349
vt 0.029468 0.079316
vt 0.279593 0.058517
vt 0.293437 0.057585
vt 0.272941 0.058493
vt 0.276757 0.077500
vt 0.290422 0.081297
vt 0.266732 0.076049
vt 0.276730 0.040822
vt 0.287157 0.036566
vt 0.268871 0.041822
vt 0.252735 0.109993
vt 0.252697 0.099264
vt 0.254500 0.086369
vt 0.259477 0.075658
vt 0.262727 0.057951
vt 0.262310 0.042563
vt 0.260335 0.066378
vt 0.260885 0.049759
vt 0.259479 0.035738
vt 0.260412 0.027482
vt 0.260577 0.020047
vt 0.253210 0.042580
vt 0.246486 0.020438
vt 0.071058 0.075116
vt 0.061607 0.051075
vt 0.059894 0.045358
vt 0.057131 0.024516
vt 0.068147 0.024531
vt 0.077842 0.024719
vt 0.085999 0.024837
vt 0.092497 0.024705
vt 0.098647 0.024459
vt 0.104909 0.024675
vt 0.107919 0.025063
vt 0.117563 0.029154
vt 0.119336 0.030901
vt 0.120567 0.033368
vt 0.122793 0.031150
vt 0.179368 0.012285
vt 0.180946 0.007344
vt 0.182978 0.008128
vt 0.182176 0.013895
vt 0.177825 0.020131
vt 0.181284 0.021804
vt 0.180461 0.030271
vt 0.177257 0.029193
vt 0.179485 0.039994
vt 0.176446 0.038811
vt 0.147129 0.359982
vt 0.143847 0.359038
vt 0.143917 0.347536
vt 0.147188 0.348607
vt 0.144481 0.333942
vt 0.147936 0.335000
vt 0.145433 0.318943
vt 0.149306 0.319412
vt 0.146666 0.302981
vt 0.150944 0.303367
vt 0.148168 0.286715
vt 0.152760 0.287093
vt 0.150537 0.270163
vt 0.155168 0.270553
vt 0.153168 0.253246
vt 0.157627 0.253684
vt 0.155379 0.235837
vt 0.159624 0.236297
vt 0.157192 0.217736
vt 0.161485 0.218288
vt 0.158665 0.199539
vt 0.163359 0.200237
vt 0.159285 0.180876
vt 0.164680 0.181731
vt 0.159394 0.162019
vt 0.165473 0.163516
vt 0.159525 0.144071
vt 0.166258 0.147040
vt 0.167327 0.132135
vt 0.160128 0.128261
vt 0.160520 0.114197
vt 0.168605 0.118614
vt 0.893076 0.102630
vt 0.885934 0.095701
vt 0.892708 0.086441
vt 0.900597 0.093062
vt 0.877622 0.103044
vt 0.883807 0.109287
vt 0.875301 0.115061
vt 0.869885 0.108731
vt 0.863495 0.113157
vt 0.867473 0.119669
vt 0.851612 0.117846
vt 0.857747 0.116223
vt 0.860416 0.122795
vt 0.853478 0.124508
vt 0.845501 0.118258
vt 0.846729 0.125002
vt 0.840114 0.117903
vt 0.840713 0.124779
vt 0.835342 0.117131
vt 0.835702 0.124141
vt 0.071577 0.041980
vt 0.082090 0.039128
vt 0.090301 0.037029
vt 0.095352 0.035502
vt 0.100545 0.033897
vt 0.106019 0.032061
vt 0.108742 0.031050
vt 0.110220 0.027681
vt 0.110557 0.028950
vt 0.111078 0.030189
vt 0.112985 0.028565
vt 0.111203 0.021898
vt 0.110503 0.025424
vt 0.113966 0.026551
vt 0.115472 0.023720
vt 0.113078 0.017812
vt 0.116920 0.020012
vt 0.179933 0.108057
vt 0.181358 0.112703
vt 0.176549 0.112441
vt 0.177059 0.108550
vt 0.176585 0.103135
vt 0.179509 0.102067
vt 0.175961 0.094024
vt 0.178406 0.093661
vt 0.175552 0.084515
vt 0.178057 0.084522
vt 0.176620 0.077412
vt 0.174208 0.077658
vt 0.170680 0.353043
vt 0.173415 0.353533
vt 0.170821 0.363985
vt 0.168502 0.363553
vt 0.173566 0.339961
vt 0.176488 0.340654
vt 0.177230 0.324879
vt 0.180420 0.325646
vt 0.182299 0.309097
vt 0.188078 0.310422
vt 0.191894 0.293719
vt 0.185913 0.292480
vt 0.193439 0.276215
vt 0.187570 0.275184
vt 0.195244 0.258674
vt 0.189349 0.257784
vt 0.190910 0.240465
vt 0.197825 0.241748
vt 0.201079 0.225491
vt 0.194153 0.223850
vt 0.198466 0.207026
vt 0.205886 0.209394
vt 0.203528 0.190716
vt 0.211539 0.193322
vt 0.208188 0.176503
vt 0.216679 0.179123
vt 0.211469 0.164776
vt 0.220421 0.168193
vt 0.222639 0.159120
vt 0.213458 0.154878
vt 0.223518 0.149462
vt 0.214662 0.145467
vt 0.842770 0.036593
vt 0.846472 0.044567
vt 0.839703 0.053491
vt 0.835337 0.066410
vt 0.833063 0.079895
vt 0.831454 0.087754
vt 0.829417 0.093499
vt 0.822255 0.104791
vt 0.822823 0.096444
vt 0.827846 0.099725
vt 0.827041 0.107043
vt 0.822215 0.121219
vt 0.822092 0.113769
vt 0.826767 0.114743
vt 0.826869 0.122090
vt 0.827797 0.136529
vt 0.827294 0.129139
vt 0.828111 0.145229
vt 0.828121 0.155910
vt 0.822846 0.165535
vt 0.828067 0.168302
vt 0.828055 0.182404
vt 0.828066 0.197316
vt 0.827582 0.209845
vt 0.827303 0.220685
vt 0.827003 0.229737
vt 0.826601 0.244910
vt 0.826773 0.237616
vt 0.826385 0.252425
vt 0.826100 0.259942
vt 0.821478 0.266736
vt 0.825892 0.267280
vt 0.825816 0.274028
vt 0.825478 0.279784
vt 0.825247 0.290740
vt 0.825372 0.285191
vt 0.825229 0.297215
vt 0.825495 0.304279
vt 0.825855 0.314197
vt 0.055541 0.619191
vt 0.049151 0.631211
vt 0.039144 0.648937
vt 0.028984 0.670897
vt 0.021493 0.697491
vt 0.019977 0.727384
vt 0.028010 0.763049
vt 0.048910 0.797212
vt 0.074096 0.816997
vt 0.088672 0.821093
vt 0.121013 0.821696
vt 0.104615 0.822341
vt 0.136514 0.819210
vt 0.149542 0.815320
vt 0.160428 0.809659
vt 0.169858 0.802490
vt 0.176634 0.794875
vt 0.180209 0.788363
vt 0.181613 0.783646
vt 0.184090 0.778521
vt 0.073041 0.046672
vt 0.082881 0.042971
vt 0.091067 0.040168
vt 0.101322 0.036507
vt 0.096061 0.038480
vt 0.106701 0.034223
vt 0.109147 0.033004
vt 0.111248 0.031958
vt 0.114324 0.029840
vt 0.115938 0.027723
vt 0.117706 0.024930
vt 0.119108 0.021494
vt 0.173705 0.112050
vt 0.175142 0.108904
vt 0.174692 0.103512
vt 0.173879 0.094352
vt 0.173430 0.084650
vt 0.172174 0.077796
vt 0.168362 0.352610
vt 0.166538 0.363169
vt 0.171088 0.339380
vt 0.174534 0.324224
vt 0.177905 0.308349
vt 0.180946 0.291716
vt 0.183463 0.274551
vt 0.185372 0.257261
vt 0.187098 0.239927
vt 0.189459 0.222925
vt 0.193302 0.205637
vt 0.197858 0.188812
vt 0.201834 0.174189
vt 0.204790 0.161855
vt 0.206836 0.151867
vt 0.208180 0.143459
vt 0.852179 0.049181
vt 0.846584 0.057764
vt 0.841976 0.068993
vt 0.838337 0.081256
vt 0.835548 0.088725
vt 0.833497 0.095240
vt 0.831401 0.108866
vt 0.832133 0.101858
vt 0.831203 0.116033
vt 0.831403 0.123182
vt 0.831806 0.130330
vt 0.832280 0.137802
vt 0.832703 0.146563
vt 0.833020 0.157094
vt 0.833165 0.169450
vt 0.833094 0.183339
vt 0.832825 0.197793
vt 0.832460 0.210868
vt 0.832248 0.222227
vt 0.831869 0.231190
vt 0.831364 0.245683
vt 0.831588 0.238807
vt 0.830928 0.253348
vt 0.830461 0.261021
vt 0.830122 0.268061
vt 0.829864 0.274130
vt 0.829419 0.279960
vt 0.829039 0.290679
vt 0.829248 0.285271
vt 0.828926 0.296897
vt 0.828951 0.304176
vt 0.828388 0.315047
vt 0.058098 0.621406
vt 0.052343 0.632784
vt 0.043620 0.649932
vt 0.034680 0.671163
vt 0.028068 0.696600
vt 0.026486 0.724997
vt 0.033834 0.758828
vt 0.051592 0.790953
vt 0.075605 0.811181
vt 0.087539 0.814891
vt 0.118395 0.816297
vt 0.101924 0.816735
vt 0.133586 0.814050
vt 0.155348 0.805291
vt 0.145478 0.810586
vt 0.164104 0.798828
vt 0.170887 0.791976
vt 0.175723 0.785896
vt 0.178759 0.781532
vt 0.181945 0.776827
vt 0.122277 0.036020
vt 0.122717 0.033908
vt 0.121513 0.037739
vt 0.119224 0.042049
vt 0.113457 0.048777
vt 0.116701 0.045281
vt 0.104382 0.056564
vt 0.100350 0.055540
vt 0.090368 0.060576
vt 0.096546 0.055710
vt 0.081500 0.067502
vt 0.233639 0.018852
vt 0.222564 0.017022
vt 0.215073 0.014401
vt 0.395067 0.170434
vt 0.401330 0.164102
vt 0.407984 0.157329
vt 0.378208 0.187331
vt 0.386574 0.178478
vt 0.370841 0.196364
vt 0.365183 0.205637
vt 0.362735 0.209633
vt 0.252027 0.700391
vt 0.252440 0.706956
vt 0.252211 0.695773
vt 0.252307 0.692572
vt 0.252187 0.689338
vt 0.225143 0.638906
vt 0.228360 0.640625
vt 0.221020 0.636879
vt 0.218246 0.634286
vt 0.212827 0.629371
vt 0.202133 0.620507
vt 0.184685 0.609350
vt 0.172715 0.602971
vt 0.164874 0.598693
vt 0.580770 0.003793
vt 0.578535 0.014831
vt 0.827242 0.027375
vt 0.831176 0.008459
vt 0.164187 0.839707
vt 0.422509 0.145277
vt 0.422513 0.153395
vt 0.426534 0.152068
vt 0.432065 0.143816
vt 0.345742 0.187856
vt 0.351035 0.186702
vt 0.350660 0.179149
vt 0.344166 0.181358
vt 0.335977 0.184111
vt 0.339801 0.190737
vt 0.356683 0.186912
vt 0.357104 0.180693
vt 0.351714 0.030127
vt 0.353002 0.024367
vt 0.346335 0.024028
vt 0.345016 0.028999
vt 0.334914 0.195473
vt 0.331472 0.191469
vt 0.348287 0.040777
vt 0.342246 0.039329
vt 0.340641 0.045312
vt 0.347102 0.045548
vt 0.349432 0.035520
vt 0.343466 0.033717
vt 0.347933 0.195095
vt 0.352635 0.193908
vt 0.342597 0.197991
vt 0.339399 0.022488
vt 0.338148 0.027213
vt 0.358115 0.193628
vt 0.336925 0.032192
vt 0.335568 0.037740
vt 0.333169 0.043764
vt 0.337022 0.203011
vt 0.330513 0.030188
vt 0.328218 0.035505
vt 0.331335 0.024979
vt 0.325120 0.041539
vt 0.340688 0.210696
vt 0.345894 0.205506
vt 0.349970 0.202790
vt 0.354339 0.201559
vt 0.360254 0.201114
vt 0.332087 0.019838
vt 0.348815 0.210890
vt 0.351793 0.208971
vt 0.355222 0.208406
vt 0.360187 0.208953
vt 0.323729 0.019406
vt 0.323684 0.023725
vt 0.323067 0.028548
vt 0.321433 0.032735
vt 0.318855 0.036727
vt 0.345768 0.216187
vt 0.353107 0.213560
vt 0.355775 0.213015
vt 0.350601 0.214173
vt 0.358645 0.213806
vt 0.318420 0.021902
vt 0.319576 0.024654
vt 0.319797 0.027584
vt 0.318531 0.030519
vt 0.315710 0.032724
vt 0.350127 0.217679
vt 0.354688 0.217879
vt 0.314866 0.027428
vt 0.327691 0.181791
vt 0.320760 0.178518
vt 0.315690 0.186817
vt 0.321412 0.189907
vt 0.310467 0.185406
vt 0.313344 0.176057
vt 0.307170 0.180398
vt 0.304106 0.184926
vt 0.329522 0.187417
vt 0.323883 0.193479
vt 0.348249 0.050734
vt 0.342465 0.047532
vt 0.335606 0.051974
vt 0.338122 0.056829
vt 0.341370 0.060713
vt 0.351290 0.056141
vt 0.353457 0.063196
vt 0.342886 0.064992
vt 0.349314 0.069111
vt 0.344448 0.069210
vt 0.306750 0.194177
vt 0.311611 0.195390
vt 0.317202 0.198484
vt 0.319924 0.201226
vt 0.328406 0.055071
vt 0.330642 0.060411
vt 0.332848 0.064441
vt 0.334574 0.068939
vt 0.335743 0.072704
vt 0.299091 0.194182
vt 0.325618 0.067376
vt 0.327336 0.071885
vt 0.322768 0.063268
vt 0.328389 0.075950
vt 0.296437 0.202372
vt 0.303828 0.202386
vt 0.308298 0.203483
vt 0.313041 0.206022
vt 0.315820 0.209147
vt 0.321075 0.059077
vt 0.301502 0.209457
vt 0.305326 0.210523
vt 0.308660 0.212084
vt 0.311304 0.214942
vt 0.314934 0.063062
vt 0.317205 0.065927
vt 0.319250 0.069602
vt 0.320387 0.074828
vt 0.320574 0.078733
vt 0.296422 0.210502
vt 0.314690 0.072090
vt 0.315436 0.074987
vt 0.316086 0.078179
vt 0.314250 0.069195
vt 0.311564 0.068131
vt 0.306197 0.216198
vt 0.306667 0.218442
vt 0.303644 0.214804
vt 0.300389 0.213511
vt 0.297203 0.214729
vt 0.301305 0.218783
vt 0.311334 0.074027
vt 0.305426 0.166820
vt 0.301176 0.160589
vt 0.293132 0.165872
vt 0.296425 0.171784
vt 0.296924 0.159051
vt 0.289044 0.162639
vt 0.309357 0.171626
vt 0.296514 0.176750
vt 0.293922 0.182383
vt 0.303625 0.178251
vt 0.357452 0.070383
vt 0.350731 0.070294
vt 0.346705 0.078201
vt 0.351952 0.080341
vt 0.369161 0.086907
vt 0.369273 0.077742
vt 0.358125 0.087793
vt 0.362023 0.089967
vt 0.356047 0.082616
vt 0.363358 0.074807
vt 0.285603 0.169576
vt 0.288282 0.175291
vt 0.282290 0.165737
vt 0.288505 0.180091
vt 0.353480 0.091570
vt 0.357013 0.094343
vt 0.349951 0.088806
vt 0.346251 0.086240
vt 0.342625 0.082840
vt 0.287281 0.184535
vt 0.275906 0.169342
vt 0.279074 0.173255
vt 0.281110 0.177912
vt 0.281326 0.182092
vt 0.279709 0.185703
vt 0.342285 0.090003
vt 0.337528 0.088312
vt 0.346142 0.092541
vt 0.349218 0.095802
vt 0.351963 0.098779
vt 0.270980 0.173232
vt 0.273816 0.176948
vt 0.275281 0.179862
vt 0.275824 0.183083
vt 0.274761 0.185738
vt 0.334398 0.092751
vt 0.338095 0.093200
vt 0.343109 0.096169
vt 0.345273 0.099749
vt 0.346874 0.102557
vt 0.267646 0.177276
vt 0.269826 0.179774
vt 0.271078 0.181414
vt 0.271988 0.183534
vt 0.270606 0.185338
vt 0.334322 0.097240
vt 0.336404 0.097051
vt 0.338172 0.099722
vt 0.340788 0.101946
vt 0.341201 0.104032
vt 0.335812 0.101945
vt 0.267649 0.182236
vt 0.288727 0.152187
vt 0.289317 0.156137
vt 0.297847 0.154384
vt 0.297162 0.149352
vt 0.287031 0.147873
vt 0.295656 0.144142
vt 0.284603 0.143933
vt 0.292537 0.140970
vt 0.294448 0.159477
vt 0.288878 0.160034
vt 0.376578 0.090098
vt 0.375071 0.078341
vt 0.370802 0.087297
vt 0.371198 0.092298
vt 0.384868 0.089706
vt 0.389053 0.090610
vt 0.392989 0.084165
vt 0.387161 0.080246
vt 0.381086 0.079747
vt 0.380613 0.089084
vt 0.279481 0.150624
vt 0.281269 0.154709
vt 0.282212 0.158495
vt 0.276737 0.146503
vt 0.282205 0.162841
vt 0.372552 0.098376
vt 0.376891 0.098024
vt 0.380804 0.097392
vt 0.384497 0.097329
vt 0.388193 0.097595
vt 0.272983 0.153684
vt 0.274157 0.157203
vt 0.275311 0.161001
vt 0.274963 0.164646
vt 0.270789 0.150162
vt 0.385399 0.104088
vt 0.390294 0.104442
vt 0.381150 0.103790
vt 0.376505 0.104964
vt 0.372244 0.105461
vt 0.381456 0.109713
vt 0.385520 0.109899
vt 0.376777 0.110613
vt 0.389367 0.111633
vt 0.264824 0.153649
vt 0.266921 0.156317
vt 0.268506 0.159118
vt 0.268904 0.162541
vt 0.268465 0.165559
vt 0.373749 0.112280
vt 0.264452 0.160626
vt 0.265284 0.163069
vt 0.263567 0.158372
vt 0.261795 0.156051
vt 0.386520 0.114790
vt 0.383855 0.113460
vt 0.378406 0.114343
vt 0.381487 0.113832
vt 0.376807 0.115916
vt 0.264093 0.164526
vt 0.381127 0.117140
vt 0.261542 0.161347
vt 0.296267 0.137024
vt 0.298936 0.132213
vt 0.293192 0.129827
vt 0.290898 0.132902
vt 0.294894 0.126324
vt 0.299656 0.127561
vt 0.295284 0.123156
vt 0.299748 0.123831
vt 0.288041 0.135499
vt 0.293459 0.138308
vt 0.397534 0.087663
vt 0.400235 0.085243
vt 0.395230 0.079705
vt 0.393935 0.083072
vt 0.406541 0.073891
vt 0.402462 0.074721
vt 0.404566 0.079990
vt 0.408275 0.078073
vt 0.401846 0.081863
vt 0.397035 0.076133
vt 0.287452 0.127351
vt 0.285519 0.130175
vt 0.289451 0.124331
vt 0.289648 0.121358
vt 0.407799 0.084910
vt 0.410496 0.082883
vt 0.405801 0.087002
vt 0.403716 0.089955
vt 0.282594 0.132649
vt 0.400852 0.092112
vt 0.409269 0.091326
vt 0.411187 0.089365
vt 0.406730 0.094615
vt 0.414699 0.087461
vt 0.283320 0.119588
vt 0.282374 0.122345
vt 0.281605 0.125029
vt 0.279786 0.127368
vt 0.277024 0.129129
vt 0.403978 0.097913
vt 0.409972 0.097884
vt 0.412253 0.096011
vt 0.414911 0.094346
vt 0.417663 0.092932
vt 0.277458 0.118277
vt 0.276714 0.120886
vt 0.275838 0.122688
vt 0.274678 0.124381
vt 0.272898 0.125814
vt 0.408439 0.101592
vt 0.271967 0.121109
vt 0.270976 0.122712
vt 0.272998 0.119878
vt 0.272955 0.118289
vt 0.415439 0.098327
vt 0.417657 0.098065
vt 0.414143 0.099090
vt 0.413059 0.100393
vt 0.270151 0.123074
vt 0.412596 0.101771
vt 0.415664 0.100946
vt 0.270380 0.120168
vt 0.398083 0.053218
vt 0.401895 0.054259
vt 0.393914 0.051715
vt 0.389943 0.049697
vt 0.386446 0.047896
vt 0.380645 0.043121
vt 0.383580 0.045392
vt 0.377981 0.039778
vt 0.375426 0.036178
vt 0.369498 0.028688
vt 0.372680 0.032613
vt 0.315743 0.121367
vt 0.316296 0.123984
vt 0.405638 0.055446
vt 0.409638 0.056974
vt 0.323643 0.144682
vt 0.326276 0.149498
vt 0.321552 0.139983
vt 0.319628 0.134919
vt 0.317869 0.129626
vt 0.339870 0.160617
vt 0.346174 0.163892
vt 0.334232 0.157351
vt 0.353631 0.166676
vt 0.362073 0.168163
vt 0.365920 0.021946
vt 0.352203 0.170590
vt 0.359918 0.172075
vt 0.344491 0.168670
vt 0.361911 0.023434
vt 0.364447 0.031686
vt 0.356494 0.024226
vt 0.355657 0.030571
vt 0.351052 0.175974
vt 0.358022 0.177336
vt 0.343170 0.176711
vt 0.354347 0.036522
vt 0.333846 0.177357
vt 0.353114 0.041719
vt 0.351607 0.045267
vt 0.368390 0.045270
vt 0.366815 0.041130
vt 0.362445 0.042045
vt 0.362994 0.047005
vt 0.373170 0.042768
vt 0.370897 0.039021
vt 0.335980 0.170804
vt 0.337346 0.165858
vt 0.331253 0.162336
vt 0.328732 0.167207
vt 0.370695 0.049649
vt 0.375676 0.046528
vt 0.373991 0.053806
vt 0.378828 0.049727
vt 0.378158 0.057361
vt 0.382996 0.060224
vt 0.386231 0.055032
vt 0.382348 0.052613
vt 0.388434 0.062295
vt 0.390858 0.057038
vt 0.393896 0.063667
vt 0.395490 0.058759
vt 0.397423 0.063521
vt 0.399277 0.059600
vt 0.402657 0.060502
vt 0.399665 0.064965
vt 0.404100 0.065629
vt 0.406771 0.061469
vt 0.307593 0.122278
vt 0.308333 0.125214
vt 0.312367 0.124418
vt 0.311622 0.121727
vt 0.308742 0.131454
vt 0.313235 0.130669
vt 0.309291 0.138557
vt 0.314597 0.137015
vt 0.318863 0.147764
vt 0.313970 0.150837
vt 0.317475 0.157163
vt 0.321877 0.153361
vt 0.316660 0.142639
vt 0.311806 0.144980
vt 0.365134 0.052593
vt 0.368416 0.058237
vt 0.373445 0.062648
vt 0.379444 0.066219
vt 0.386366 0.068486
vt 0.394576 0.069950
vt 0.401938 0.069770
vt 0.325219 0.172657
vt 0.322340 0.162896
vt 0.326091 0.158327
vt 0.329442 0.153991
vt 0.345156 0.138101
vt 0.106340 0.383983
vt 0.121911 0.491091
vt 0.124147 0.509502
vt 0.312189 0.161514
vt 0.306448 0.154739
vt 0.303488 0.132543
vt 0.302014 0.139853
vt 0.304834 0.147197
vt 0.304007 0.127055
vt 0.383123 0.073924
vt 0.390238 0.074884
vt 0.374891 0.073128
vt 0.368184 0.068612
vt 0.360904 0.063419
vt 0.358526 0.055218
vt 0.356706 0.048020
vt 0.357552 0.042379
vt 0.343787 0.172280
vt 0.351651 0.172997
vt 0.359190 0.174547
vt 0.359430 0.023846
vt 0.359832 0.030978
vt 0.358623 0.037054
vt 0.332973 0.182404
vt 0.295711 0.140010
vt 0.292555 0.138942
vt 0.392526 0.078105
vt 0.393303 0.081583
vt 0.394150 0.074928
vt 0.331801 0.188225
vt 0.345347 0.046201
vt 0.349557 0.047346
vt 0.352949 0.050519
vt 0.356235 0.065382
vt 0.352171 0.067958
vt 0.312823 0.172725
vt 0.306498 0.178343
vt 0.317244 0.168440
vt 0.301295 0.156448
vt 0.296161 0.158764
vt 0.369742 0.086402
vt 0.373344 0.075906
vt 0.406374 0.069965
vt 0.303685 0.123262
vt 0.407940 0.066158
vt 0.410506 0.062435
vt 0.412955 0.058504
vt 0.415882 0.051139
vt 0.417420 0.043502
vt 0.417609 0.035020
vt 0.362774 0.037305
vt 0.368393 0.035464
vt 0.822468 0.038019
vt 0.365920 0.038016
vt 0.348431 0.139739
vt 0.351724 0.141763
vt 0.346144 0.137370
vt 0.344426 0.134630
vt 0.343213 0.131457
vt 0.341644 0.128377
vt 0.341094 0.125168
vt 0.340461 0.122447
vt 0.339695 0.120099
vt 0.339328 0.118264
vt 0.415845 0.033561
vt 0.417658 0.033733
vt 0.413534 0.033205
vt 0.411188 0.032380
vt 0.408627 0.031613
vt 0.405975 0.030652
vt 0.403512 0.029463
vt 0.401233 0.028401
vt 0.399078 0.027488
vt 0.397083 0.026306
vt 0.395140 0.024402
vt 0.393018 0.022757
vt 0.391175 0.021080
vt 0.389535 0.018128
vt 0.388117 0.014859
vt 0.360214 0.144878
vt 0.364302 0.144980
vt 0.355937 0.143470
vt 0.214260 0.807283
vt 0.219773 0.801119
vt 0.090535 0.842286
vt 0.115130 0.845388
vt 0.375547 0.190571
vt 0.578033 0.024742
vt 0.352828 0.389492
vt 0.346474 0.390422
vt 0.343724 0.377115
vt 0.349661 0.375398
vt 0.353715 0.405856
vt 0.346321 0.405617
vt 0.345956 0.421633
vt 0.340531 0.420533
vt 0.340052 0.435854
vt 0.335197 0.436012
vt 0.336126 0.448145
vt 0.332166 0.448313
vt 0.334526 0.456135
vt 0.331339 0.456459
vt 0.333838 0.459421
vt 0.330506 0.459690
vt 0.250071 0.562554
vt 0.249590 0.561355
vt 0.244970 0.562513
vt 0.245586 0.563906
vt 0.244495 0.557497
vt 0.248791 0.556658
vt 0.242922 0.552024
vt 0.246891 0.551138
vt 0.228201 0.505698
vt 0.232455 0.520203
vt 0.236191 0.518725
vt 0.232340 0.504825
vt 0.222773 0.480390
vt 0.223906 0.488965
vt 0.228850 0.488111
vt 0.228668 0.477472
vt 0.363928 0.384921
vt 0.357340 0.373178
vt 0.360639 0.372224
vt 0.365993 0.397296
vt 0.375127 0.379907
vt 0.376860 0.390236
vt 0.390951 0.372108
vt 0.384147 0.376040
vt 0.381912 0.366074
vt 0.388259 0.364239
vt 0.385783 0.384697
vt 0.392673 0.379348
vt 0.397983 0.374294
vt 0.396108 0.368703
vt 0.397453 0.367331
vt 0.400425 0.371225
vt 0.397703 0.361509
vt 0.398480 0.361284
vt 0.399734 0.363852
vt 0.399494 0.365330
vt 0.401263 0.365279
vt 0.401426 0.367787
vt 0.308479 0.409659
vt 0.310366 0.412048
vt 0.308855 0.409457
vt 0.312160 0.412160
vt 0.309684 0.409011
vt 0.312275 0.413105
vt 0.314675 0.413664
vt 0.308054 0.412660
vt 0.310051 0.413868
vt 0.306532 0.410707
vt 0.304876 0.411598
vt 0.306050 0.413302
vt 0.308169 0.414518
vt 0.304053 0.414349
vt 0.302811 0.412708
vt 0.306406 0.415311
vt 0.299778 0.414341
vt 0.301361 0.415793
vt 0.303349 0.416429
vt 0.299439 0.416660
vt 0.298081 0.415253
vt 0.301278 0.417415
vt 0.297294 0.417614
vt 0.296334 0.416193
vt 0.298709 0.418551
vt 0.293381 0.417782
vt 0.294352 0.419262
vt 0.295415 0.420454
vt 0.290237 0.419473
vt 0.291329 0.420934
vt 0.292388 0.422163
vt 0.288104 0.420621
vt 0.288980 0.422174
vt 0.290249 0.423330
vt 0.287549 0.424869
vt 0.285642 0.424144
vt 0.283840 0.422914
vt 0.283071 0.425609
vt 0.285453 0.426114
vt 0.280845 0.424526
vt 0.281233 0.426634
vt 0.283562 0.427483
vt 0.279482 0.425259
vt 0.276131 0.427062
vt 0.278375 0.428343
vt 0.280634 0.429381
vt 0.272637 0.428942
vt 0.267890 0.431496
vt 0.269691 0.433435
vt 0.274173 0.430564
vt 0.271194 0.434981
vt 0.276123 0.431868
vt 0.264403 0.439060
vt 0.262617 0.437327
vt 0.260759 0.435332
vt 0.257592 0.444357
vt 0.255569 0.442046
vt 0.253436 0.439271
vt 0.250042 0.450438
vt 0.247737 0.447381
vt 0.245431 0.443578
vt 0.214393 0.460276
vt 0.219156 0.470524
vt 0.223987 0.467007
vt 0.218426 0.458107
vt 0.231440 0.460338
vt 0.227041 0.453472
vt 0.235342 0.467193
vt 0.237334 0.447934
vt 0.239681 0.453429
vt 0.242538 0.458105
vt 0.396269 0.361923
vt 0.396869 0.361750
vt 0.235652 0.530002
vt 0.239213 0.528243
vt 0.230084 0.495847
vt 0.225514 0.496193
vt 0.244695 0.544264
vt 0.240976 0.545581
vt 0.238128 0.537582
vt 0.241596 0.535964
vt 0.210557 0.462340
vt 0.214441 0.472457
vt 0.215583 0.471986
vt 0.211491 0.461837
vt 0.216923 0.481637
vt 0.218350 0.481335
vt 0.219131 0.488931
vt 0.220312 0.488937
vt 0.222277 0.496578
vt 0.221237 0.496680
vt 0.225440 0.506530
vt 0.224543 0.506779
vt 0.228877 0.521772
vt 0.229781 0.521472
vt 0.232209 0.531876
vt 0.233093 0.531501
vt 0.234743 0.539053
vt 0.235599 0.538752
vt 0.237227 0.546676
vt 0.238172 0.546495
vt 0.240326 0.552407
vt 0.239475 0.552499
vt 0.240936 0.557781
vt 0.241833 0.557854
vt 0.241397 0.563207
vt 0.242313 0.563214
vt 0.242801 0.564706
vt 0.241824 0.564727
vt 0.329172 0.456501
vt 0.328444 0.459830
vt 0.327759 0.459698
vt 0.328449 0.456341
vt 0.329744 0.448147
vt 0.328940 0.447966
vt 0.332101 0.436161
vt 0.331038 0.435820
vt 0.337000 0.419343
vt 0.335829 0.418800
vt 0.341411 0.404508
vt 0.339785 0.404096
vt 0.342347 0.390664
vt 0.340996 0.390739
vt 0.235848 0.480941
vt 0.238754 0.470484
vt 0.235354 0.488802
vt 0.236181 0.495211
vt 0.238196 0.503962
vt 0.241289 0.517107
vt 0.244127 0.526528
vt 0.246237 0.533953
vt 0.249421 0.542368
vt 0.252081 0.549585
vt 0.254595 0.555138
vt 0.255209 0.559819
vt 0.255765 0.560734
vt 0.338298 0.455706
vt 0.338082 0.459007
vt 0.339970 0.447864
vt 0.345077 0.435719
vt 0.353483 0.423040
vt 0.359693 0.414620
vt 0.367858 0.406247
vt 0.378374 0.396692
vt 0.386838 0.390340
vt 0.393736 0.383430
vt 0.398842 0.377697
vt 0.401337 0.373103
vt 0.402778 0.369163
vt 0.402992 0.366186
vt 0.314266 0.413880
vt 0.317313 0.414396
vt 0.312034 0.414144
vt 0.309788 0.414740
vt 0.308223 0.415647
vt 0.305185 0.416707
vt 0.302455 0.418143
vt 0.299907 0.419137
vt 0.296177 0.421149
vt 0.293317 0.422982
vt 0.290991 0.424158
vt 0.289134 0.425541
vt 0.287670 0.426622
vt 0.285302 0.428539
vt 0.282465 0.430709
vt 0.277928 0.433494
vt 0.272791 0.436574
vt 0.265773 0.440838
vt 0.258913 0.446297
vt 0.251866 0.452349
vt 0.244865 0.460900
vt 0.369849 0.369561
vt 0.373905 0.368389
vt 0.394086 0.362554
vt 0.307498 0.410187
vt 0.338512 0.378622
vt 0.339798 0.378250
vt 0.344819 0.361788
vt 0.338949 0.364393
vt 0.330711 0.351623
vt 0.336837 0.347476
vt 0.317854 0.342098
vt 0.321856 0.338274
vt 0.305083 0.331854
vt 0.309274 0.329397
vt 0.295957 0.323068
vt 0.299395 0.321097
vt 0.290909 0.316621
vt 0.293778 0.315194
vt 0.288481 0.314332
vt 0.291442 0.312782
vt 0.148708 0.374141
vt 0.145109 0.377139
vt 0.145931 0.378421
vt 0.149443 0.375203
vt 0.149856 0.381581
vt 0.152922 0.378459
vt 0.153555 0.385910
vt 0.156482 0.383086
vt 0.184100 0.423723
vt 0.187109 0.420751
vt 0.177633 0.409877
vt 0.174340 0.412180
vt 0.202227 0.442199
vt 0.207911 0.438888
vt 0.199133 0.432873
vt 0.195695 0.436528
vt 0.356645 0.359731
vt 0.351788 0.348164
vt 0.368792 0.357995
vt 0.364746 0.348336
vt 0.386337 0.356148
vt 0.378484 0.356453
vt 0.375248 0.348258
vt 0.383930 0.349106
vt 0.391117 0.350547
vt 0.392515 0.356275
vt 0.394820 0.351839
vt 0.394384 0.356717
vt 0.397178 0.357321
vt 0.398170 0.358443
vt 0.397501 0.354212
vt 0.398701 0.356421
vt 0.307526 0.406768
vt 0.308421 0.405210
vt 0.307696 0.404593
vt 0.308552 0.402282
vt 0.305834 0.406028
vt 0.305740 0.408361
vt 0.304101 0.409679
vt 0.304254 0.407241
vt 0.302127 0.410769
vt 0.302621 0.408275
vt 0.299438 0.412219
vt 0.300003 0.410209
vt 0.297656 0.413346
vt 0.298039 0.411394
vt 0.295677 0.414609
vt 0.295675 0.412912
vt 0.292681 0.416156
vt 0.292272 0.414612
vt 0.289620 0.417757
vt 0.289178 0.416196
vt 0.287291 0.419034
vt 0.287025 0.417338
vt 0.284253 0.418743
vt 0.283807 0.420733
vt 0.282059 0.419806
vt 0.281168 0.422072
vt 0.279875 0.420629
vt 0.279300 0.423040
vt 0.276299 0.424484
vt 0.276677 0.422027
vt 0.272129 0.426766
vt 0.267264 0.428924
vt 0.272116 0.424420
vt 0.266802 0.426818
vt 0.259656 0.430237
vt 0.260118 0.432682
vt 0.251483 0.433001
vt 0.252296 0.435962
vt 0.242248 0.435950
vt 0.243529 0.439559
vt 0.214064 0.448561
vt 0.208466 0.450654
vt 0.223736 0.446017
vt 0.220166 0.438983
vt 0.234042 0.442947
vt 0.231715 0.437987
vt 0.171356 0.402110
vt 0.167925 0.404112
vt 0.193358 0.427580
vt 0.190551 0.431203
vt 0.157859 0.391084
vt 0.161008 0.388706
vt 0.162965 0.397868
vt 0.166226 0.395867
vt 0.205278 0.452830
vt 0.204255 0.453523
vt 0.199001 0.445369
vt 0.197963 0.446394
vt 0.193739 0.439542
vt 0.193092 0.440531
vt 0.188445 0.433692
vt 0.187787 0.434504
vt 0.181884 0.425568
vt 0.181182 0.426180
vt 0.171808 0.413711
vt 0.171059 0.414301
vt 0.165264 0.405421
vt 0.164464 0.405952
vt 0.160594 0.399334
vt 0.159872 0.399883
vt 0.155552 0.392920
vt 0.154880 0.393610
vt 0.151805 0.387864
vt 0.151259 0.388525
vt 0.148091 0.383606
vt 0.147657 0.384394
vt 0.143883 0.380252
vt 0.143384 0.381020
vt 0.142906 0.379021
vt 0.142351 0.379826
vt 0.289055 0.317741
vt 0.288528 0.318262
vt 0.286154 0.315792
vt 0.286662 0.315315
vt 0.293996 0.324501
vt 0.293413 0.325083
vt 0.302386 0.333381
vt 0.301669 0.334236
vt 0.315503 0.344990
vt 0.314803 0.346073
vt 0.327150 0.355181
vt 0.325995 0.356398
vt 0.335329 0.366390
vt 0.334147 0.367048
vt 0.209100 0.430032
vt 0.208994 0.430827
vt 0.219283 0.434229
vt 0.219196 0.433760
vt 0.202503 0.426365
vt 0.202201 0.426949
vt 0.209100 0.430032
vt 0.197717 0.422273
vt 0.197325 0.422749
vt 0.202503 0.426365
vt 0.191532 0.415808
vt 0.191135 0.416251
vt 0.197717 0.422273
vt 0.182295 0.406108
vt 0.181876 0.406447
vt 0.191532 0.415808
vt 0.175995 0.398574
vt 0.175578 0.398892
vt 0.182295 0.406108
vt 0.170972 0.392768
vt 0.170546 0.393046
vt 0.175995 0.398574
vt 0.165698 0.385458
vt 0.165277 0.385750
vt 0.170972 0.392768
vt 0.161139 0.379192
vt 0.160720 0.379542
vt 0.165698 0.385458
vt 0.157929 0.373969
vt 0.157478 0.374373
vt 0.161139 0.379192
vt 0.153909 0.371284
vt 0.157929 0.373969
vt 0.154350 0.370897
vt 0.153928 0.369940
vt 0.153458 0.370318
vt 0.154350 0.370897
vt 0.297609 0.313344
vt 0.297265 0.313510
vt 0.295329 0.310829
vt 0.295713 0.310636
vt 0.303205 0.319065
vt 0.302863 0.319247
vt 0.297609 0.313344
vt 0.314116 0.326520
vt 0.313682 0.326778
vt 0.303205 0.319065
vt 0.327582 0.332964
vt 0.314116 0.326520
vt 0.328144 0.332442
vt 0.337261 0.335610
vt 0.337223 0.336665
vt 0.328144 0.332442
vt 0.348206 0.338572
vt 0.348526 0.339429
vt 0.337261 0.335610
vt 0.362538 0.341943
vt 0.348206 0.338572
vt 0.362321 0.341314
vt 0.373087 0.342817
vt 0.362321 0.341314
vt 0.372874 0.342281
vt 0.382496 0.344601
vt 0.382624 0.345006
vt 0.372874 0.342281
vt 0.390006 0.347143
vt 0.382496 0.344601
vt 0.389897 0.346807
vt 0.394561 0.349512
vt 0.394584 0.349722
vt 0.389897 0.346807
vt 0.397960 0.352099
vt 0.397919 0.352289
vt 0.394561 0.349512
vt 0.399799 0.354526
vt 0.399700 0.354696
vt 0.397960 0.352099
vt 0.308156 0.402463
vt 0.309412 0.399625
vt 0.309496 0.399363
vt 0.308201 0.402252
vt 0.306713 0.404185
vt 0.308201 0.402252
vt 0.306800 0.404003
vt 0.305047 0.405589
vt 0.304975 0.405738
vt 0.306800 0.404003
vt 0.303429 0.406368
vt 0.303356 0.406540
vt 0.305047 0.405589
vt 0.300798 0.408491
vt 0.303429 0.406368
vt 0.300876 0.408321
vt 0.298082 0.409983
vt 0.300876 0.408321
vt 0.298086 0.409844
vt 0.295850 0.411563
vt 0.298086 0.409844
vt 0.295867 0.411430
vt 0.292109 0.413572
vt 0.295867 0.411430
vt 0.292093 0.413469
vt 0.288986 0.414821
vt 0.289003 0.414945
vt 0.292093 0.413469
vt 0.286710 0.416133
vt 0.286738 0.416241
vt 0.288986 0.414821
vt 0.284603 0.416845
vt 0.284572 0.417016
vt 0.286710 0.416133
vt 0.282873 0.417633
vt 0.284603 0.416845
vt 0.282954 0.417419
vt 0.279954 0.418555
vt 0.282954 0.417419
vt 0.279962 0.418350
vt 0.276567 0.419495
vt 0.276577 0.419722
vt 0.279962 0.418350
vt 0.271747 0.421970
vt 0.276567 0.419495
vt 0.271711 0.421729
vt 0.266299 0.424340
vt 0.266344 0.424563
vt 0.271711 0.421729
vt 0.258913 0.428071
vt 0.266299 0.424340
vt 0.258839 0.427858
vt 0.250574 0.430786
vt 0.258839 0.427858
vt 0.250484 0.430567
vt 0.241587 0.433064
vt 0.241647 0.433324
vt 0.250484 0.430567
vt 0.230538 0.434085
vt 0.230644 0.434436
vt 0.241587 0.433064
vt 0.219196 0.433760
vt 0.230538 0.434085
vt 0.236714 0.481359
vt 0.239166 0.470881
vt 0.239166 0.470881
vt 0.245146 0.461237
vt 0.245146 0.461237
vt 0.252086 0.452579
vt 0.252086 0.452579
vt 0.259073 0.446532
vt 0.259073 0.446532
vt 0.265938 0.441053
vt 0.265938 0.441053
vt 0.272984 0.436766
vt 0.272984 0.436766
vt 0.278145 0.433690
vt 0.278145 0.433690
vt 0.282686 0.430869
vt 0.282686 0.430869
vt 0.285512 0.428667
vt 0.285512 0.428667
vt 0.287938 0.426683
vt 0.287938 0.426683
vt 0.289326 0.425623
vt 0.289326 0.425623
vt 0.291081 0.424258
vt 0.291081 0.424258
vt 0.293430 0.423081
vt 0.293430 0.423081
vt 0.296270 0.421233
vt 0.296270 0.421233
vt 0.300052 0.419208
vt 0.300052 0.419208
vt 0.302598 0.418231
vt 0.302598 0.418231
vt 0.305406 0.416741
vt 0.305406 0.416741
vt 0.308442 0.415687
vt 0.308442 0.415687
vt 0.309984 0.414767
vt 0.309984 0.414767
vt 0.312274 0.414178
vt 0.312274 0.414178
vt 0.314507 0.413973
vt 0.314507 0.413973
vt 0.317632 0.414485
vt 0.403201 0.366295
vt 0.402942 0.369329
vt 0.402942 0.369329
vt 0.401447 0.373330
vt 0.401447 0.373330
vt 0.398946 0.378107
vt 0.398946 0.378107
vt 0.393864 0.383922
vt 0.393864 0.383922
vt 0.386966 0.391019
vt 0.386966 0.391019
vt 0.378556 0.397468
vt 0.378556 0.397468
vt 0.368082 0.407319
vt 0.368082 0.407319
vt 0.360406 0.415665
vt 0.360406 0.415665
vt 0.354386 0.423209
vt 0.354386 0.423209
vt 0.345683 0.435703
vt 0.345683 0.435703
vt 0.340433 0.447830
vt 0.340433 0.447830
vt 0.338753 0.455655
vt 0.338753 0.455655
vt 0.338595 0.458957
vt 0.256453 0.560514
vt 0.255887 0.559634
vt 0.255887 0.559634
vt 0.255296 0.554955
vt 0.255296 0.554955
vt 0.252707 0.549398
vt 0.252707 0.549398
vt 0.249991 0.542140
vt 0.249991 0.542140
vt 0.246797 0.533711
vt 0.246797 0.533711
vt 0.244720 0.526321
vt 0.244720 0.526321
vt 0.241905 0.516911
vt 0.241905 0.516911
vt 0.238902 0.503858
vt 0.238902 0.503858
vt 0.236915 0.495135
vt 0.236915 0.495135
vt 0.236138 0.488885
vt 0.236138 0.488885
vt 0.236714 0.481359
s 1
f 1/1 2/2 3/3 4/4
f 6/5 4/4 3/3 5/6
f 5/6 3/3 7/7 8/8
f 9/9 7/7 3/3 2/2
f 8/8 10/10 11/11 5/6
f 5/6 11/11 12/12 6/5
f 14/586 13/575 1/1 4/4
f 15/585 14/586 4/4 6/5
f 16/16 15/585 6/5 12/12
f 13/14 14/13 17/17 18/18
f 14/13 15/15 19/19 17/17
f 15/15 16/584 20/20 19/19
f 19/19 20/20 21/21 22/22
f 17/17 19/19 22/22 23/23
f 18/18 17/17 23/23 24/24
f 24/24 23/23 25/25 26/26
f 23/23 22/22 27/27 25/25
f 22/22 21/21 28/28 27/27
f 26/26 25/25 29/29 30/30
f 31/31 29/29 25/25 27/27
f 11/11 32/32 33/33 12/12
f 32/32 11/11 10/10 34/34
f 35/35 16/16 12/12 33/33
f 36/36 20/20 16/584 35/583
f 20/20 36/36 37/37 21/21
f 21/21 37/37 38/38 28/28
f 40/39 39/40 7/7 9/9
f 39/40 41/41 8/8 7/7
f 41/41 42/42 10/10 8/8
f 42/42 43/43 34/34 10/10
f 45/44 44/45 30/30 29/29
f 29/29 31/31 46/46 45/44
f 48/47 47/48 52/49 50/50
f 49/51 48/47 50/50 51/52
f 50/50 52/49 44/45 45/44
f 45/44 46/46 51/52 50/50
f 47/48 48/47 114/557 115/538
f 27/27 28/28 55/55 31/31
f 28/28 38/38 56/56 55/55
f 57/57 46/46 31/31 55/55
f 58/58 57/57 55/55 56/56
f 59/59 51/52 46/46 57/57
f 57/57 58/58 60/60 59/59
f 49/51 51/52 59/59 61/61
f 59/59 60/60 62/62 61/61
f 113/556 114/557 48/47 49/51
f 112/555 113/556 49/51 61/61
f 62/62 111/554 112/555 61/61
f 43/43 66/66 67/67 34/34
f 68/68 32/32 34/34 67/67
f 69/69 33/33 32/32 68/68
f 70/70 35/35 33/33 69/69
f 35/583 70/582 71/71 36/36
f 72/72 37/37 36/36 71/71
f 73/73 38/38 37/37 72/72
f 74/74 56/56 38/38 73/73
f 66/66 75/75 76/76 67/67
f 77/77 68/68 67/67 76/76
f 79/78 76/76 75/75 78/79
f 80/80 77/77 76/76 79/78
f 81/81 69/69 68/68 77/77
f 82/82 81/81 77/77 80/80
f 69/69 81/81 83/581 70/70
f 84/84 83/581 81/81 82/82
f 85/85 71/71 70/582 83/83
f 86/86 85/85 83/83 84/580
f 71/71 85/85 87/87 72/72
f 88/88 87/87 85/85 86/86
f 72/72 87/87 89/89 73/73
f 90/90 74/74 73/73 89/89
f 90/90 89/89 95/91 94/92
f 91/93 58/58 56/56 74/74
f 58/58 91/93 92/94 60/60
f 74/74 90/90 92/94 91/93
f 62/62 60/60 92/94 93/95
f 93/95 92/94 90/90 94/92
f 87/87 96/96 95/91 89/89
f 87/87 88/88 97/97 96/96
f 93/95 110/553 111/554 62/62
f 94/92 109/552 110/553 93/95
f 95/91 108/551 109/552 94/92
f 96/96 107/550 108/551 95/91
f 97/97 106/102 107/550 96/96
f 103/103 97/97 88/88 86/86
f 84/580 104/578 103/103 86/86
f 82/82 105/105 104/104 84/84
f 107/101 106/549 102/106 101/107
f 108/100 107/101 101/107 100/108
f 109/99 108/100 100/108 99/109
f 110/98 109/99 99/109 98/110
f 111/65 110/98 98/110 65/111
f 112/64 111/65 65/111 64/112
f 63/113 113/63 112/64 64/112
f 53/114 114/53 113/63 63/113
f 115/54 114/53 53/114 54/115
f 116/116 106/102 97/97 103/103
f 117/117 102/106 106/549 116/548
f 116/548 118/547 119/119 117/117
f 168/176 119/119 118/547 120/546
f 103/103 121/121 118/118 116/116
f 121/577 122/122 120/120 118/579
f 104/578 123/576 121/121 103/103
f 123/123 124/124 122/122 121/577
f 105/105 124/124 123/123 104/104
f 105/105 82/82 80/80 125/125
f 125/125 126/126 124/124 105/105
f 128/127 126/126 125/125 127/128
f 127/128 125/125 80/80 79/78
f 128/127 127/128 129/129 130/130
f 127/128 79/78 78/79 129/129
f 131/131 122/122 124/124 126/126
f 132/132 131/131 126/126 128/127
f 132/132 128/127 130/130 133/133
f 131/131 134/134 120/120 122/122
f 168/176 120/546 134/545
f 134/134 131/131 135/135 136/136
f 137/137 168/176 134/545 136/544
f 135/135 131/131 132/132 138/138
f 133/133 139/139 138/138 132/132
f 141/140 136/136 135/135 140/141
f 142/142 140/141 135/135 138/138
f 143/143 137/137 136/544 141/543
f 145/144 141/140 140/141 144/145
f 146/146 144/145 140/141 142/142
f 148/147 238/542 239/149 147/150
f 149/151 147/150 239/149 240/152
f 139/139 150/153 142/142 138/138
f 262/154 263/562 273/563 272/560
f 240/152 241/158 151/159 149/151
f 150/153 152/160 146/146 142/142
f 153/161 143/143 141/543 145/541
f 237/162 238/148 148/540 154/163
f 157/164 156/165 54/115 53/114
f 63/113 158/166 157/164 53/114
f 158/166 63/113 64/112 159/167
f 160/168 159/167 64/112 65/111
f 98/110 161/169 160/168 65/111
f 161/169 98/110 99/109 162/170
f 100/108 163/171 162/170 99/109
f 163/171 100/108 101/107 164/172
f 102/106 165/173 164/172 101/107
f 117/117 166/174 165/173 102/106
f 117/117 119/119 167/175 166/174
f 168/176 167/175 119/119
f 169/177 168/176 137/137 143/143
f 170/178 169/177 143/143 153/161
f 236/179 237/162 154/163 155/180
f 172/181 171/182 156/165 157/164
f 172/181 157/164 158/166 173/183
f 173/183 158/166 159/167 174/184
f 175/185 174/184 159/167 160/168
f 175/185 160/168 161/169 176/186
f 176/186 161/169 162/170 177/187
f 177/187 162/170 163/171 178/188
f 178/188 163/171 164/172 179/189
f 179/189 164/172 165/173 166/174
f 167/175 180/190 179/189 166/174
f 181/191 180/190 167/175 168/176
f 182/192 168/176 169/177
f 183/193 182/192 169/177 170/178
f 184/194 235/195 236/179 155/180
f 257/196 258/197 267/590 268/587
f 234/200 235/195 184/194 185/201
f 186/202 187/203 182/192 183/193
f 187/203 188/204 168/176 182/192
f 188/204 189/205 168/176
f 190/206 181/191 168/176 189/205
f 180/190 181/191 190/206 191/207
f 179/189 180/190 191/207 178/188
f 192/208 177/187 178/188 191/207
f 177/187 192/208 193/209 176/186
f 176/186 193/209 194/210 175/185
f 175/185 194/210 195/211 174/184
f 174/184 195/211 196/212 173/183
f 173/183 196/212 197/213 172/181
f 172/181 197/213 198/214 171/182
f 198/214 197/213 199/215 200/216
f 199/215 197/213 196/212 201/217
f 201/217 196/212 195/211 202/218
f 195/211 194/210 203/219 202/218
f 204/220 203/219 194/210 193/209
f 192/208 205/221 204/220 193/209
f 205/221 192/208 191/207 190/206
f 206/222 205/221 190/206 189/205
f 205/221 206/222 207/223 204/220
f 204/220 207/223 208/224 203/219
f 209/225 202/218 203/219 208/224
f 202/218 209/225 210/226 201/217
f 201/217 210/226 211/227 199/215
f 212/228 200/216 199/215 211/227
f 213/229 206/222 189/205 188/204
f 206/222 213/229 214/230 207/223
f 207/223 214/230 215/231 208/224
f 208/224 215/231 216/232 209/225
f 209/225 216/232 217/233 210/226
f 218/234 211/227 210/226 217/233
f 219/235 212/228 211/227 218/234
f 221/236 219/235 218/234 220/237
f 222/238 213/229 188/204 187/203
f 223/239 214/230 213/229 222/238
f 224/240 215/231 214/230 223/239
f 220/237 218/234 217/233 225/241
f 225/241 217/233 216/232 226/242
f 226/242 216/232 215/231 224/240
f 227/243 222/238 187/203 186/202
f 222/238 227/243 228/244 223/239
f 229/245 224/240 223/239 228/244
f 224/240 229/245 230/246 226/242
f 231/247 225/241 226/242 230/246
f 232/248 220/237 225/241 231/247
f 233/249 221/236 220/237 232/248
f 183/193 235/195 234/200 186/202
f 236/179 235/195 183/193 170/178
f 153/161 237/162 236/179 170/178
f 145/541 238/148 237/162 153/161
f 239/149 238/542 145/144 144/145
f 240/152 239/149 144/145 146/146
f 152/160 241/158 240/152 146/146
f 255/253 269/588 242/593 244/592
f 247/255 254/256 255/253 244/592
f 248/257 227/243 186/202 234/200
f 243/258 248/257 234/200 185/201
f 227/243 248/257 249/259 228/244
f 245/260 249/259 248/257 243/258
f 250/261 229/245 228/244 249/259
f 246/262 250/261 249/259 245/260
f 270/263 271/264 251/265
f 232/248 251/265 233/249
f 251/265 271/264 233/249
f 252/266 251/265 232/248 231/247
f 230/246 253/267 252/266 231/247
f 253/267 230/246 229/245 250/261
f 252/266 253/267 250/261 246/262
f 255/253 254/256 246/262 245/260
f 243/258 269/588 255/253 245/260
f 185/201 256/251 269/588 243/258
f 257/196 256/251 185/201 184/194
f 155/180 258/197 257/196 184/194
f 259/268 258/197 155/180 154/163
f 260/539 259/268 154/163 148/540
f 261/270 260/269 148/147 147/150
f 262/154 261/270 147/150 149/151
f 151/159 263/562 262/154 149/151
f 254/256 251/265 252/266 246/262
f 270/263 251/265 274/271
f 251/265 254/256 274/271
f 254/256 247/255 274/271
f 272/560 264/558 261/270 262/154
f 264/558 265/559 260/269 261/270
f 265/519 266/589 259/268 260/539
f 266/589 267/590 258/197 259/268
f 268/587 269/588 256/251 257/196
f 1/1 276/275 275/276 2/2
f 278/277 277/278 275/276 276/275
f 277/278 280/279 279/280 275/276
f 9/9 2/2 275/276 279/280
f 280/279 277/278 282/281 281/282
f 277/278 278/277 283/283 282/281
f 284/574 276/275 1/1 13/575
f 285/573 278/277 276/275 284/574
f 286/572 283/283 278/277 285/573
f 13/14 18/18 287/287 284/284
f 284/284 287/287 288/288 285/285
f 285/285 288/288 289/289 286/286
f 288/288 291/290 290/291 289/289
f 287/287 292/292 291/290 288/288
f 18/18 24/24 292/292 287/287
f 24/24 26/26 293/293 292/292
f 292/292 293/293 294/294 291/290
f 291/290 294/294 295/295 290/291
f 26/26 30/30 296/296 293/293
f 297/297 294/294 293/293 296/296
f 282/281 283/283 299/298 298/299
f 298/299 300/300 281/282 282/281
f 301/571 299/298 283/283 286/572
f 302/302 301/301 286/286 289/289
f 289/289 290/291 303/303 302/302
f 290/291 295/295 304/304 303/303
f 40/39 9/9 279/280 305/305
f 305/305 279/280 280/279 306/306
f 306/306 280/279 281/282 307/307
f 307/307 281/282 300/300 308/308
f 309/309 296/296 30/30 44/45
f 296/296 309/309 310/310 297/297
f 311/311 313/312 52/49 47/48
f 312/313 314/314 313/312 311/311
f 313/312 309/309 44/45 52/49
f 309/309 313/312 314/314 310/310
f 47/48 115/538 375/537 311/311
f 294/294 297/297 316/316 295/295
f 295/295 316/316 317/317 304/304
f 318/318 316/316 297/297 310/310
f 319/319 317/317 316/316 318/318
f 320/320 318/318 310/310 314/314
f 318/318 320/320 321/321 319/319
f 312/313 322/322 320/320 314/314
f 320/320 322/322 323/323 321/321
f 374/536 312/313 311/311 375/537
f 373/535 322/322 312/313 374/536
f 323/323 322/322 373/535 372/534
f 308/308 300/300 328/327 327/328
f 329/329 328/327 300/300 298/299
f 330/330 329/329 298/299 299/298
f 331/570 330/330 299/298 301/571
f 301/301 302/302 332/332 331/331
f 333/333 332/332 302/302 303/303
f 334/334 333/333 303/303 304/304
f 335/335 334/334 304/304 317/317
f 327/328 328/327 337/336 336/337
f 338/338 337/336 328/327 329/329
f 340/339 339/340 336/337 337/336
f 341/341 340/339 337/336 338/338
f 342/342 338/338 329/329 330/330
f 343/343 341/341 338/338 342/342
f 330/330 331/570 344/569 342/342
f 345/568 343/343 342/342 344/569
f 346/346 344/344 331/331 332/332
f 347/347 345/345 344/344 346/346
f 332/332 333/333 348/348 346/346
f 349/349 347/347 346/346 348/348
f 333/333 334/334 350/350 348/348
f 351/351 350/350 334/334 335/335
f 351/351 355/352 356/353 350/350
f 352/354 335/335 317/317 319/319
f 319/319 321/321 353/355 352/354
f 335/335 352/354 353/355 351/351
f 323/323 354/356 353/355 321/321
f 354/356 355/352 351/351 353/355
f 348/348 350/350 356/353 357/357
f 348/348 357/357 358/358 349/349
f 354/356 323/323 372/534 371/533
f 355/352 354/356 371/533 370/532
f 356/353 355/352 370/532 369/531
f 357/357 356/353 369/531 368/530
f 358/358 357/357 368/530 367/529
f 364/364 347/347 349/349 358/358
f 345/345 347/347 364/364 365/365
f 343/343 345/568 365/565 366/366
f 368/362 362/367 363/368 367/363
f 369/361 361/369 362/367 368/362
f 370/360 360/370 361/369 369/361
f 371/359 359/371 360/370 370/360
f 372/326 326/372 359/371 371/359
f 373/325 325/373 326/372 372/326
f 324/374 325/373 373/325 374/324
f 315/375 324/374 374/324 375/315
f 115/54 54/115 315/375 375/315
f 376/528 364/364 358/358 367/529
f 377/377 376/376 367/363 363/368
f 376/376 377/377 379/378 378/527
f 381/380 380/381 378/527 379/378
f 364/364 376/528 378/567 382/566
f 382/382 378/379 380/526 383/383
f 365/365 364/364 382/566 384/564
f 384/384 382/382 383/383 385/385
f 366/366 365/565 384/384 385/385
f 366/366 386/386 341/341 343/343
f 386/386 366/366 385/385 387/387
f 389/388 388/389 386/386 387/387
f 388/389 340/339 341/341 386/386
f 389/388 391/390 390/391 388/389
f 388/389 390/391 339/340 340/339
f 392/392 387/387 385/385 383/383
f 393/393 389/388 387/387 392/392
f 393/393 394/394 391/390 389/388
f 392/392 383/383 380/526 395/525
f 396/396 395/395 380/381 381/380
f 395/525 398/524 397/398 392/392
f 399/399 398/397 395/395 396/396
f 397/398 400/400 393/393 392/392
f 394/394 393/393 400/400 401/401
f 403/523 402/403 397/398 398/524
f 404/404 400/400 397/398 402/403
f 405/405 403/402 398/397 399/399
f 407/522 406/407 402/403 403/523
f 408/408 404/404 402/403 406/407
f 410/520 409/410 496/411 495/412
f 411/413 497/414 496/411 409/410
f 401/401 400/400 404/404 412/415
f 517/416 272/157 273/156 263/155
f 497/414 411/413 151/561 498/417
f 412/415 404/404 408/408 413/418
f 414/419 407/406 403/402 405/405
f 494/420 415/421 410/409 495/521
f 417/422 315/375 54/115 156/165
f 324/374 315/375 417/422 418/423
f 418/423 419/424 325/373 324/374
f 420/425 326/372 325/373 419/424
f 359/371 326/372 420/425 421/426
f 421/426 422/427 360/370 359/371
f 361/369 360/370 422/427 423/428
f 423/428 424/429 362/367 361/369
f 363/368 362/367 424/429 425/430
f 377/377 363/368 425/430 426/431
f 377/377 426/431 427/432 379/378
f 381/380 379/378 427/432 428/433
f 429/434 396/396 381/380 428/433
f 430/435 399/399 396/396 429/434
f 431/436 405/405 399/399 430/435
f 432/437 414/419 405/405 431/436
f 493/438 416/439 415/421 494/420
f 433/440 417/422 156/165 171/182
f 433/440 434/441 418/423 417/422
f 434/441 435/442 419/424 418/423
f 436/443 420/425 419/424 435/442
f 436/443 437/444 421/426 420/425
f 437/444 438/445 422/427 421/426
f 438/445 439/446 423/428 422/427
f 439/446 440/447 424/429 423/428
f 440/447 426/431 425/430 424/429
f 427/432 426/431 440/447 441/448
f 442/449 428/433 427/432 441/448
f 429/434 428/433 442/449 443/450
f 444/451 430/435 429/434 443/450
f 445/452 431/436 430/435 444/451
f 446/453 432/437 431/436 445/452
f 447/454 416/439 493/438 492/455
f 512/456 268/199 267/198 513/457
f 491/458 448/459 447/454 492/455
f 449/460 446/453 445/452 450/461
f 450/461 445/452 444/451 451/462
f 451/462 444/451 443/450 452/463
f 453/464 452/463 443/450 442/449
f 441/448 454/465 453/464 442/449
f 440/447 439/446 454/465 441/448
f 455/466 454/465 439/446 438/445
f 438/445 437/444 456/467 455/466
f 437/444 436/443 457/468 456/467
f 436/443 435/442 458/469 457/468
f 435/442 434/441 459/470 458/469
f 434/441 433/440 460/471 459/470
f 433/440 171/182 198/214 460/471
f 198/214 200/216 461/472 460/471
f 461/472 462/473 459/470 460/471
f 462/473 463/474 458/469 459/470
f 458/469 463/474 464/475 457/468
f 465/476 456/467 457/468 464/475
f 455/466 456/467 465/476 466/477
f 466/477 453/464 454/465 455/466
f 467/478 452/463 453/464 466/477
f 466/477 465/476 468/479 467/478
f 465/476 464/475 469/480 468/479
f 470/481 469/480 464/475 463/474
f 463/474 462/473 471/482 470/481
f 462/473 461/472 472/483 471/482
f 212/228 472/483 461/472 200/216
f 473/484 451/462 452/463 467/478
f 467/478 468/479 474/485 473/484
f 468/479 469/480 475/486 474/485
f 469/480 470/481 476/487 475/486
f 470/481 471/482 477/488 476/487
f 478/489 477/488 471/482 472/483
f 219/235 478/489 472/483 212/228
f 221/236 479/490 478/489 219/235
f 480/491 450/461 451/462 473/484
f 481/492 480/491 473/484 474/485
f 482/493 481/492 474/485 475/486
f 479/490 483/494 477/488 478/489
f 483/494 484/495 476/487 477/488
f 484/495 482/493 475/486 476/487
f 485/496 449/460 450/461 480/491
f 480/491 481/492 486/497 485/496
f 487/498 486/497 481/492 482/493
f 482/493 484/495 488/499 487/498
f 489/500 488/499 484/495 483/494
f 490/501 489/500 483/494 479/490
f 233/249 490/501 479/490 221/236
f 446/453 449/460 491/458 492/455
f 493/438 432/437 446/453 492/455
f 414/419 432/437 493/438 494/420
f 407/406 414/419 494/420 495/521
f 496/411 406/407 407/522 495/412
f 497/414 408/408 406/407 496/411
f 413/418 408/408 497/414 498/417
f 242/250 269/252 510/502
f 511/503 510/502 269/252
f 509/504 244/254 242/250 510/502
f 247/255 244/254 509/504 508/505
f 502/506 491/458 449/460 485/496
f 499/507 448/459 491/458 502/506
f 485/496 486/497 503/508 502/506
f 500/509 499/507 502/506 503/508
f 504/510 503/508 486/497 487/498
f 501/511 500/509 503/508 504/510
f 270/263 505/512 271/264
f 490/501 233/249 505/512
f 505/512 233/249 271/264
f 506/513 489/500 490/501 505/512
f 488/499 489/500 506/513 507/514
f 507/514 504/510 487/498 488/499
f 506/513 501/511 504/510 507/514
f 509/504 500/509 501/511 508/505
f 499/507 500/509 509/504 510/502
f 448/459 499/507 510/502 511/503
f 512/456 447/454 448/459 511/503
f 416/439 447/454 512/456 513/457
f 514/515 415/421 416/439 513/457
f 515/516 410/409 415/421 514/515
f 516/517 409/410 410/520 515/518
f 517/416 411/413 409/410 516/517
f 151/561 411/413 517/416 263/155
f 508/505 501/511 506/513 505/512
f 270/263 274/271 505/512
f 505/512 274/271 508/505
f 274/271 247/255 508/505
f 272/157 517/416 516/517 264/272
f 264/272 516/517 515/518 265/273
f 265/591 515/516 514/515 266/274
f 266/274 514/515 513/457 267/198
f 268/199 512/456 511/503 269/252
s 8
f 521/594 705/595 896/596
f 896/596 705/595 918/597
f 705/595 706/598 918/597
f 523/599 521/594 522/600
f 896/596 897/601 521/594
f 521/594 897/601 522/600
f 522/600 524/602 525/603 523/599
f 527/604 525/603 524/602 526/605
f 529/606 527/604 526/605 528/607
f 531/608 529/606 528/607 530/609
f 533/610 531/608 530/609 532/611
f 532/611 534/612 535/613 533/610
f 537/614 535/613 534/612 536/615
f 538/616 871/617 922/618 899/619
f 519/620 518/621 539/622 540/623
f 519/620 540/623 541/624 542/625
f 544/626 540/623 539/622 543/627
f 546/628 542/625 541/624 545/629
f 548/630 546/628 545/629 547/631
f 549/632 541/624 540/623 544/626
f 545/629 541/624 549/632 550/633
f 552/634 567/635 568/636 551/637
f 554/638 552/639 551/640 553/641
f 558/642 557/643 555/644 556/645
f 560/646 557/643 558/642 559/647
f 555/644 561/648 562/649 556/645
f 550/633 562/649 547/631 545/629
f 561/648 563/650 564/651 562/649
f 566/652 564/651 563/650 565/653
f 568/636 567/635 548/630 547/631
f 568/636 547/631 562/649 564/651
f 551/637 568/636 564/651 566/652
f 549/632 556/645 562/649 550/633
f 544/626 558/642 556/645 549/632
f 700/654 701/655 569/656 570/657
f 558/642 544/626 543/627 559/647
f 518/621 895/658 571/659 539/622
f 572/660 543/627 539/622 571/659
f 572/660 573/661 559/647 543/627
f 701/655 702/662 574/663 569/656
f 574/663 575/664 576/665 569/656
f 577/666 570/657 569/656 576/665
f 565/667 578/668 579/669 566/670
f 566/670 579/669 553/641 551/640
f 553/641 580/671 581/672 554/638
f 583/673 581/672 580/671 582/674
f 585/675 579/669 578/668 584/676
f 579/669 585/675 580/671 553/641
f 585/675 586/677 582/674 580/671
f 584/676 587/678 586/677 585/675
f 589/679 583/673 582/674 588/680
f 900/681 589/679 588/680 590/682
f 592/683 582/674 586/677 591/684
f 592/683 593/685 588/680 582/674
f 593/685 594/686 590/682 588/680
f 591/684 586/677 587/678 595/687
f 597/688 591/684 595/687 596/689
f 591/684 597/688 598/690 592/683
f 592/683 598/690 599/691 593/685
f 594/686 593/685 599/691 600/692
f 594/686 902/693 901/694 590/682
f 601/695 756/696 920/697 904/698
f 602/699 603/700 906/701 905/702
f 603/700 604/703 907/704 906/701
f 604/703 639/705 917/706 907/704
f 606/707 607/708 909/709
f 608/710 910/711 607/708
f 607/708 910/711 909/709
f 607/708 609/712 608/710
f 608/710 609/712 912/713
f 609/712 911/714 912/713
f 913/715 914/716 610/717
f 862/718 610/717 861/719
f 861/719 610/717 914/716
f 611/720 915/721 908/722 605/723
f 702/662 703/724 613/725 574/663
f 703/724 704/726 614/727 613/725
f 704/726 705/595 521/594 614/727
f 616/728 615/729 574/663 613/725
f 617/730 616/728 613/725 614/727
f 617/730 614/727 521/594 523/599
f 615/729 618/731 575/664 574/663
f 619/732 617/730 523/599 525/603
f 619/732 620/733 616/728 617/730
f 620/733 621/734 615/729 616/728
f 621/734 622/735 618/731 615/729
f 576/665 623/736 577/666
f 623/736 576/665 575/664
f 618/731 886/737 623/736 575/664
f 622/735 885/738 886/737 618/731
f 627/739 623/740 626/741
f 727/742 728/743 627/739 628/744
f 627/739 753/745 628/744
f 601/695 724/746 725/747 629/748
f 629/748 725/747 726/749 630/750
f 726/749 727/742 628/744 630/750
f 753/745 754/751 630/750 628/744
f 623/740 632/752 626/741
f 632/752 633/753 631/754 626/741
f 629/748 630/750 754/751 755/755
f 601/695 629/748 755/755 756/696
f 635/756 603/700 602/699 634/757
f 633/753 635/756 634/757 631/754
f 623/740 624/758 636/759 632/752
f 632/752 636/759 637/760 633/753
f 635/756 633/753 637/760 638/761
f 638/761 604/703 603/700 635/756
f 604/703 638/761 640/762 639/705
f 638/761 637/760 641/763 640/762
f 642/764 641/763 637/760 636/759
f 624/758 625/765 642/764 636/759
f 525/603 527/604 643/766 619/732
f 619/732 643/766 644/767 620/733
f 644/767 645/768 621/734 620/733
f 621/734 645/768 646/769 622/735
f 639/705 640/762 647/770 612/771
f 648/772 647/770 640/762 641/763
f 649/773 648/772 641/763 642/764
f 649/773 642/764 625/765 650/774
f 884/775 885/738 622/735 646/769
f 652/776 651/777 649/773 650/774
f 651/777 653/778 648/772 649/773
f 648/772 653/778 654/779 647/770
f 647/770 654/779 605/723 612/771
f 527/604 529/606 655/780 643/766
f 643/766 655/780 656/781 644/767
f 644/767 656/781 657/782 645/768
f 646/769 645/768 657/782 658/783
f 658/783 883/784 884/775 646/769
f 660/785 659/786 578/668 565/667
f 659/786 661/787 584/676 578/668
f 662/788 660/789 565/653 563/650
f 663/790 662/788 563/650 561/648
f 664/791 663/790 561/648 555/644
f 665/792 664/791 555/644 557/643
f 666/793 665/792 557/643 560/646
f 667/794 699/795 700/654 570/657
f 668/796 667/794 570/657 577/666
f 623/736 887/797 668/796 577/666
f 670/798 669/799 623/740 627/739
f 672/800 671/801 596/689 595/687
f 673/802 672/800 595/687 587/678
f 587/678 584/676 661/787 673/802
f 660/789 662/788 674/803 675/804
f 675/805 676/806 659/786 660/785
f 676/806 677/807 661/787 659/786
f 676/806 678/808 679/809 677/807
f 675/805 680/810 678/808 676/806
f 680/811 675/804 674/803 681/812
f 683/813 679/809 678/808 682/814
f 682/814 678/808 680/810 684/815
f 684/816 680/811 681/812 685/817
f 687/818 683/813 682/814 686/819
f 686/819 682/814 684/815 688/820
f 688/821 684/816 685/817 689/822
f 663/790 690/823 674/803 662/788
f 664/791 691/824 690/823 663/790
f 665/792 692/825 691/824 664/791
f 693/826 681/812 674/803 690/823
f 691/824 694/827 693/826 690/823
f 695/828 694/827 691/824 692/825
f 692/825 665/792 666/793 695/828
f 693/826 696/829 685/817 681/812
f 696/829 693/826 694/827 697/830
f 694/827 695/828 698/831 697/830
f 700/654 699/795 666/793 560/646
f 559/647 701/655 700/654 560/646
f 573/661 702/662 701/655 559/647
f 573/661 572/660 703/724 702/662
f 572/660 571/659 704/726 703/724
f 895/658 705/595 704/726 571/659
f 705/595 895/658 706/598
f 699/795 698/831 695/828 666/793
f 667/794 707/832 698/831 699/795
f 707/832 708/833 697/830 698/831
f 709/834 696/829 697/830 708/833
f 689/822 685/817 696/829 709/834
f 711/835 710/836 667/794 668/796
f 710/836 712/837 707/832 667/794
f 712/837 713/838 708/833 707/832
f 714/839 709/834 708/833 713/838
f 715/840 689/822 709/834 714/839
f 716/841 688/821 689/822 715/840
f 717/842 686/819 688/820 716/843
f 717/842 718/844 687/818 686/819
f 677/807 719/845 673/802 661/787
f 719/845 677/807 679/809 720/846
f 720/846 679/809 683/813 721/847
f 672/800 673/802 719/845 720/846
f 721/847 683/813 687/818 722/848
f 718/844 723/849 722/848 687/818
f 672/800 720/846 721/847 671/801
f 724/746 919/850 903/851 600/692
f 725/747 724/746 600/692 599/691
f 726/749 725/747 599/691 598/690
f 597/688 727/742 726/749 598/690
f 596/689 728/743 727/742 597/688
f 729/852 728/743 596/689 671/801
f 671/801 721/847 722/848 729/852
f 711/835 730/853 712/837 710/836
f 731/854 713/838 712/837 730/853
f 732/855 714/839 713/838 731/854
f 714/839 732/855 733/856 715/840
f 733/856 734/857 716/841 715/840
f 736/858 735/859 723/849 718/844
f 737/860 736/858 718/844 717/842
f 737/860 717/842 716/843 734/861
f 739/862 723/849 735/859 738/863
f 729/852 722/848 723/849 739/862
f 809/864 810/865 738/863 735/859
f 810/865 797/866 740/867 738/863
f 806/868 807/869 737/860 734/861
f 807/869 808/870 736/858 737/860
f 808/870 809/864 735/859 736/858
f 802/871 803/872 731/854 730/853
f 803/872 804/873 732/855 731/854
f 732/855 804/873 805/874 733/856
f 805/874 806/875 734/857 733/856
f 730/853 711/835 801/876 802/871
f 668/796 800/877 801/876 711/835
f 668/796 887/797 888/878 800/877
f 798/879 799/880 669/799 670/798
f 626/741 753/745 627/739
f 631/754 754/751 753/745 626/741
f 755/755 754/751 631/754 634/757
f 756/696 755/755 634/757 602/699
f 738/863 740/867 752/881 739/862
f 758/882 658/783 657/782 757/883
f 757/883 657/782 656/781 759/884
f 759/884 656/781 655/780 760/885
f 531/608 760/885 655/780 529/606
f 762/886 761/887 758/882 757/883
f 762/886 757/883 759/884 763/888
f 764/889 763/888 759/884 760/885
f 533/610 764/889 760/885 531/608
f 881/890 882/891 758/882 761/887
f 758/882 882/891 883/784 658/783
f 768/892 766/893 765/894 767/895
f 766/893 768/892 651/777 652/776
f 770/896 768/892 767/895 769/897
f 768/892 770/896 653/778 651/777
f 769/897 771/898 772/899 770/896
f 771/898 606/707 611/720 772/899
f 605/723 654/779 772/899 611/720
f 770/896 772/899 654/779 653/778
f 774/900 773/901 769/897 767/895
f 773/901 775/902 771/898 769/897
f 775/902 607/708 606/707 771/898
f 777/903 880/904 881/890 761/887
f 776/905 774/900 767/895 765/894
f 778/906 777/903 761/887 762/886
f 535/613 779/907 764/889 533/610
f 779/907 780/908 763/888 764/889
f 778/906 762/886 763/888 780/908
f 781/909 779/907 535/613 537/614
f 782/910 870/911 871/617 538/616
f 783/912 780/908 779/907 781/909
f 784/913 869/914 870/911 782/910
f 778/906 780/908 783/912 785/915
f 786/916 868/917 869/914 784/913
f 786/916 787/918 867/919 868/917
f 777/903 778/906 785/915 788/920
f 787/918 877/921 878/922 867/919
f 788/920 879/923 880/904 777/903
f 790/924 609/712 607/708 775/902
f 775/902 773/901 791/925 790/924
f 773/901 774/900 792/926 791/925
f 774/900 776/905 789/927 792/926
f 793/928 610/717 862/718 863/929
f 794/930 793/928 863/929 864/931
f 795/932 794/930 864/931 865/933
f 877/934 795/932 865/933 866/935
f 627/739 728/743 729/852 796/936
f 752/881 796/936 729/852 739/862
f 796/936 752/881 627/739
f 740/867 670/798 627/739 752/881
f 670/798 740/867 797/866 798/879
f 798/879 797/866 741/937 889/938
f 889/938 799/880 798/879
f 800/877 888/878 889/939 751/940
f 801/876 800/877 751/940 750/941
f 802/871 801/876 750/941 747/942
f 747/942 746/943 803/872 802/871
f 746/943 748/944 804/873 803/872
f 805/874 804/873 748/944 749/945
f 749/945 745/946 806/875 805/874
f 745/947 744/948 807/869 806/868
f 744/948 808/870 807/869
f 744/948 743/949 809/864 808/870
f 743/949 742/950 810/865 809/864
f 742/950 741/937 797/866 810/865
f 812/951 811/952 746/943 747/942
f 811/952 813/953 748/944 746/943
f 813/953 814/954 749/945 748/944
f 814/954 815/955 745/946 749/945
f 744/948 745/947 815/956
f 744/948 816/957 743/949
f 816/957 817/958 742/950 743/949
f 817/958 818/959 741/937 742/950
f 818/959 889/938 741/937
f 889/939 819/960 751/940
f 819/960 820/961 750/941 751/940
f 820/961 812/951 747/942 750/941
f 744/948 821/962 822/963
f 823/964 821/962 744/948 815/956
f 824/965 823/966 815/955 814/954
f 825/967 824/965 814/954 813/953
f 826/968 825/967 813/953 811/952
f 822/963 827/969 816/957 744/948
f 827/969 828/970 817/958 816/957
f 818/959 817/958 828/970 829/971
f 889/938 818/959 829/971 830/972
f 889/939 890/973 831/974 819/960
f 830/972 832/975 889/938
f 812/951 820/961 833/976 834/977
f 831/974 833/976 820/961 819/960
f 834/977 826/968 811/952 812/951
f 589/679 900/681 835/978 842/979
f 842/979 583/673 589/679
f 842/979 581/672 583/673
f 859/980 860/981 520/982 519/620
f 858/983 859/980 519/620 542/625
f 857/984 858/983 542/625 546/628
f 856/985 857/984 546/628 548/630
f 548/630 567/635 855/986 856/985
f 854/987 855/986 567/635 552/634
f 842/979 854/988 552/639 554/638
f 842/979 554/638 581/672
f 843/989 836/990 837/991
f 844/992 843/989 837/991 838/993
f 845/994 844/992 838/993 839/995
f 846/996 845/994 839/995 840/997
f 847/998 846/996 840/997 841/999
f 841/1000 842/979 848/1001 847/1002
f 849/1003 848/1001 842/979
f 850/1004 849/1003 842/979
f 851/1005 850/1004 842/979
f 852/1006 851/1005 842/979 835/978
f 853/1007 852/1006 835/978
f 842/979 841/1000 854/988
f 841/999 840/997 855/986 854/987
f 856/985 855/986 840/997 839/995
f 839/995 838/993 857/984 856/985
f 838/993 837/991 858/983 857/984
f 837/991 836/990 859/980 858/983
f 836/990 860/981 859/980
f 911/714 609/712 921/1008
f 609/712 862/718 921/1008
f 862/718 861/719 921/1008
f 863/929 862/718 609/712 790/924
f 864/931 863/929 790/924 791/925
f 865/933 864/931 791/925 792/926
f 866/935 865/933 792/926 789/927
f 867/919 878/922 879/923 788/920
f 868/917 867/919 788/920 785/915
f 869/914 868/917 785/915 783/912
f 870/911 869/914 783/912 781/909
f 871/617 870/911 781/909 537/614
f 873/1009 872/1010 784/913 782/910
f 874/1011 873/1009 782/910 538/616
f 872/1010 875/1012 786/916 784/913
f 875/1012 876/1013 787/918 786/916
f 878/1014 877/934 866/935
f 879/1015 878/1016 866/935 789/927
f 880/1017 879/1015 789/927 776/905
f 881/1018 880/1017 776/905 765/894
f 766/893 882/1019 881/1018 765/894
f 883/1020 882/1019 766/893 652/776
f 884/1021 883/1020 652/776 650/774
f 650/774 625/765 885/1022 884/1021
f 886/1023 885/1022 625/765 624/758
f 623/740 886/1023 624/758
f 669/799 887/1024 623/740
f 888/1025 887/1024 669/799 799/880
f 889/938 888/1025 799/880
f 832/975 890/1026 889/938
f 876/1013 877/921 787/918
f 877/934 891/1027 795/932
f 891/1027 892/1028 794/930 795/932
f 892/1028 893/1029 793/928 794/930
f 893/1029 894/1030 610/717 793/928
f 894/1030 924/1031 913/715 610/717
f 519/620 520/982 518/621
f 901/694 900/681 590/682
f 903/851 902/693 594/686 600/692
f 904/698 919/850 724/746 601/695
f 909/709 915/721 611/720 606/707
f 908/722 916/1032 612/771 605/723
f 916/1032 917/706 639/705 612/771
f 905/702 920/697 756/696 602/699
f 537/614 536/615 871/617
f 536/615 898/1033 871/617
f 898/1033 922/618 871/617
f 899/619 923/1034 874/1011 538/616
f 927/1035 895/658 518/621 925/1036
f 928/1037 896/596 1103/1038
f 896/596 918/597 1103/1038
f 918/597 706/598 1103/1038
f 929/1039 522/600 928/1037
f 896/596 928/1037 897/601
f 522/600 897/601 928/1037
f 522/600 929/1039 930/1040 524/602
f 931/1041 526/605 524/602 930/1040
f 932/1042 528/607 526/605 931/1041
f 933/1043 530/609 528/607 932/1042
f 934/1044 532/611 530/609 933/1043
f 532/611 934/1044 935/1045 534/612
f 936/1046 536/615 534/612 935/1045
f 937/1047 899/619 922/618 1267/1048
f 926/1049 939/1050 938/1051 925/1036
f 926/1049 941/1052 940/1053 939/1050
f 943/1054 942/1055 938/1051 939/1050
f 945/1056 944/1057 940/1053 941/1052
f 947/1058 946/1059 944/1057 945/1056
f 948/1060 943/1054 939/1050 940/1053
f 944/1057 949/1061 948/1060 940/1053
f 951/1062 950/1063 967/1064 966/1065
f 953/1066 952/1067 950/1068 951/1069
f 957/1070 955/1071 954/1072 956/1073
f 959/1074 958/1075 957/1070 956/1073
f 954/1072 955/1071 961/1076 960/1077
f 949/1061 944/1057 946/1059 961/1076
f 960/1077 961/1076 963/1078 962/1079
f 965/1080 964/1081 962/1079 963/1078
f 967/1064 946/1059 947/1058 966/1065
f 967/1064 963/1078 961/1076 946/1059
f 950/1063 965/1080 963/1078 967/1064
f 948/1060 949/1061 961/1076 955/1071
f 943/1054 948/1060 955/1071 957/1070
f 1098/1082 969/1083 968/1084 1099/1085
f 957/1070 958/1075 942/1055 943/1054
f 925/1036 938/1051 970/1086 927/1035
f 971/1087 970/1086 938/1051 942/1055
f 971/1087 942/1055 958/1075 972/1088
f 1099/1085 968/1084 973/1089 1100/1090
f 973/1089 968/1084 975/1091 974/1092
f 976/1093 975/1091 968/1084 969/1083
f 964/1094 965/1095 978/1096 977/1097
f 965/1095 950/1068 952/1067 978/1096
f 952/1067 953/1066 980/1098 979/1099
f 982/1100 981/1101 979/1099 980/1098
f 984/1102 983/1103 977/1097 978/1096
f 978/1096 952/1067 979/1099 984/1102
f 984/1102 979/1099 981/1101 985/1104
f 983/1103 984/1102 985/1104 986/1105
f 988/1106 987/1107 981/1101 982/1100
f 990/1108 989/1109 987/1107 988/1106
f 992/1110 991/1111 985/1104 981/1101
f 992/1110 981/1101 987/1107 993/1112
f 993/1112 987/1107 989/1109 994/1113
f 991/1111 995/1114 986/1105 985/1104
f 997/1115 996/1116 995/1114 991/1111
f 991/1111 992/1110 998/1117 997/1115
f 992/1110 993/1112 999/1118 998/1117
f 994/1113 1000/1119 999/1118 993/1112
f 994/1113 989/1109 901/694 902/693
f 1001/1120 904/698 920/697 1155/1121
f 1002/1122 905/702 906/701 1003/1123
f 1003/1123 906/701 907/704 1004/1124
f 1004/1124 907/704 917/706 1037/1125
f 1006/1126 909/709 1007/1127
f 608/710 1007/1127 910/711
f 909/709 910/711 1007/1127
f 1007/1127 608/710 1008/1128
f 608/710 912/713 1008/1128
f 912/713 911/714 1008/1128
f 913/715 1009/1129 914/716
f 1258/1130 861/719 1009/1129
f 861/719 914/716 1009/1129
f 1010/1131 1005/1132 908/722 915/721
f 1100/1090 973/1089 1012/1133 1101/1134
f 1101/1134 1012/1133 1013/1135 1102/1136
f 1102/1136 1013/1135 928/1037 1103/1038
f 1015/1137 1012/1133 973/1089 1014/1138
f 1016/1139 1013/1135 1012/1133 1015/1137
f 1016/1139 929/1039 928/1037 1013/1135
f 1014/1138 973/1089 974/1092 1017/1140
f 1018/1141 930/1040 929/1039 1016/1139
f 1018/1141 1016/1139 1015/1137 1019/1142
f 1019/1142 1015/1137 1014/1138 1020/1143
f 1020/1143 1014/1138 1017/1140 1021/1144
f 975/1091 976/1093 1283/1145
f 1282/1146 974/1092 975/1091 1283/1145
f 1017/1140 974/1092 1282/1146 1281/1147
f 1021/1144 1017/1140 1281/1147 1280/1148
f 1151/1149 1025/1150 1283/1151
f 1124/1152 1026/1153 1151/1149 1125/1154
f 1151/1149 1026/1153 1152/1155
f 1001/1120 1027/1156 1122/1157 1121/1158
f 1027/1156 1028/1159 1123/1160 1122/1157
f 1123/1160 1028/1159 1026/1153 1124/1152
f 1152/1155 1026/1153 1028/1159 1153/1161
f 1022/1162 1283/1151 1025/1150 1030/1163
f 1030/1163 1025/1150 1029/1164 1031/1165
f 1027/1156 1154/1166 1153/1161 1028/1159
f 1001/1120 1155/1121 1154/1166 1027/1156
f 1033/1167 1032/1168 1002/1122 1003/1123
f 1031/1165 1029/1164 1032/1168 1033/1167
f 1022/1162 1030/1163 1034/1169 1023/1170
f 1030/1163 1031/1165 1035/1171 1034/1169
f 1033/1167 1036/1172 1035/1171 1031/1165
f 1036/1172 1033/1167 1003/1123 1004/1124
f 1004/1124 1037/1125 1038/1173 1036/1172
f 1036/1172 1038/1173 1039/1174 1035/1171
f 1040/1175 1034/1169 1035/1171 1039/1174
f 1023/1170 1034/1169 1040/1175 1024/1176
f 930/1040 1018/1141 1041/1177 931/1041
f 1018/1141 1019/1142 1042/1178 1041/1177
f 1042/1178 1019/1142 1020/1143 1043/1179
f 1020/1143 1021/1144 1044/1180 1043/1179
f 1037/1125 1011/1181 1045/1182 1038/1173
f 1046/1183 1039/1174 1038/1173 1045/1182
f 1047/1184 1040/1175 1039/1174 1046/1183
f 1047/1184 1048/1185 1024/1176 1040/1175
f 1279/1186 1044/1180 1021/1144 1280/1148
f 1050/1187 1048/1185 1047/1184 1049/1188
f 1049/1188 1047/1184 1046/1183 1051/1189
f 1046/1183 1045/1182 1052/1190 1051/1189
f 1045/1182 1011/1181 1005/1132 1052/1190
f 931/1041 1041/1177 1053/1191 932/1042
f 1041/1177 1042/1178 1054/1192 1053/1191
f 1042/1178 1043/1179 1055/1193 1054/1192
f 1044/1180 1056/1194 1055/1193 1043/1179
f 1056/1194 1044/1180 1279/1186 1278/1195
f 1058/1196 964/1094 977/1097 1057/1197
f 1057/1197 977/1097 983/1103 1059/1198
f 1060/1199 962/1079 964/1081 1058/1200
f 1061/1201 960/1077 962/1079 1060/1199
f 1062/1202 954/1072 960/1077 1061/1201
f 1063/1203 956/1073 954/1072 1062/1202
f 1064/1204 959/1074 956/1073 1063/1203
f 1065/1205 969/1083 1098/1082 1097/1206
f 1066/1207 976/1093 969/1083 1065/1205
f 1283/1145 976/1093 1066/1207 1284/1208
f 1068/1209 1151/1149 1283/1151 1067/1210
f 1070/1211 995/1114 996/1116 1069/1212
f 1071/1213 986/1105 995/1114 1070/1211
f 986/1105 1071/1213 1059/1198 983/1103
f 1058/1200 1073/1214 1072/1215 1060/1199
f 1073/1216 1058/1196 1057/1197 1074/1217
f 1074/1217 1057/1197 1059/1198 1075/1218
f 1074/1217 1075/1218 1077/1219 1076/1220
f 1073/1216 1074/1217 1076/1220 1078/1221
f 1078/1222 1079/1223 1072/1215 1073/1214
f 1081/1224 1080/1225 1076/1220 1077/1219
f 1080/1225 1082/1226 1078/1221 1076/1220
f 1082/1227 1083/1228 1079/1223 1078/1222
f 1085/1229 1084/1230 1080/1225 1081/1224
f 1084/1230 1086/1231 1082/1226 1080/1225
f 1086/1232 1087/1233 1083/1228 1082/1227
f 1061/1201 1060/1199 1072/1215 1088/1234
f 1062/1202 1061/1201 1088/1234 1089/1235
f 1063/1203 1062/1202 1089/1235 1090/1236
f 1091/1237 1088/1234 1072/1215 1079/1223
f 1089/1235 1088/1234 1091/1237 1092/1238
f 1093/1239 1090/1236 1089/1235 1092/1238
f 1090/1236 1093/1239 1064/1204 1063/1203
f 1091/1237 1079/1223 1083/1228 1094/1240
f 1094/1240 1095/1241 1092/1238 1091/1237
f 1092/1238 1095/1241 1096/1242 1093/1239
f 1098/1082 959/1074 1064/1204 1097/1206
f 958/1075 959/1074 1098/1082 1099/1085
f 972/1088 958/1075 1099/1085 1100/1090
f 972/1088 1100/1090 1101/1134 971/1087
f 971/1087 1101/1134 1102/1136 970/1086
f 927/1035 970/1086 1102/1136 1103/1038
f 1103/1038 706/598 927/1035
f 706/598 895/658 927/1035
f 1097/1206 1064/1204 1093/1239 1096/1242
f 1065/1205 1097/1206 1096/1242 1104/1243
f 1104/1243 1096/1242 1095/1241 1105/1244
f 1106/1245 1105/1244 1095/1241 1094/1240
f 1087/1233 1106/1245 1094/1240 1083/1228
f 1108/1246 1066/1207 1065/1205 1107/1247
f 1107/1247 1065/1205 1104/1243 1109/1248
f 1109/1248 1104/1243 1105/1244 1110/1249
f 1111/1250 1110/1249 1105/1244 1106/1245
f 1112/1251 1111/1250 1106/1245 1087/1233
f 1113/1252 1112/1251 1087/1233 1086/1232
f 1114/1253 1113/1254 1086/1231 1084/1230
f 1114/1253 1084/1230 1085/1229 1115/1255
f 1075/1218 1059/1198 1071/1213 1116/1256
f 1116/1256 1117/1257 1077/1219 1075/1218
f 1117/1257 1118/1258 1081/1224 1077/1219
f 1070/1211 1117/1257 1116/1256 1071/1213
f 1118/1258 1119/1259 1085/1229 1081/1224
f 1115/1255 1085/1229 1119/1259 1120/1260
f 1070/1211 1069/1212 1118/1258 1117/1257
f 1121/1158 1000/1119 903/851 919/850
f 1122/1157 999/1118 1000/1119 1121/1158
f 1123/1160 998/1117 999/1118 1122/1157
f 997/1115 998/1117 1123/1160 1124/1152
f 996/1116 997/1115 1124/1152 1125/1154
f 1126/1261 1069/1212 996/1116 1125/1154
f 1069/1212 1126/1261 1119/1259 1118/1258
f 1108/1246 1107/1247 1109/1248 1127/1262
f 1128/1263 1127/1262 1109/1248 1110/1249
f 1129/1264 1128/1263 1110/1249 1111/1250
f 1111/1250 1112/1251 1130/1265 1129/1264
f 1130/1265 1112/1251 1113/1252 1131/1266
f 1133/1267 1115/1255 1120/1260 1132/1268
f 1134/1269 1114/1253 1115/1255 1133/1267
f 1134/1269 1131/1270 1113/1254 1114/1253
f 1136/1271 1135/1272 1132/1268 1120/1260
f 1126/1261 1136/1271 1120/1260 1119/1259
f 1209/1273 1132/1268 1135/1272 1210/1274
f 1210/1274 1135/1272 1137/1275 1197/1276
f 1206/1277 1131/1270 1134/1269 1207/1278
f 1207/1278 1134/1269 1133/1267 1208/1279
f 1208/1279 1133/1267 1132/1268 1209/1273
f 1202/1280 1127/1262 1128/1263 1203/1281
f 1203/1281 1128/1263 1129/1264 1204/1282
f 1129/1264 1130/1265 1205/1283 1204/1282
f 1205/1283 1130/1265 1131/1266 1206/1284
f 1127/1262 1202/1280 1201/1285 1108/1246
f 1066/1207 1108/1246 1201/1285 1200/1286
f 1066/1207 1200/1286 1285/1287 1284/1208
f 1198/1288 1068/1209 1067/1210 1199/1289
f 1025/1150 1151/1149 1152/1155
f 1029/1164 1025/1150 1152/1155 1153/1161
f 1154/1166 1032/1168 1029/1164 1153/1161
f 1155/1121 1002/1122 1032/1168 1154/1166
f 1135/1272 1136/1271 1150/1290 1137/1275
f 1157/1291 1156/1292 1055/1193 1056/1194
f 1156/1292 1158/1293 1054/1192 1055/1193
f 1158/1293 1159/1294 1053/1191 1054/1192
f 933/1043 932/1042 1053/1191 1159/1294
f 1161/1295 1156/1292 1157/1291 1160/1296
f 1161/1295 1162/1297 1158/1293 1156/1292
f 1163/1298 1159/1294 1158/1293 1162/1297
f 934/1044 933/1043 1159/1294 1163/1298
f 1276/1299 1160/1296 1157/1291 1277/1300
f 1157/1291 1056/1194 1278/1195 1277/1300
f 1167/1301 1166/1302 1164/1303 1165/1304
f 1165/1304 1050/1187 1049/1188 1167/1301
f 1169/1305 1168/1306 1166/1302 1167/1301
f 1167/1301 1049/1188 1051/1189 1169/1305
f 1168/1306 1169/1305 1171/1307 1170/1308
f 1170/1308 1171/1307 1010/1131 1006/1126
f 1005/1132 1010/1131 1171/1307 1052/1190
f 1169/1305 1051/1189 1052/1190 1171/1307
f 1173/1309 1166/1302 1168/1306 1172/1310
f 1172/1310 1168/1306 1170/1308 1174/1311
f 1174/1311 1170/1308 1006/1126 1007/1127
f 1176/1312 1160/1296 1276/1299 1275/1313
f 1175/1314 1164/1303 1166/1302 1173/1309
f 1177/1315 1161/1295 1160/1296 1176/1312
f 935/1045 934/1044 1163/1298 1178/1316
f 1178/1316 1163/1298 1162/1297 1179/1317
f 1177/1315 1179/1317 1162/1297 1161/1295
f 1180/1318 936/1046 935/1045 1178/1316
f 1181/1319 937/1047 1267/1048 1266/1320
f 1182/1321 1180/1318 1178/1316 1179/1317
f 1183/1322 1181/1319 1266/1320 1265/1323
f 1177/1315 1184/1324 1182/1321 1179/1317
f 1185/1325 1183/1322 1265/1323 1264/1326
f 1185/1325 1264/1326 1263/1327 1186/1328
f 1176/1312 1187/1329 1184/1324 1177/1315
f 1186/1328 1263/1327 1273/1330 1188/1331
f 1187/1329 1176/1312 1275/1313 1274/1332
f 1190/1333 1174/1311 1007/1127 1008/1128
f 1174/1311 1190/1333 1191/1334 1172/1310
f 1172/1310 1191/1334 1192/1335 1173/1309
f 1173/1309 1192/1335 1189/1336 1175/1314
f 1193/1337 1259/1338 1258/1130 1009/1129
f 1194/1339 1260/1340 1259/1338 1193/1337
f 1195/1341 1261/1342 1260/1340 1194/1339
f 1188/1343 1262/1344 1261/1342 1195/1341
f 1151/1149 1196/1345 1126/1261 1125/1154
f 1150/1290 1136/1271 1126/1261 1196/1345
f 1196/1345 1151/1149 1150/1290
f 1137/1275 1150/1290 1151/1149 1068/1209
f 1068/1209 1198/1288 1197/1276 1137/1275
f 1198/1288 1149/1346 1138/1347 1197/1276
f 1149/1346 1198/1288 1199/1289
f 1200/1286 1148/1348 1286/1349 1285/1287
f 1201/1285 1147/1350 1148/1348 1200/1286
f 1202/1280 1144/1351 1147/1350 1201/1285
f 1144/1351 1202/1280 1203/1281 1143/1352
f 1143/1352 1203/1281 1204/1282 1145/1353
f 1205/1283 1146/1354 1145/1353 1204/1282
f 1146/1354 1205/1283 1206/1284 1141/1355
f 1141/1356 1206/1277 1207/1278 1142/1357
f 1142/1357 1207/1278 1208/1279
f 1142/1357 1208/1279 1209/1273 1140/1358
f 1140/1358 1209/1273 1210/1274 1139/1359
f 1139/1359 1210/1274 1197/1276 1138/1347
f 1212/1360 1144/1351 1143/1352 1211/1361
f 1211/1361 1143/1352 1145/1353 1213/1362
f 1213/1362 1145/1353 1146/1354 1214/1363
f 1214/1363 1146/1354 1141/1355 1215/1364
f 1142/1357 1215/1365 1141/1356
f 1142/1357 1140/1358 1216/1366
f 1216/1366 1140/1358 1139/1359 1217/1367
f 1217/1367 1139/1359 1138/1347 1218/1368
f 1218/1368 1138/1347 1149/1346
f 1286/1349 1148/1348 1219/1369 1287/1370
f 1219/1369 1148/1348 1147/1350 1220/1371
f 1220/1371 1147/1350 1144/1351 1212/1360
f 1142/1357 1222/1372 1221/1373
f 1223/1374 1215/1365 1142/1357 1221/1373
f 1224/1375 1214/1363 1215/1364 1223/1376
f 1225/1377 1213/1362 1214/1363 1224/1375
f 1226/1378 1211/1361 1213/1362 1225/1377
f 1222/1372 1142/1357 1216/1366 1227/1379
f 1227/1379 1216/1366 1217/1367 1228/1380
f 1218/1368 1229/1381 1228/1380 1217/1367
f 1149/1346 1230/1382 1229/1381 1218/1368
f 1287/1370 1219/1369 1231/1383 1288/1384
f 1230/1382 1149/1346 1232/1385
f 1212/1360 1234/1386 1233/1387 1220/1371
f 1231/1383 1219/1369 1220/1371 1233/1387
f 1234/1386 1212/1360 1211/1361 1226/1378
f 988/1106 1251/1388 835/978 990/1108
f 990/1108 835/978 900/681
f 1251/1388 988/1106 982/1100
f 1251/1388 982/1100 980/1098
f 1257/1389 926/1049 520/982 860/981
f 1256/1390 941/1052 926/1049 1257/1389
f 1255/1391 945/1056 941/1052 1256/1390
f 1254/1392 947/1058 945/1056 1255/1391
f 947/1058 1254/1392 1253/1393 966/1065
f 1252/1394 951/1062 966/1065 1253/1393
f 1251/1388 953/1066 951/1069 1252/1395
f 1251/1388 980/1098 953/1066
f 1241/1396 1236/1397 1235/1398 836/990
f 1242/1399 1237/1400 1236/1397 1241/1396
f 1243/1401 1238/1402 1237/1400 1242/1399
f 1244/1403 1239/1404 1238/1402 1243/1401
f 1245/1405 1240/1406 1239/1404 1244/1403
f 1240/1407 1245/1408 1246/1409 1251/1388
f 1247/1410 1251/1388 1246/1409
f 1248/1411 1251/1388 1247/1410
f 1249/1412 1251/1388 1248/1411
f 1250/1413 835/978 1251/1388 1249/1412
f 853/1007 835/978 1250/1413
f 1251/1388 1252/1395 1240/1407
f 1240/1406 1252/1394 1253/1393 1239/1404
f 1254/1392 1238/1402 1239/1404 1253/1393
f 1238/1402 1254/1392 1255/1391 1237/1400
f 1237/1400 1255/1391 1256/1390 1236/1397
f 1236/1397 1256/1390 1257/1389 1235/1398
f 1235/1398 1257/1389 860/981 836/990
f 911/714 921/1008 1008/1128
f 1008/1128 921/1008 1258/1130
f 921/1008 861/719 1258/1130
f 1259/1338 1190/1333 1008/1128 1258/1130
f 1260/1340 1191/1334 1190/1333 1259/1338
f 1261/1342 1192/1335 1191/1334 1260/1340
f 1262/1344 1189/1336 1192/1335 1261/1342
f 1263/1327 1187/1329 1274/1332 1273/1330
f 1264/1326 1184/1324 1187/1329 1263/1327
f 1265/1323 1182/1321 1184/1324 1264/1326
f 1266/1320 1180/1318 1182/1321 1265/1323
f 1267/1048 936/1046 1180/1318 1266/1320
f 1269/1414 1181/1319 1183/1322 1268/1415
f 1270/1416 937/1047 1181/1319 1269/1414
f 1268/1415 1183/1322 1185/1325 1271/1417
f 1271/1417 1185/1325 1186/1328 1272/1418
f 1273/1419 1262/1344 1188/1343
f 1274/1420 1189/1336 1262/1344 1273/1419
f 1275/1421 1175/1314 1189/1336 1274/1420
f 1276/1422 1164/1303 1175/1314 1275/1421
f 1165/1304 1164/1303 1276/1422 1277/1423
f 1278/1424 1050/1187 1165/1304 1277/1423
f 1279/1425 1048/1185 1050/1187 1278/1424
f 1048/1185 1279/1425 1280/1426 1024/1176
f 1281/1427 1023/1170 1024/1176 1280/1426
f 1282/1428 1022/1162 1023/1170 1281/1427
f 1283/1151 1022/1162 1282/1428
f 1067/1210 1283/1151 1284/1429
f 1285/1430 1199/1289 1067/1210 1284/1429
f 1286/1431 1149/1346 1199/1289 1285/1430
f 1149/1346 1286/1431 1287/1432
f 1232/1385 1149/1346 1287/1432 1288/1433
f 1272/1418 1186/1328 1188/1331
f 1188/1343 1195/1341 1289/1434
f 1289/1434 1195/1341 1194/1339 1290/1435
f 1290/1435 1194/1339 1193/1337 1291/1436
f 1291/1436 1193/1337 1009/1129 1292/1437
f 1292/1437 1009/1129 913/715 924/1031
f 926/1049 925/1036 520/982
f 518/621 520/982 925/1036
f 901/694 989/1109 990/1108 900/681
f 903/851 1000/1119 994/1113 902/693
f 904/698 1001/1120 1121/1158 919/850
f 909/709 1006/1126 1010/1131 915/721
f 908/722 1005/1132 1011/1181 916/1032
f 916/1032 1011/1181 1037/1125 917/706
f 905/702 1002/1122 1155/1121 920/697
f 936/1046 1267/1048 536/615
f 536/615 1267/1048 898/1033
f 898/1033 1267/1048 922/618
f 899/619 937/1047 1270/1416 923/1034
s 29
f 1293/1438 1301/1439 1302/1440 1303/1441
f 1293/1438 1304/1442 1305/1443 1301/1439
f 1293/1438 1303/1441 1306/1444 1304/1442
f 1294/1445 1307/1446 1308/1447 1309/1448
f 1294/1445 1309/1448 1310/1449 1311/1450
f 1294/1445 1311/1450 1312/1451 1307/1446
f 1295/1452 1313/1453 1314/1454 1315/1455
f 1295/1452 1315/1455 1316/1456 1317/1457
f 1295/1452 1317/1457 1318/1458 1313/1453
f 1296/1459 1319/1460 1320/1461 1321/1462
f 1296/1459 1322/1463 1323/1464 1319/1460
f 1296/1459 1321/1462 1324/1465 1322/1463
f 1297/1466 1325/1467 1326/1468 1327/1469
f 1297/1466 1327/1469 1328/1470 1329/1471
f 1297/1466 1329/1471 1330/1472 1325/1467
f 1298/1473 1331/1474 1332/1475 1333/1476
f 1298/1473 1334/1477 1335/1478 1331/1474
f 1298/1473 1333/1476 1336/1479 1334/1477
f 1299/1480 1337/1481 1338/1482 1339/1483
f 1299/1480 1340/1484 1341/1485 1337/1481
f 1299/1480 1339/1483 1342/1486 1340/1484
f 1300/1487 1343/1488 1344/1489 1345/1490
f 1300/1487 1345/1490 1346/1491 1347/1492
f 1300/1487 1347/1492 1348/1493 1343/1488
f 1348/1493 1347/1492 1349/1494 1350/1495
f 1348/1493 1350/1495 1351/1496 1352/1497
f 1348/1493 1352/1497 1353/1498 1343/1488
f 1353/1498 1352/1497 1354/1499 1355/1500
f 1353/1498 1355/1500 1356/1501 1357/1502
f 1353/1498 1357/1502 1344/1489 1343/1488
f 1357/1502 1356/1501 1358/1503 1359/1504
f 1357/1502 1359/1504 1360/1505 1344/1489
f 1360/1505 1361/1506 1345/1490 1344/1489
f 1360/1505 1359/1504 1362/1507 1363/1508
f 1360/1505 1363/1508 1342/1509 1361/1506
f 1363/1510 1362/1511 1364/1512 1365/1513
f 1363/1510 1365/1513 1340/1484 1342/1486
f 1365/1513 1364/1512 1366/1514 1367/1515
f 1365/1513 1367/1515 1341/1485 1340/1484
f 1367/1515 1366/1514 1368/1516 1369/1517
f 1367/1515 1369/1517 1370/1518 1341/1485
f 1370/1518 1371/1519 1337/1481 1341/1485
f 1370/1518 1369/1517 1326/1468 1372/1520
f 1370/1518 1372/1520 1373/1521 1371/1519
f 1373/1521 1372/1520 1374/1522 1375/1523
f 1373/1521 1375/1523 1376/1524 1377/1525
f 1373/1521 1377/1525 1378/1526 1371/1519
f 1378/1526 1377/1525 1379/1527 1380/1528
f 1378/1526 1380/1528 1381/1529 1338/1482
f 1378/1526 1338/1482 1337/1481 1371/1519
f 1381/1529 1380/1528 1382/1530 1383/1531
f 1381/1529 1383/1531 1346/1532 1384/1533
f 1381/1529 1384/1533 1339/1483 1338/1482
f 1384/1534 1346/1491 1345/1490 1361/1506
f 1384/1533 1361/1535 1342/1486 1339/1483
f 1383/1536 1382/1537 1385/1538 1349/1494
f 1383/1536 1349/1494 1347/1492 1346/1491
f 1385/1538 1382/1537 1386/1539 1387/1540
f 1385/1538 1387/1540 1388/1541 1389/1542
f 1385/1538 1389/1542 1350/1495 1349/1494
f 1389/1542 1388/1541 1335/1478 1390/1543
f 1389/1542 1390/1543 1351/1496 1350/1495
f 1390/1543 1335/1478 1334/1477 1391/1544
f 1390/1543 1391/1544 1392/1545 1351/1496
f 1392/1545 1391/1544 1393/1546 1394/1547
f 1392/1545 1394/1547 1395/1548 1354/1499
f 1392/1545 1354/1499 1352/1497 1351/1496
f 1395/1548 1394/1547 1396/1549 1397/1550
f 1395/1548 1397/1550 1398/1551 1399/1552
f 1395/1548 1399/1552 1355/1500 1354/1499
f 1399/1552 1398/1551 1400/1553 1401/1554
f 1399/1552 1401/1554 1356/1501 1355/1500
f 1401/1554 1400/1553 1402/1555 1403/1556
f 1401/1554 1403/1556 1358/1503 1356/1501
f 1403/1556 1402/1555 1404/1557 1405/1558
f 1403/1556 1405/1558 1406/1559 1358/1503
f 1406/1559 1362/1507 1359/1504 1358/1503
f 1406/1560 1405/1561 1407/1562 1408/1563
f 1406/1560 1408/1563 1364/1512 1362/1511
f 1408/1563 1407/1562 1409/1564 1410/1565
f 1408/1563 1410/1565 1366/1514 1364/1512
f 1410/1565 1409/1564 1411/1566 1412/1567
f 1410/1565 1412/1567 1368/1516 1366/1514
f 1412/1567 1411/1566 1413/1568 1328/1470
f 1412/1567 1328/1470 1327/1469 1368/1516
f 1413/1568 1411/1566 1414/1569 1415/1570
f 1413/1568 1415/1570 1324/1465 1416/1571
f 1413/1568 1416/1571 1329/1471 1328/1470
f 1416/1571 1324/1465 1321/1462 1417/1572
f 1416/1571 1417/1572 1330/1472 1329/1471
f 1417/1572 1321/1462 1320/1461 1418/1573
f 1417/1572 1418/1573 1419/1574 1330/1472
f 1419/1574 1418/1573 1420/1575 1421/1576
f 1419/1574 1421/1576 1375/1523 1374/1522
f 1419/1574 1374/1522 1325/1467 1330/1472
f 1421/1576 1420/1575 1422/1577 1423/1578
f 1421/1576 1423/1578 1376/1524 1375/1523
f 1423/1578 1422/1577 1424/1579 1425/1580
f 1423/1578 1425/1580 1426/1581 1376/1524
f 1426/1581 1425/1580 1427/1582 1428/1583
f 1426/1581 1428/1583 1386/1584 1379/1527
f 1426/1581 1379/1527 1377/1525 1376/1524
f 1428/1585 1427/1586 1429/1587 1430/1588
f 1428/1585 1430/1588 1387/1540 1386/1539
f 1430/1588 1429/1587 1431/1589 1432/1590
f 1430/1588 1432/1590 1388/1541 1387/1540
f 1432/1590 1431/1589 1332/1475 1331/1474
f 1432/1590 1331/1474 1335/1478 1388/1541
f 1431/1589 1429/1587 1433/1591 1434/1592
f 1431/1589 1434/1592 1435/1593 1332/1475
f 1435/1593 1434/1592 1436/1594 1437/1595
f 1435/1593 1437/1595 1307/1446 1312/1451
f 1435/1593 1312/1451 1333/1476 1332/1475
f 1437/1595 1436/1594 1438/1596 1439/1597
f 1437/1595 1439/1597 1308/1447 1307/1446
f 1439/1597 1438/1596 1440/1598 1441/1599
f 1439/1597 1441/1599 1442/1600 1308/1447
f 1442/1600 1443/1601 1309/1448 1308/1447
f 1442/1600 1441/1599 1444/1602 1445/1603
f 1442/1600 1445/1603 1446/1604 1443/1601
f 1446/1604 1397/1550 1396/1549 1443/1601
f 1446/1604 1445/1603 1447/1605 1448/1606
f 1446/1604 1448/1606 1398/1551 1397/1550
f 1448/1606 1447/1605 1449/1607 1450/1608
f 1448/1606 1450/1608 1400/1553 1398/1551
f 1450/1608 1449/1607 1451/1609 1452/1610
f 1450/1608 1452/1610 1402/1555 1400/1553
f 1452/1610 1451/1609 1453/1611 1454/1612
f 1452/1610 1454/1612 1404/1557 1402/1555
f 1454/1613 1453/1614 1455/1615 1456/1616
f 1454/1613 1456/1616 1457/1617 1404/1618
f 1457/1617 1407/1562 1405/1561 1404/1618
f 1457/1617 1456/1616 1458/1619 1459/1620
f 1457/1617 1459/1620 1409/1564 1407/1562
f 1459/1620 1458/1619 1460/1621 1414/1569
f 1459/1620 1414/1569 1411/1566 1409/1564
f 1460/1621 1458/1619 1461/1622 1462/1623
f 1460/1621 1462/1623 1463/1624 1464/1625
f 1460/1621 1464/1625 1415/1570 1414/1569
f 1464/1625 1463/1624 1323/1464 1322/1463
f 1464/1625 1322/1463 1324/1465 1415/1570
f 1463/1624 1462/1623 1314/1454 1465/1626
f 1463/1624 1465/1626 1466/1627 1323/1464
f 1466/1627 1465/1626 1467/1628 1468/1629
f 1466/1627 1468/1629 1469/1630 1470/1631
f 1466/1627 1470/1631 1319/1460 1323/1464
f 1470/1631 1469/1630 1471/1632 1472/1633
f 1470/1631 1472/1633 1320/1461 1319/1460
f 1472/1633 1471/1632 1422/1577 1420/1575
f 1472/1633 1420/1575 1418/1573 1320/1461
f 1471/1632 1469/1630 1473/1634 1474/1635
f 1471/1632 1474/1635 1424/1579 1422/1577
f 1474/1635 1473/1634 1475/1636 1476/1637
f 1474/1635 1476/1637 1477/1638 1424/1579
f 1477/1639 1476/1640 1478/1641 1433/1591
f 1477/1639 1433/1591 1429/1587 1427/1586
f 1477/1638 1427/1582 1425/1580 1424/1579
f 1478/1641 1476/1640 1475/1642 1479/1643
f 1478/1641 1479/1643 1438/1596 1436/1594
f 1478/1641 1436/1594 1434/1592 1433/1591
f 1479/1643 1475/1642 1480/1644 1481/1645
f 1479/1643 1481/1645 1440/1598 1438/1596
f 1481/1645 1480/1644 1482/1646 1483/1647
f 1481/1645 1483/1647 1484/1648 1440/1598
f 1484/1648 1483/1647 1306/1444 1303/1441
f 1484/1648 1303/1441 1302/1440 1444/1602
f 1484/1648 1444/1602 1441/1599 1440/1598
f 1483/1647 1482/1646 1485/1649 1306/1444
f 1485/1650 1318/1458 1317/1457 1486/1651
f 1485/1649 1486/1652 1304/1442 1306/1444
f 1485/1650 1482/1653 1487/1654 1318/1458
f 1487/1654 1467/1628 1313/1453 1318/1458
f 1487/1654 1482/1653 1480/1655 1488/1656
f 1487/1654 1488/1656 1468/1629 1467/1628
f 1488/1656 1480/1655 1475/1636 1473/1634
f 1488/1656 1473/1634 1469/1630 1468/1629
f 1486/1652 1489/1657 1305/1443 1304/1442
f 1486/1651 1317/1457 1316/1456 1489/1658
f 1489/1657 1453/1611 1451/1609 1305/1443
f 1489/1658 1316/1456 1455/1615 1453/1614
f 1467/1628 1465/1626 1314/1454 1313/1453
f 1462/1623 1461/1622 1315/1455 1314/1454
f 1461/1622 1458/1619 1456/1616 1455/1615
f 1461/1622 1455/1615 1316/1456 1315/1455
f 1451/1609 1449/1607 1301/1439 1305/1443
f 1449/1607 1447/1605 1302/1440 1301/1439
f 1447/1605 1445/1603 1444/1602 1302/1440
f 1443/1601 1396/1549 1310/1449 1309/1448
f 1396/1549 1394/1547 1393/1546 1310/1449
f 1393/1546 1391/1544 1334/1477 1336/1479
f 1393/1546 1336/1479 1311/1450 1310/1449
f 1386/1584 1382/1530 1380/1528 1379/1527
f 1374/1522 1372/1520 1326/1468 1325/1467
f 1369/1517 1368/1516 1327/1469 1326/1468
f 1336/1479 1333/1476 1312/1451 1311/1450
s 37
f 1490/1659 1498/1660 1499/1661 1500/1662
f 1490/1659 1500/1662 1501/1663 1502/1664
f 1490/1659 1502/1664 1503/1665 1498/1660
f 1491/1666 1504/1667 1505/1668 1506/1669
f 1491/1666 1506/1669 1507/1670 1508/1671
f 1491/1666 1508/1671 1509/1672 1504/1667
f 1492/1673 1510/1674 1511/1675 1512/1676
f 1492/1673 1512/1676 1513/1677 1514/1678
f 1493/1679 1515/1680 1516/1681 1517/1682
f 1493/1679 1517/1682 1518/1683 1519/1684
f 1493/1679 1519/1684 1520/1685 1515/1680
f 1494/1686 1521/1687 1522/1688 1523/1689
f 1494/1686 1524/1690 1525/1691 1521/1687
f 1494/1686 1523/1689 1526/1692 1524/1690
f 1495/1693 1527/1694 1528/1695 1529/1696
f 1495/1693 1529/1696 1530/1697 1531/1698
f 1495/1693 1531/1698 1532/1699 1527/1694
f 1496/1700 1533/1701 1534/1702 1535/1703
f 1496/1700 1536/1704 1537/1705 1533/1701
f 1496/1700 1535/1703 1538/1706 1536/1704
f 1497/1707 1539/1708 1540/1709 1541/1710
f 1497/1707 1542/1711 1543/1712 1539/1708
f 1497/1707 1541/1710 1544/1713 1542/1711
f 1544/1713 1545/1714 1546/1715 1542/1711
f 1544/1713 1541/1710 1547/1716 1548/1717
f 1544/1713 1548/1717 1549/1718 1545/1714
f 1549/1718 1550/1719 1551/1720 1545/1714
f 1549/1718 1548/1717 1552/1721 1553/1722
f 1549/1718 1553/1722 1554/1723 1550/1719
f 1554/1723 1555/1724 1556/1725 1550/1719
f 1554/1723 1553/1722 1557/1726 1558/1727
f 1554/1723 1558/1727 1559/1728 1555/1724
f 1559/1728 1560/1729 1561/1730 1555/1724
f 1559/1728 1558/1727 1562/1731 1563/1732
f 1559/1728 1563/1732 1564/1733 1560/1729
f 1564/1733 1565/1734 1566/1735 1560/1729
f 1564/1733 1563/1732 1567/1736 1568/1737
f 1564/1733 1568/1737 1569/1738 1565/1734
f 1569/1739 1570/1740 1571/1741 1565/1742
f 1569/1738 1568/1737 1530/1697 1572/1743
f 1569/1739 1572/1744 1573/1745 1570/1740
f 1573/1745 1574/1746 1575/1747 1570/1740
f 1573/1745 1572/1744 1576/1748 1577/1749
f 1573/1745 1577/1749 1578/1750 1574/1746
f 1578/1750 1579/1751 1518/1683 1574/1746
f 1578/1750 1577/1749 1580/1752 1581/1753
f 1578/1750 1581/1753 1582/1754 1579/1751
f 1582/1754 1583/1755 1584/1756 1579/1751
f 1582/1754 1581/1753 1585/1757 1586/1758
f 1582/1754 1586/1758 1587/1759 1583/1755
f 1587/1759 1588/1760 1589/1761 1583/1755
f 1587/1759 1586/1758 1503/1665 1590/1762
f 1587/1759 1590/1762 1591/1763 1588/1760
f 1591/1763 1592/1764 1593/1765 1588/1760
f 1591/1763 1590/1762 1594/1766 1595/1767
f 1591/1763 1595/1767 1596/1768 1592/1764
f 1596/1768 1595/1767 1597/1769 1598/1770
f 1596/1768 1598/1770 1599/1771 1600/1772
f 1596/1768 1600/1772 1601/1773 1592/1764
f 1601/1773 1509/1672 1508/1671 1602/1774
f 1601/1773 1602/1774 1593/1765 1592/1764
f 1601/1773 1600/1772 1603/1775 1509/1672
f 1603/1775 1600/1772 1599/1771 1604/1776
f 1603/1775 1604/1776 1605/1777 1606/1778
f 1603/1775 1606/1778 1504/1667 1509/1672
f 1606/1778 1605/1777 1607/1779 1608/1780
f 1606/1778 1608/1780 1505/1668 1504/1667
f 1608/1780 1607/1779 1609/1781 1610/1782
f 1608/1780 1610/1782 1611/1783 1505/1668
f 1611/1783 1612/1784 1506/1669 1505/1668
f 1611/1783 1610/1782 1613/1785 1614/1786
f 1611/1783 1614/1786 1615/1787 1612/1784
f 1615/1787 1614/1786 1512/1676 1511/1675
f 1615/1787 1511/1675 1616/1788 1617/1789
f 1615/1787 1617/1789 1618/1790 1612/1784
f 1618/1790 1507/1670 1506/1669 1612/1784
f 1618/1790 1617/1789 1619/1791 1620/1792
f 1618/1790 1620/1792 1621/1793 1507/1670
f 1621/1793 1602/1774 1508/1671 1507/1670
f 1621/1793 1620/1792 1622/1794 1623/1795
f 1621/1793 1623/1795 1593/1765 1602/1774
f 1623/1795 1622/1794 1624/1796 1589/1761
f 1623/1795 1589/1761 1588/1760 1593/1765
f 1624/1796 1622/1794 1625/1797 1520/1685
f 1624/1796 1520/1685 1519/1684 1584/1756
f 1624/1796 1584/1756 1583/1755 1589/1761
f 1625/1797 1622/1794 1620/1792 1619/1791
f 1625/1797 1619/1791 1626/1798 1627/1799
f 1625/1797 1627/1799 1515/1680 1520/1685
f 1627/1799 1626/1798 1628/1800 1629/1801
f 1627/1799 1629/1801 1516/1681 1515/1680
f 1629/1801 1628/1800 1630/1802 1631/1803
f 1629/1801 1631/1803 1632/1804 1516/1681
f 1632/1804 1631/1803 1633/1805 1571/1741
f 1632/1804 1571/1741 1570/1740 1575/1747
f 1632/1804 1575/1747 1517/1682 1516/1681
f 1633/1805 1631/1803 1630/1802 1634/1806
f 1633/1805 1634/1806 1635/1807 1566/1808
f 1633/1805 1566/1808 1565/1742 1571/1741
f 1635/1807 1634/1806 1636/1809 1637/1810
f 1635/1811 1637/1812 1638/1813 1561/1730
f 1635/1811 1561/1730 1560/1729 1566/1735
f 1638/1813 1637/1812 1639/1814 1640/1815
f 1638/1813 1640/1815 1641/1816 1556/1725
f 1638/1813 1556/1725 1555/1724 1561/1730
f 1641/1816 1640/1815 1642/1817 1643/1818
f 1641/1816 1643/1818 1644/1819 1551/1720
f 1641/1816 1551/1720 1550/1719 1556/1725
f 1644/1819 1643/1818 1645/1820 1646/1821
f 1644/1819 1646/1821 1647/1822 1546/1715
f 1644/1819 1546/1715 1545/1714 1551/1720
f 1647/1822 1646/1821 1525/1691 1648/1823
f 1647/1822 1648/1823 1649/1824 1543/1712
f 1647/1822 1543/1712 1542/1711 1546/1715
f 1649/1824 1650/1825 1651/1826 1652/1827
f 1649/1824 1652/1827 1539/1708 1543/1712
f 1649/1824 1648/1823 1653/1828 1650/1825
f 1653/1828 1654/1829 1655/1830 1650/1825
f 1653/1828 1648/1823 1525/1691 1524/1690
f 1653/1828 1524/1690 1526/1692 1654/1829
f 1655/1830 1656/1831 1657/1832 1658/1833
f 1655/1830 1658/1833 1651/1826 1650/1825
f 1655/1830 1654/1829 1659/1834 1656/1831
f 1659/1835 1605/1777 1604/1776 1656/1836
f 1659/1834 1654/1829 1526/1692 1660/1837
f 1659/1835 1660/1838 1607/1779 1605/1777
f 1660/1837 1526/1692 1523/1689 1661/1839
f 1660/1838 1661/1840 1609/1781 1607/1779
f 1661/1839 1523/1689 1522/1688 1662/1841
f 1661/1840 1662/1842 1663/1843 1609/1781
f 1663/1843 1613/1785 1610/1782 1609/1781
f 1663/1843 1662/1842 1664/1844 1665/1845
f 1663/1843 1665/1845 1513/1677 1613/1785
f 1665/1845 1664/1844 1666/1846 1667/1847
f 1665/1845 1667/1847 1514/1678 1513/1677
f 1667/1847 1666/1846 1639/1848 1668/1849
f 1667/1847 1668/1849 1669/1850 1514/1678
f 1669/1850 1510/1674 1492/1673 1514/1678
f 1669/1850 1668/1849 1636/1809 1670/1851
f 1669/1850 1670/1851 1671/1852 1510/1674
f 1671/1852 1616/1788 1511/1675 1510/1674
f 1671/1852 1670/1851 1630/1802 1628/1800
f 1671/1852 1628/1800 1626/1798 1616/1788
f 1670/1851 1636/1809 1634/1806 1630/1802
f 1668/1849 1639/1848 1637/1810 1636/1809
f 1666/1853 1664/1854 1672/1855 1642/1817
f 1666/1853 1642/1817 1640/1815 1639/1814
f 1672/1855 1664/1854 1662/1841 1522/1688
f 1672/1855 1522/1688 1521/1687 1645/1820
f 1672/1855 1645/1820 1643/1818 1642/1817
f 1658/1833 1657/1832 1673/1856 1674/1857
f 1658/1833 1674/1857 1675/1858 1651/1826
f 1675/1858 1674/1857 1676/1859 1677/1860
f 1675/1858 1677/1860 1678/1861 1679/1862
f 1675/1858 1679/1862 1652/1827 1651/1826
f 1679/1862 1678/1861 1680/1863 1540/1709
f 1679/1862 1540/1709 1539/1708 1652/1827
f 1680/1863 1678/1861 1681/1864 1682/1865
f 1680/1863 1682/1865 1683/1866 1547/1716
f 1680/1863 1547/1716 1541/1710 1540/1709
f 1683/1866 1552/1721 1548/1717 1547/1716
f 1683/1866 1682/1865 1537/1705 1536/1704
f 1683/1866 1536/1704 1538/1706 1552/1721
f 1682/1865 1681/1864 1684/1867 1537/1705
f 1684/1867 1685/1868 1686/1869 1687/1870
f 1684/1867 1687/1870 1533/1701 1537/1705
f 1684/1867 1681/1864 1688/1871 1685/1868
f 1688/1871 1689/1872 1690/1873 1685/1868
f 1688/1871 1681/1864 1678/1861 1677/1860
f 1688/1871 1677/1860 1676/1859 1689/1872
f 1690/1873 1691/1874 1692/1875 1693/1876
f 1690/1873 1693/1876 1686/1869 1685/1868
f 1690/1873 1689/1872 1694/1877 1691/1874
f 1694/1878 1695/1879 1501/1663 1691/1880
f 1694/1877 1689/1872 1676/1859 1696/1881
f 1694/1878 1696/1882 1597/1769 1695/1879
f 1696/1881 1676/1859 1674/1857 1673/1856
f 1696/1882 1673/1883 1598/1770 1597/1769
f 1695/1879 1594/1766 1502/1664 1501/1663
f 1695/1879 1597/1769 1595/1767 1594/1766
f 1693/1876 1692/1875 1697/1884 1698/1885
f 1693/1876 1698/1885 1699/1886 1686/1869
f 1699/1886 1698/1885 1700/1887 1701/1888
f 1699/1886 1701/1888 1702/1889 1703/1890
f 1699/1886 1703/1890 1687/1870 1686/1869
f 1703/1890 1702/1889 1704/1891 1534/1702
f 1703/1890 1534/1702 1533/1701 1687/1870
f 1704/1891 1705/1892 1562/1731 1706/1893
f 1704/1891 1706/1893 1535/1703 1534/1702
f 1704/1891 1702/1889 1532/1699 1705/1892
f 1706/1893 1562/1731 1558/1727 1557/1726
f 1706/1893 1557/1726 1538/1706 1535/1703
f 1705/1892 1567/1736 1563/1732 1562/1731
f 1705/1892 1532/1699 1531/1698 1567/1736
f 1702/1889 1701/1888 1527/1694 1532/1699
f 1701/1888 1700/1887 1528/1695 1527/1694
f 1700/1887 1707/1894 1708/1895 1528/1695
f 1700/1887 1698/1885 1697/1884 1707/1894
f 1708/1896 1580/1752 1577/1749 1576/1748
f 1708/1895 1576/1897 1529/1696 1528/1695
f 1708/1896 1707/1898 1709/1899 1580/1752
f 1709/1899 1585/1757 1581/1753 1580/1752
f 1709/1899 1707/1898 1697/1900 1499/1661
f 1709/1899 1499/1661 1498/1660 1585/1757
f 1697/1900 1692/1901 1500/1662 1499/1661
f 1692/1901 1691/1880 1501/1663 1500/1662
f 1673/1883 1657/1902 1599/1771 1598/1770
f 1657/1902 1656/1836 1604/1776 1599/1771
f 1646/1821 1645/1820 1521/1687 1525/1691
f 1626/1798 1619/1791 1617/1789 1616/1788
f 1614/1786 1613/1785 1513/1677 1512/1676
f 1594/1766 1590/1762 1503/1665 1502/1664
f 1586/1758 1585/1757 1498/1660 1503/1665
f 1584/1756 1519/1684 1518/1683 1579/1751
f 1576/1897 1572/1743 1530/1697 1529/1696
f 1575/1747 1574/1746 1518/1683 1517/1682
f 1568/1737 1567/1736 1531/1698 1530/1697
f 1557/1726 1553/1722 1552/1721 1538/1706
s 45
f 1710/1903 1711/1904 1712/1905 1713/1906
f 1715/1907 1711/1904 1710/1903 1714/1908
f 1717/1909 1800/1910 1801/1911 1716/1912
f 1719/1913 1717/1909 1716/1912 1718/1914
f 1721/1915 1719/1913 1718/1914 1720/1916
f 1720/1917 1722/1918 1723/1919 1721/1920
f 1722/1918 1724/1921 1725/1922 1723/1919
f 1724/1921 1726/1923 1727/1924 1725/1922
f 1726/1923 1734/1925 1735/1926 1727/1924
f 1815/1927 1816/1928 1729/1929 1728/1930
f 1730/1931 1732/1932 1733/1933 1731/1934
f 1732/1935 1713/1906 1712/1905 1733/1936
f 1735/1926 1734/1925 1728/1930 1729/1929
f 1734/1925 1726/1923 1748/1937 1749/1938
f 1728/1930 1734/1925 1749/1938 1750/1939
f 1814/1940 1815/1927 1728/1930 1750/1939
f 1726/1923 1724/1921 1747/1941 1748/1937
f 1718/1914 1737/1942 1736/1943 1720/1916
f 1738/1944 1739/1945 1710/1903 1713/1906
f 1714/1908 1710/1903 1739/1945 1740/1946
f 1741/1947 1716/1912 1801/1911 1802/1948
f 1737/1942 1718/1914 1716/1912 1741/1947
f 1748/1937 1747/1941 1742/1949 1744/1950
f 1749/1938 1748/1937 1744/1950 1745/1951
f 1750/1939 1749/1938 1745/1951 1746/1952
f 1813/1953 1814/1940 1750/1939 1746/1952
f 1752/1954 1722/1918 1720/1917 1736/1955
f 1747/1941 1724/1921 1722/1918 1752/1954
f 1736/1955 1753/1956 1754/1957 1752/1954
f 1752/1954 1754/1957 1742/1949 1747/1941
f 1755/1958 1732/1932 1730/1931 1751/1959
f 1738/1944 1713/1906 1732/1935 1755/1960
f 1751/1959 1743/1961 1756/1962 1755/1958
f 1757/1963 1738/1944 1755/1960 1756/1964
f 1758/1965 1739/1945 1738/1944 1757/1963
f 1759/1966 1740/1946 1739/1945 1758/1965
f 1760/1967 1741/1947 1802/1948 1803/1968
f 1741/1947 1760/1967 1761/1969 1737/1942
f 1737/1942 1761/1969 1753/1970 1736/1943
f 1745/1951 1744/1950 1762/1971 1746/1952
f 1812/1972 1813/1953 1746/1952 1762/1971
f 1764/1973 1762/1971 1744/1950 1742/1949
f 1765/1974 1756/1962 1743/1961 1763/1975
f 1766/1976 1757/1963 1756/1964 1765/1977
f 1767/1978 1758/1965 1757/1963 1766/1976
f 1758/1965 1767/1978 1768/1979 1759/1966
f 1769/1980 1760/1967 1803/1968 1804/1981
f 1760/1967 1769/1980 1770/1982 1761/1969
f 1771/1983 1753/1970 1761/1969 1770/1982
f 1772/1984 1754/1957 1753/1956 1771/1985
f 1764/1973 1742/1949 1754/1957 1772/1984
f 1764/1973 1773/1986 1774/1987 1762/1971
f 1762/1971 1774/1987 1811/1988 1812/1972
f 1763/1975 1775/1989 1776/1990 1765/1974
f 1765/1977 1776/1991 1777/1992 1766/1976
f 1778/1993 1767/1978 1766/1976 1777/1992
f 1779/1994 1768/1979 1767/1978 1778/1993
f 1780/1995 1769/1980 1804/1981 1805/1996
f 1781/1997 1770/1982 1769/1980 1780/1995
f 1770/1982 1781/1997 1782/1998 1771/1983
f 1771/1985 1782/1999 1783/2000 1772/1984
f 1773/1986 1764/1973 1772/1984 1783/2000
f 1777/1992 1784/2001 1785/2002 1778/1993
f 1786/2003 1779/1994 1778/1993 1785/2002
f 1787/2004 1780/1995 1805/1996 1806/2005
f 1788/2006 1781/1997 1780/1995 1787/2004
f 1781/1997 1788/2006 1789/2007 1782/1998
f 1791/2008 1773/1986 1783/2000 1790/2009
f 1790/2009 1783/2000 1782/1999 1789/2010
f 1792/2011 1774/1987 1773/1986 1791/2008
f 1774/1987 1792/2011 1810/2012 1811/1988
f 1775/1989 1793/2013 1794/2014 1776/1990
f 1784/2001 1777/1992 1776/1991 1794/2015
f 1795/2016 1809/2017 1810/2012 1792/2011
f 1796/2018 1808/2019 1809/2020 1795/2021
f 1807/2022 1808/2019 1796/2018 1797/2023
f 1787/2004 1806/2005 1807/2022 1797/2023
f 1798/2024 1791/2008 1790/2009 1789/2010
f 1798/2024 1795/2016 1792/2011 1791/2008
f 1799/2025 1798/2026 1789/2007 1788/2006
f 1797/2023 1799/2025 1788/2006 1787/2004
f 1799/2025 1797/2023 1796/2018 1798/2026
f 1795/2021 1798/2026 1796/2018
f 1801/1911 1800/1910 1715/1907 1714/1908
f 1802/1948 1801/1911 1714/1908 1740/1946
f 1803/1968 1802/1948 1740/1946 1759/1966
f 1804/1981 1803/1968 1759/1966 1768/1979
f 1805/1996 1804/1981 1768/1979 1779/1994
f 1806/2005 1805/1996 1779/1994 1786/2003
f 1807/2022 1806/2005 1786/2003 1785/2002
f 1784/2001 1808/2019 1807/2022 1785/2002
f 1809/2020 1808/2019 1784/2001 1794/2015
f 1810/2012 1809/2017 1794/2014 1793/2013
f 1811/1988 1810/2012 1793/2013 1775/1989
f 1812/1972 1811/1988 1775/1989 1763/1975
f 1763/1975 1743/1961 1813/1953 1812/1972
f 1751/1959 1814/1940 1813/1953 1743/1961
f 1730/1931 1815/1927 1814/1940 1751/1959
f 1730/1931 1731/1934 1816/1928 1815/1927
s 48
f 1817/2027 1820/2028 1819/2029 1818/2030
f 1822/2031 1821/2032 1817/2027 1818/2030
f 1824/2033 1823/2034 1908/2035 1907/2036
f 1826/2037 1825/2038 1823/2034 1824/2033
f 1828/2039 1827/2040 1825/2038 1826/2037
f 1827/2041 1828/2042 1830/2043 1829/2044
f 1829/2044 1830/2043 1832/2045 1831/2046
f 1831/2046 1832/2045 1834/2047 1833/2048
f 1833/2048 1834/2047 1842/2049 1841/2050
f 1922/2051 1835/2052 1836/2053 1923/2054
f 1837/2055 1838/2056 1840/2057 1839/2058
f 1839/2059 1840/2060 1819/2029 1820/2028
f 1842/2049 1836/2053 1835/2052 1841/2050
f 1841/2050 1856/2061 1855/2062 1833/2048
f 1835/2052 1857/2063 1856/2061 1841/2050
f 1921/2064 1857/2063 1835/2052 1922/2051
f 1833/2048 1855/2062 1854/2065 1831/2046
f 1825/2038 1827/2040 1843/2066 1844/2067
f 1845/2068 1820/2028 1817/2027 1846/2069
f 1821/2032 1847/2070 1846/2069 1817/2027
f 1848/2071 1909/2072 1908/2035 1823/2034
f 1844/2067 1848/2071 1823/2034 1825/2038
f 1855/2062 1851/2073 1849/2074 1854/2065
f 1856/2061 1852/2075 1851/2073 1855/2062
f 1857/2063 1853/2076 1852/2075 1856/2061
f 1920/2077 1853/2076 1857/2063 1921/2064
f 1859/2078 1843/2079 1827/2041 1829/2044
f 1854/2065 1859/2078 1829/2044 1831/2046
f 1843/2079 1859/2078 1861/2080 1860/2081
f 1859/2078 1854/2065 1849/2074 1861/2080
f 1862/2082 1858/2083 1837/2055 1839/2058
f 1845/2068 1862/2084 1839/2059 1820/2028
f 1858/2083 1862/2082 1863/2085 1850/2086
f 1864/2087 1863/2088 1862/2084 1845/2068
f 1865/2089 1864/2087 1845/2068 1846/2069
f 1866/2090 1865/2089 1846/2069 1847/2070
f 1867/2091 1910/2092 1909/2072 1848/2071
f 1848/2071 1844/2067 1868/2093 1867/2091
f 1844/2067 1843/2066 1860/2094 1868/2093
f 1852/2075 1853/2076 1869/2095 1851/2073
f 1919/2096 1869/2095 1853/2076 1920/2077
f 1871/2097 1849/2074 1851/2073 1869/2095
f 1872/2098 1870/2099 1850/2086 1863/2085
f 1873/2100 1872/2101 1863/2088 1864/2087
f 1874/2102 1873/2100 1864/2087 1865/2089
f 1865/2089 1866/2090 1875/2103 1874/2102
f 1876/2104 1911/2105 1910/2092 1867/2091
f 1867/2091 1868/2093 1877/2106 1876/2104
f 1878/2107 1877/2106 1868/2093 1860/2094
f 1879/2108 1878/2109 1860/2081 1861/2080
f 1871/2097 1879/2108 1861/2080 1849/2074
f 1871/2097 1869/2095 1881/2110 1880/2111
f 1869/2095 1919/2096 1918/2112 1881/2110
f 1870/2099 1872/2098 1883/2113 1882/2114
f 1872/2101 1873/2100 1884/2115 1883/2116
f 1885/2117 1884/2115 1873/2100 1874/2102
f 1886/2118 1885/2117 1874/2102 1875/2103
f 1887/2119 1912/2120 1911/2105 1876/2104
f 1888/2121 1887/2119 1876/2104 1877/2106
f 1877/2106 1878/2107 1889/2122 1888/2121
f 1878/2109 1879/2108 1890/2123 1889/2124
f 1880/2111 1890/2123 1879/2108 1871/2097
f 1884/2115 1885/2117 1892/2125 1891/2126
f 1893/2127 1892/2125 1885/2117 1886/2118
f 1894/2128 1913/2129 1912/2120 1887/2119
f 1895/2130 1894/2128 1887/2119 1888/2121
f 1888/2121 1889/2122 1896/2131 1895/2130
f 1898/2132 1897/2133 1890/2123 1880/2111
f 1897/2133 1896/2134 1889/2124 1890/2123
f 1899/2135 1898/2132 1880/2111 1881/2110
f 1881/2110 1918/2112 1917/2136 1899/2135
f 1882/2114 1883/2113 1901/2137 1900/2138
f 1891/2126 1901/2139 1883/2116 1884/2115
f 1902/2140 1899/2135 1917/2136 1916/2141
f 1903/2142 1902/2143 1916/2144 1915/2145
f 1914/2146 1904/2147 1903/2142 1915/2145
f 1894/2128 1904/2147 1914/2146 1913/2129
f 1905/2148 1896/2134 1897/2133 1898/2132
f 1905/2148 1898/2132 1899/2135 1902/2140
f 1906/2149 1895/2130 1896/2131 1905/2150
f 1904/2147 1894/2128 1895/2130 1906/2149
f 1906/2149 1905/2150 1903/2142 1904/2147
f 1902/2143 1903/2142 1905/2150
f 1908/2035 1821/2032 1822/2031 1907/2036
f 1909/2072 1847/2070 1821/2032 1908/2035
f 1910/2092 1866/2090 1847/2070 1909/2072
f 1911/2105 1875/2103 1866/2090 1910/2092
f 1912/2120 1886/2118 1875/2103 1911/2105
f 1913/2129 1893/2127 1886/2118 1912/2120
f 1914/2146 1892/2125 1893/2127 1913/2129
f 1891/2126 1892/2125 1914/2146 1915/2145
f 1916/2144 1901/2139 1891/2126 1915/2145
f 1917/2136 1900/2138 1901/2137 1916/2141
f 1918/2112 1882/2114 1900/2138 1917/2136
f 1919/2096 1870/2099 1882/2114 1918/2112
f 1870/2099 1919/2096 1920/2077 1850/2086
f 1858/2083 1850/2086 1920/2077 1921/2064
f 1837/2055 1858/2083 1921/2064 1922/2051
f 1837/2055 1922/2051 1923/2054 1838/2056
s 51
f 1924/2151 1942/2152 3758/2153 3759/2154
f 1950/2155 3368/2156 3369/2157 1928/2158
f 1928/2158 1930/2159 1949/2160 1950/2155
f 1948/2161 1949/2160 1930/2159 1932/2162
f 1932/2162 1993/2163 1994/2164 1948/2161
f 1934/2165 1936/2166 1946/2167 1947/2168
f 1936/2166 1938/2169 1945/2170 1946/2167
f 1943/2171 1944/2172 1941/2173 1927/2174
f 1938/2169 1941/2173 1944/2172 1945/2170
f 3757/2175 3758/2153 1942/2152 1925/2176
f 1926/2177 1940/2178 1944/2172 1943/2171
f 1945/2170 1944/2172 1940/2178 1939/2179
f 1946/2167 1945/2170 1939/2179 1937/2180
f 1947/2168 1946/2167 1937/2180 1935/2181
f 1948/2161 1994/2164 1995/2182 1933/2183
f 1933/2183 1931/2184 1949/2160 1948/2161
f 1950/2155 1949/2160 1931/2184 1929/2185
f 1929/2185 3367/2186 3368/2156 1950/2155
f 1952/2187 1951/2188 1931/2184 1933/2183
f 1929/2185 1931/2184 1951/2188 1953/2189
f 3366/2190 3367/2186 1929/2185 1953/2189
f 1954/2191 3756/2192 3757/2175 1925/2176
f 1933/2183 1995/2182 1996/2193 1952/2187
f 1935/2181 1937/2180 1957/2194 1956/2195
f 1958/2196 1957/2194 1937/2180 1939/2179
f 1939/2179 1940/2178 1959/2197 1958/2196
f 1940/2178 1926/2177 1955/2198 1959/2197
f 1961/2199 1960/2200 1957/2194 1958/2196
f 1960/2200 1963/2201 1964/2202 1957/2194
f 1966/2203 1964/2202 1963/2201 1965/2204
f 1966/2203 1965/2204 1967/2205 1968/2206
f 1967/2205 3943/2207 3944/2208 1968/2206
f 1956/2195 1957/2194 1964/2202 1971/2209
f 1996/2193 1997/2210 1972/2211 1952/2187
f 1974/2212 4034/2213 4035/2214 1973/2215
f 1973/2215 1975/2216 1976/2217 1974/2212
f 1977/2218 1973/2215 4035/2214 4036/2219
f 1974/2220 1978/2221 4033/2222 4034/2223
f 1976/2224 1979/2225 1978/2221 1974/2220
f 1981/2226 1977/2218 4036/2219 4037/2227
f 1982/2228 1980/2229 1959/2197 1955/2198
f 1983/2230 3755/2231 3756/2192 1954/2191
f 3944/2208 3945/2232 1984/2233 1968/2206
f 1984/2233 1986/2234 1987/2235 1968/2206
f 1966/2203 1988/2236 1971/2209 1964/2202
f 1968/2206 1987/2235 1988/2236 1966/2203
f 1986/2234 1989/2237 1990/2238 1987/2235
f 1992/2239 1990/2238 1989/2237 1991/2240
f 1994/2164 1993/2163 1934/2165 1947/2168
f 1995/2182 1994/2164 1947/2168 1935/2181
f 1996/2193 1995/2182 1935/2181 1956/2195
f 1971/2209 1997/2210 1996/2193 1956/2195
f 1997/2210 1971/2209 1988/2236 1998/2241
f 1987/2235 1990/2238 1998/2241 1988/2236
f 1999/2242 1998/2241 1990/2238 1992/2239
f 1998/2241 1999/2242 1972/2211 1997/2210
f 1991/2240 2000/2243 2001/2244 1992/2239
f 2000/2243 2031/2245 2032/2246 2001/2244
f 2005/2247 2003/2248 2002/2249 2004/2250
f 2004/2250 2006/2251 2007/2252 2005/2247
f 2009/2253 2007/2252 2006/2251 2008/2254
f 3950/2255 3951/2256 2009/2253 2008/2254
f 3945/2232 3946/2257 2012/2258 1984/2233
f 2012/2258 2014/2259 1986/2234 1984/2233
f 2014/2259 2015/2260 1989/2237 1986/2234
f 2015/2260 2016/2261 1991/2240 1989/2237
f 2017/2262 2018/2263 2004/2250 2002/2249
f 2018/2263 2019/2264 2006/2251 2004/2250
f 2019/2264 2020/2265 2008/2254 2006/2251
f 2020/2265 3949/2266 3950/2255 2008/2254
f 3946/2257 3947/2267 2022/2268 2012/2258
f 2022/2268 2024/2269 2014/2259 2012/2258
f 2024/2269 2025/2270 2015/2260 2014/2259
f 2025/2270 2026/2271 2016/2261 2015/2260
f 2028/2272 2027/2273 2025/2274 2024/2275
f 2027/2273 2028/2272 2019/2264 2018/2263
f 2000/2243 1991/2240 2016/2261 2029/2276
f 2029/2276 2030/2277 2031/2245 2000/2243
f 2031/2245 2030/2277 2017/2262 2002/2249
f 2032/2246 2031/2245 2002/2249 2003/2248
f 2030/2277 2029/2276 2016/2261 2026/2271
f 2033/2278 2017/2262 2030/2277 2026/2271
f 2027/2273 2033/2278 2026/2271 2025/2274
f 2033/2278 2027/2273 2018/2263 2017/2262
f 2024/2275 2022/2279 2034/2280 2028/2272
f 2020/2265 2019/2264 2028/2272 2034/2280
f 2022/2279 3947/2281 3948/2282 2034/2280
f 2034/2280 3948/2282 3949/2266 2020/2265
f 2037/2283 2036/2284 1965/2285 1963/2286
f 2039/2287 2037/2283 1963/2286 2038/2288
f 1963/2286 1960/2289 2040/2290 2038/2288
f 1962/2291 2040/2290 1960/2289 1961/2292
f 2042/2293 2039/2287 2038/2288 2041/2294
f 2044/2295 2042/2293 2041/2294 2043/2296
f 2046/2297 2045/2298 2044/2295 2043/2296
f 2049/2299 2048/2300 2047/2301 1967/2302
f 2036/2284 2049/2299 1967/2302 1965/2285
f 1967/2302 2047/2301 3942/2303 3943/2304
f 2052/2305 2047/2301 2048/2300 2051/2306
f 3941/2307 3942/2303 2047/2301 2052/2305
f 2055/2308 2052/2305 2051/2306 2054/2309
f 2054/2309 2045/2298 2046/2297 2055/2308
f 3940/2310 3941/2307 2052/2305 2055/2308
f 2055/2308 2046/2297 3939/2311 3940/2310
f 3938/2312 3939/2311 2046/2297 2056/2313
f 2056/2313 2057/2314 3937/2315 3938/2312
f 2060/2316 2056/2313 2046/2297 2043/2296
f 2061/2317 2060/2316 2043/2296 2041/2294
f 2040/2290 2061/2317 2041/2294 2038/2288
f 2056/2313 2060/2316 2062/2318 2057/2314
f 2063/2319 2062/2318 2060/2316 2061/2317
f 2061/2317 2040/2290 1962/2291 2063/2319
f 1979/2225 2064/2320 2065/2321 1978/2221
f 4032/2322 4033/2222 1978/2221 2065/2321
f 2064/2320 2066/2323 2067/2324 2065/2321
f 4031/2325 4032/2322 2065/2321 2067/2324
f 2067/2324 2059/2326 4030/2327 4031/2325
f 2066/2323 2068/2328 2059/2326 2067/2324
f 2070/2329 2069/2330 2039/2287 2042/2293
f 2039/2287 2069/2330 2071/2331 2037/2283
f 2072/2332 2036/2284 2037/2283 2071/2331
f 2072/2332 2073/2333 2049/2299 2036/2284
f 2073/2333 2074/2334 2048/2300 2049/2299
f 2074/2334 2075/2335 2051/2306 2048/2300
f 2075/2335 2076/2336 2054/2309 2051/2306
f 2077/2337 2045/2298 2054/2309 2076/2336
f 2078/2338 2044/2295 2045/2298 2077/2337
f 2078/2338 2070/2329 2042/2293 2044/2295
f 2080/2339 2079/2340 2069/2330 2070/2329
f 2081/2341 2071/2331 2069/2330 2079/2340
f 2071/2331 2081/2341 2082/2342 2072/2332
f 2082/2342 2083/2343 2073/2333 2072/2332
f 2083/2343 2084/2344 2074/2334 2073/2333
f 2084/2344 2085/2345 2075/2335 2074/2334
f 2085/2345 2086/2346 2076/2336 2075/2335
f 2087/2347 2077/2337 2076/2336 2086/2346
f 2088/2348 2078/2338 2077/2337 2087/2347
f 2088/2348 2080/2339 2070/2329 2078/2338
f 2084/2344 2083/2343 2082/2342 2085/2345
f 2087/2347 2086/2346 2085/2345 2088/2348
f 2079/2340 2080/2339 2082/2342 2081/2341
f 2082/2342 2080/2339 2088/2348 2085/2345
f 2089/2349 3365/2350 3366/2190 1953/2189
f 2094/2351 2093/2352 2090/2353 2092/2354
f 2096/2355 2090/2353 2093/2352 2095/2356
f 2095/2356 2097/2357 2098/2358 2096/2355
f 2091/2359 2099/2360 2094/2351 2092/2354
f 2101/2361 2119/2362 2120/2363 2100/2364
f 2103/2365 2101/2361 2100/2364 2102/2366
f 2105/2367 2103/2365 2102/2366 2104/2368
f 2107/2369 2208/2370 2209/2371 2106/2372
f 4054/2373 4055/2374 2108/2375 2109/2376
f 2106/2372 2109/2376 2108/2375 2107/2369
f 2110/2377 2089/2349 2096/2355 2098/2358
f 2111/2378 4053/2379 4054/2373 2109/2376
f 2112/2380 2111/2378 2109/2376 2106/2372
f 2209/2371 2210/2381 2112/2380 2106/2372
f 2104/2368 2102/2366 2114/2382 2113/2383
f 2102/2366 2100/2364 2115/2384 2114/2382
f 2089/2349 2116/2385 2090/2353 2096/2355
f 2116/2385 2117/2386 2092/2354 2090/2353
f 1953/2189 1951/2188 2116/2385 2089/2349
f 2117/2386 2118/2387 2091/2359 2092/2354
f 2100/2364 2120/2363 2121/2388 2115/2384
f 2117/2386 2116/2385 1951/2188 1952/2187
f 2117/2386 1952/2187 1972/2211 2118/2387
f 2120/2363 2119/2362 2099/2360 2091/2359
f 2121/2388 2120/2363 2091/2359 2118/2387
f 2118/2387 1972/2211 1999/2242 2121/2388
f 2001/2244 2121/2388 1999/2242 1992/2239
f 2032/2246 2115/2384 2121/2388 2001/2244
f 2003/2248 2122/2389 2115/2384 2032/2246
f 2124/2390 2115/2384 2122/2389 2123/2391
f 2125/2392 2122/2389 2003/2248 2005/2247
f 2126/2393 2125/2392 2005/2247 2007/2252
f 2127/2394 2126/2393 2007/2252 2009/2253
f 2128/2395 2123/2391 2122/2389 2125/2392
f 2124/2390 2129/2396 2114/2382 2115/2384
f 2123/2391 2130/2397 2129/2396 2124/2390
f 2131/2398 2128/2395 2125/2392 2126/2393
f 3951/2256 3952/2399 2127/2394 2009/2253
f 2134/2400 2127/2394 3952/2399 3953/2401
f 2134/2400 2131/2398 2126/2393 2127/2394
f 2130/2397 2123/2391 2128/2395 2135/2402
f 3953/2401 3954/2403 2136/2404 2134/2400
f 2136/2404 2138/2405 2131/2398 2134/2400
f 2138/2405 2135/2402 2128/2395 2131/2398
f 2140/2406 2139/2407 2135/2402 2138/2405
f 3954/2403 3955/2408 2141/2409 2136/2404
f 2141/2409 2140/2406 2138/2405 2136/2404
f 2139/2407 2143/2410 2144/2411 2135/2402
f 2143/2410 4009/2412 4010/2413 2144/2411
f 2135/2402 2144/2411 2147/2414 2130/2397
f 1981/2226 2148/2415 4683/2416 4680/2417
f 4037/2227 4038/2418 2148/2415 1981/2226
f 1980/2229 1982/2228 2150/2419 2149/2420
f 2151/2421 3754/2422 3755/2231 1983/2230
f 3364/2423 3365/2350 2089/2349 2152/2424
f 4027/2425 4730/2426 4683/2416 2148/2415
f 4038/2418 4039/2427 4027/2425 2148/2415
f 4025/2428 4026/2429 2149/2420 2150/2419
f 4021/2430 4022/2431 3754/2422 2151/2421
f 4019/2432 4020/2433 3364/2423 2152/2424
f 2159/2434 2152/2424 2089/2349 2110/2377
f 4018/2435 4019/2432 2152/2424 2159/2434
f 2161/2436 4052/2437 4053/2379 2111/2378
f 4017/2438 4051/2439 4052/2437 2161/2436
f 2111/2378 2112/2380 2163/2440 2161/2436
f 4016/2441 4017/2438 2161/2436 2163/2440
f 2112/2380 2210/2381 2211/2442 2163/2440
f 2166/2443 2129/2396 2130/2397 2147/2414
f 2167/2444 2114/2382 2129/2396 2166/2443
f 2167/2444 2165/2445 2113/2383 2114/2382
f 2211/2442 4015/2446 4016/2441 2163/2440
f 4013/2447 4014/2448 2165/2445 2167/2444
f 2166/2443 4012/2449 4013/2447 2167/2444
f 2147/2414 4011/2450 4012/2449 2166/2443
f 4010/2413 4011/2450 2147/2414 2144/2411
f 3742/2451 3743/2452 2219/2453 2220/2454
f 2175/2455 2173/2456 2172/2457 2174/2458
f 2175/2455 2176/2459 2177/2460 2173/2456
f 3743/2452 3744/2461 2218/2462 2219/2453
f 2176/2459 2178/2463 2179/2464 2177/2460
f 2217/2465 2218/2462 3744/2461 3745/2466
f 2178/2463 2180/2467 2181/2468 2179/2464
f 2216/2469 2217/2465 3745/2466 3746/2470
f 2215/2471 2216/2469 3746/2470 3747/2472
f 4686/2473 2182/2474 4685/2475
f 2180/2467 4685/2475 2181/2468
f 4685/2475 2182/2474 2181/2468
f 2200/2476 2201/2477 4691/2478
f 2182/2474 4686/2473 2201/2477
f 2201/2477 4686/2473 4691/2478
f 2153/2479 2183/2480 2184/2481 2154/2482
f 2156/2483 2185/2484 2186/2485 2155/2486
f 4040/2487 4041/2488 2183/2480 2153/2479
f 3752/2489 3753/2490 2157/2491 2187/2492
f 2188/2493 3362/2494 3363/2495 2158/2496
f 2158/2496 2160/2497 2189/2498 2188/2493
f 2190/2499 4049/2500 4050/2501 2162/2502
f 3361/2503 3362/2494 2188/2493 2189/2498
f 2187/2492 2191/2504 3751/2505 3752/2489
f 2185/2484 2192/2506 2193/2507 2186/2485
f 2194/2508 2183/2480 4041/2488 4042/2509
f 4042/2509 4043/2510 2195/2511 2194/2508
f 4046/2512 4047/2513 2196/2514 3750/2515
f 2190/2499 3360/2516 4048/2517 4049/2500
f 2195/2511 2197/2518 4690/2519 4689/2520
f 3749/2521 3750/2515 2196/2514 2198/2522
f 2199/2523 3359/2524 3360/2516 2190/2499
f 2162/2502 2164/2525 2199/2523 2190/2499
f 4690/2519 2197/2518 4692/2526
f 2200/2476 4692/2526 2201/2477
f 4692/2526 2197/2518 2201/2477
f 2169/2527 2203/2528 2202/2529 2168/2530
f 2170/2531 2204/2532 2203/2528 2169/2527
f 2171/2533 2205/2534 2204/2532 2170/2531
f 2206/2535 2205/2534 2171/2533 2146/2536
f 2207/2537 2206/2535 2146/2536 2145/2538
f 2209/2371 2208/2370 2105/2367 2104/2368
f 2113/2383 2210/2381 2209/2371 2104/2368
f 2211/2442 2210/2381 2113/2383 2165/2445
f 4014/2448 4015/2446 2211/2442 2165/2445
f 2213/2539 2199/2523 2164/2525 2212/2540
f 3748/2541 3749/2521 2198/2522 2214/2542
f 3358/2543 3359/2524 2199/2523 2213/2539
f 2212/2540 2168/2530 2202/2529 2213/2539
f 2202/2529 2203/2528 3356/2544 3357/2545
f 2203/2528 2204/2532 3355/2546 3356/2544
f 2204/2532 2205/2534 3354/2547 3355/2546
f 3353/2548 3354/2547 2205/2534 2206/2535
f 3352/2549 3353/2548 2206/2535 2207/2537
f 2213/2539 2202/2529 3357/2545 3358/2543
f 2214/2542 2215/2471 3747/2472 3748/2541
f 2097/2550 2095/2551 2221/2552 2222/2553
f 2093/2554 2223/2555 2221/2556 2095/2557
f 2225/2558 2224/2559 2223/2555 2093/2554
f 2226/2560 2225/2558 2093/2554 2094/2561
f 2227/2562 2226/2560 2094/2561 2099/2563
f 2228/2564 2227/2562 2099/2563 2119/2565
f 2228/2564 2119/2565 2101/2566 2229/2567
f 2230/2568 2229/2567 2101/2566 2103/2569
f 2231/2570 2230/2571 2103/2572 2105/2573
f 4055/2574 4056/2575 2232/2576 2108/2577
f 2232/2576 2233/2578 2107/2579 2108/2577
f 2107/2579 2233/2578 2234/2580 2208/2581
f 2208/2581 2234/2580 2231/2570 2105/2573
f 2224/2559 2235/2582 2236/2583 2223/2555
f 2223/2555 2236/2583 2237/2584 2221/2556
f 2221/2552 2237/2585 2238/2586 2222/2553
f 4056/2575 4057/2587 2239/2588 2232/2576
f 2226/2560 2227/2562 2240/2589 2241/2590
f 2241/2590 2242/2591 2225/2558 2226/2560
f 2242/2591 2243/2592 2224/2559 2225/2558
f 2243/2592 2244/2593 2235/2582 2224/2559
f 2244/2593 2245/2594 2246/2595 2235/2582
f 2245/2594 2247/2596 2248/2597 2246/2595
f 2247/2596 2249/2598 2250/2599 2248/2597
f 2252/2600 2251/2601 2248/2597 2250/2599
f 2251/2601 2253/2602 2246/2595 2248/2597
f 2253/2602 2236/2583 2235/2582 2246/2595
f 2228/2564 2254/2603 2240/2589 2227/2562
f 2229/2567 2255/2604 2254/2603 2228/2564
f 2255/2604 2256/2605 2257/2606 2254/2603
f 2257/2606 2258/2607 2240/2589 2254/2603
f 2258/2607 2259/2608 2241/2590 2240/2589
f 2259/2608 2260/2609 2242/2591 2241/2590
f 2260/2609 2261/2610 2243/2592 2242/2591
f 2261/2610 2262/2611 2244/2593 2243/2592
f 2262/2611 2263/2612 2245/2594 2244/2593
f 2263/2612 2264/2613 2247/2596 2245/2594
f 2265/2614 2255/2604 2229/2567 2230/2568
f 2255/2604 2265/2614 2266/2615 2256/2605
f 2268/2616 2265/2614 2230/2568 2267/2617
f 2267/2617 2269/2618 2270/2619 2268/2616
f 2272/2620 2270/2619 2269/2618 2271/2621
f 2271/2621 2273/2622 2274/2623 2272/2620
f 2276/2624 2274/2623 2273/2622 2275/2625
f 2278/2626 2276/2624 2275/2625 2277/2627
f 2280/2628 2278/2626 2277/2627 2279/2629
f 2279/2629 2281/2630 2282/2631 2280/2628
f 2281/2630 2283/2632 2284/2633 2282/2631
f 2285/2634 2284/2633 2283/2632 2286/2635
f 2288/2636 2285/2634 2286/2635 2287/2637
f 2287/2637 2289/2638 2290/2639 2288/2636
f 2289/2638 2291/2640 2292/2641 2290/2639
f 2291/2640 2328/2642 2329/2643 2292/2641
f 2295/2644 2266/2615 2265/2614 2268/2616
f 2296/2645 2295/2644 2268/2616 2270/2619
f 2270/2619 2272/2620 2297/2646 2296/2645
f 2298/2647 2297/2646 2272/2620 2274/2623
f 2299/2648 2298/2647 2274/2623 2276/2624
f 2300/2649 2299/2648 2276/2624 2278/2626
f 2278/2626 2280/2628 2301/2650 2300/2649
f 2302/2651 2301/2650 2280/2628 2282/2631
f 2303/2652 2302/2651 2282/2631 2284/2633
f 2304/2653 2303/2652 2284/2633 2285/2634
f 2305/2654 2304/2653 2285/2634 2288/2636
f 2306/2655 2305/2654 2288/2636 2290/2639
f 2329/2643 2330/2656 2307/2657 2292/2641
f 2264/2613 2309/2658 2249/2598 2247/2596
f 2310/2659 2237/2584 2236/2583 2253/2602
f 2311/2660 2310/2659 2253/2602 2251/2601
f 2251/2601 2252/2600 2312/2661 2311/2660
f 2311/2662 2312/2663 2313/2664 2314/2665
f 2314/2665 2315/2666 2310/2667 2311/2662
f 2238/2586 2237/2585 2310/2667 2315/2666
f 2252/2600 2316/2668 2317/2669 2312/2661
f 2318/2670 2313/2664 2312/2663 2317/2671
f 2320/2672 2317/2669 2316/2668 2319/2673
f 2321/2674 2318/2670 2317/2671 2320/2675
f 2323/2676 2321/2674 2320/2675 2322/2677
f 2325/2678 2323/2676 2322/2677 2324/2679
f 2322/2680 2320/2672 2319/2673 2326/2681
f 2324/2682 2322/2680 2326/2681 2327/2683
f 2329/2643 2328/2642 2293/2684 2294/2685
f 2308/2686 2330/2656 2329/2643 2294/2685
f 2327/2683 2331/2687 2332/2688 2324/2682
f 2331/2687 2327/2683 2330/2656 2308/2686
f 2334/2689 2331/2687 2308/2686 2333/2690
f 2335/2691 2332/2688 2331/2687 2334/2689
f 2336/2692 2333/2690 2308/2686 2294/2685
f 2293/2684 2337/2693 2336/2692 2294/2685
f 2339/2694 2338/2695 2332/2696 2335/2697
f 2338/2695 2325/2678 2324/2679 2332/2696
f 4065/2698 4066/2699 2340/2700 2341/2701
f 2339/2694 2335/2697 2342/2702 2343/2703
f 2344/2704 2340/2700 4066/2699 4067/2705
f 2344/2704 2345/2706 2337/2707 2340/2700
f 2345/2708 2346/2709 2336/2692 2337/2693
f 2346/2709 2347/2710 2333/2690 2336/2692
f 2348/2711 2342/2712 2335/2691 2334/2689
f 2348/2711 2334/2689 2333/2690 2347/2710
f 2342/2712 2348/2711 2347/2710 2343/2713
f 2346/2709 2345/2708 2343/2713 2347/2710
f 2345/2706 2344/2704 4067/2705 2343/2703
f 2309/2658 2349/2714 2250/2599 2249/2598
f 2316/2668 2252/2600 2250/2599 2349/2714
f 2319/2673 2316/2668 2349/2714 2350/2715
f 2350/2715 2349/2714 2353/2716 2354/2717
f 2352/2718 2353/2716 2349/2714 2309/2658
f 2351/2719 2352/2718 2309/2658 2264/2613
f 2304/2653 2352/2718 2351/2719 2303/2652
f 2305/2654 2353/2716 2352/2718 2304/2653
f 2354/2717 2353/2716 2305/2654 2306/2655
f 2355/2720 2351/2719 2264/2613 2263/2612
f 2302/2651 2303/2652 2351/2719 2355/2720
f 2355/2720 2300/2649 2301/2650 2302/2651
f 2356/2721 2355/2720 2263/2612 2262/2611
f 2299/2648 2300/2649 2355/2720 2356/2721
f 2262/2611 2261/2610 2357/2722 2356/2721
f 2358/2723 2299/2648 2356/2721 2357/2722
f 2298/2647 2299/2648 2358/2723 2297/2646
f 2266/2615 2359/2724 2257/2606 2256/2605
f 2360/2725 2258/2607 2257/2606 2359/2724
f 2261/2610 2260/2609 2361/2726 2357/2722
f 2360/2725 2362/2727 2259/2608 2258/2607
f 2260/2609 2259/2608 2362/2727 2361/2726
f 2363/2728 2359/2724 2266/2615 2295/2644
f 2359/2724 2363/2728 2362/2727 2360/2725
f 2364/2729 2361/2726 2362/2727 2363/2728
f 2295/2644 2296/2645 2364/2729 2363/2728
f 2364/2729 2358/2723 2357/2722 2361/2726
f 2296/2645 2297/2646 2358/2723 2364/2729
f 2365/2730 2354/2717 2306/2655 2290/2639
f 2307/2657 2365/2730 2290/2639 2292/2641
f 2327/2683 2326/2681 2307/2657 2330/2656
f 2307/2657 2326/2681 2366/2731 2365/2730
f 2350/2715 2366/2731 2326/2681 2319/2673
f 2354/2717 2365/2730 2366/2731 2350/2715
f 2341/2701 2367/2732 4064/2733 4065/2698
f 2367/2732 2368/2734 4063/2735 4064/2733
f 4062/2736 4063/2735 2368/2734 2369/2737
f 4061/2738 4062/2736 2369/2737 2370/2739
f 2370/2739 2371/2740 4060/2741 4061/2738
f 2371/2740 2372/2742 4059/2743 4060/2741
f 4058/2744 4059/2743 2372/2742 2373/2745
f 4057/2587 4058/2744 2373/2745 2239/2588
f 2269/2746 2267/2747 2230/2571 2231/2570
f 2271/2748 2269/2746 2231/2570 2234/2580
f 2374/2749 2273/2750 2271/2748 2234/2580
f 2234/2580 2233/2578 2375/2751 2374/2749
f 2374/2749 2375/2751 2275/2752 2273/2750
f 2375/2751 2376/2753 2277/2754 2275/2752
f 2277/2754 2377/2755 2281/2756 2279/2757
f 2376/2753 2378/2758 2377/2755 2277/2754
f 2378/2758 2379/2759 2380/2760 2377/2755
f 2377/2755 2380/2760 2283/2761 2281/2756
f 2382/2762 2380/2760 2379/2759 2381/2763
f 2286/2764 2283/2761 2380/2760 2382/2762
f 2233/2578 2232/2576 2239/2588 2375/2751
f 2375/2751 2239/2588 2373/2745 2376/2753
f 2376/2753 2373/2745 2372/2742 2378/2758
f 2378/2758 2372/2742 2371/2740 2379/2759
f 2370/2739 2381/2763 2379/2759 2371/2740
f 2382/2762 2383/2765 2287/2766 2286/2764
f 2383/2765 2382/2762 2381/2763 2384/2767
f 2381/2763 2370/2739 2369/2737 2384/2767
f 2289/2768 2287/2766 2383/2765 2385/2769
f 2384/2767 2386/2770 2385/2769 2383/2765
f 2368/2734 2386/2770 2384/2767 2369/2737
f 2328/2771 2291/2772 2388/2773 2387/2774
f 2385/2769 2388/2773 2291/2772 2289/2768
f 2341/2701 2340/2700 2337/2707 2293/2775
f 2341/2701 2293/2775 2328/2771 2387/2774
f 2387/2774 2389/2776 2367/2732 2341/2701
f 2389/2776 2387/2774 2388/2773 2390/2777
f 2386/2770 2390/2777 2388/2773 2385/2769
f 2386/2770 2368/2734 2367/2732 2390/2777
f 2367/2732 2389/2776 2390/2777
f 2392/2778 2391/2779 2174/2780 2172/2781
f 2393/2782 4564/2783 4694/2784
f 4694/2784 4564/2783 4734/2785
f 4564/2783 4565/2786 4734/2785
f 2145/2787 2396/2788 2397/2789 2207/2790
f 2207/2790 2397/2789 3351/2791 3352/2792
f 2220/2793 2398/2794 3741/2795 3742/2796
f 4008/2797 4009/2798 2143/2799 2399/2800
f 2143/2799 2139/2801 2400/2802 2399/2800
f 2401/2803 2400/2804 2139/2805 2140/2806
f 2140/2806 2141/2807 2402/2808 2401/2803
f 3955/2809 3956/2810 2402/2808 2141/2807
f 3956/2810 3957/2811 2404/2812 2402/2808
f 2979/2813 3958/2814 4504/2815 4505/2816
f 2407/2817 4418/2818 4419/2819 3959/2820
f 3960/2821 2759/2822 2407/2817 3959/2820
f 2410/2823 2402/2808 2404/2812 2409/2824
f 2410/2823 2411/2825 2401/2803 2402/2808
f 2414/2826 2412/2827 2400/2804 2413/2828
f 2400/2804 2401/2803 2411/2825 2413/2828
f 2413/2828 2415/2829 2416/2830 2414/2826
f 2975/2831 2976/2832 4508/2833 4509/2834
f 2418/2835 4414/2836 4415/2837 2417/2838
f 2762/2839 2763/2840 2418/2835 2417/2838
f 2419/2841 2787/2842 2788/2843 2420/2844
f 2424/2845 2823/2846 2824/2847 2423/2848
f 2426/2849 4382/2850 4383/2851 2425/2852
f 2893/2853 2894/2854 2426/2849 2425/2852
f 4476/2855 4477/2856 2428/2857 2427/2858
f 2432/2859 2846/2860 2847/2861 2431/2862
f 4553/2863 4554/2864 2432/2859 2431/2862
f 2432/2859 2433/2865 2845/2866 2846/2860
f 2847/2867 2848/2868 2434/2869 2431/2870
f 2436/2871 2435/2872 2412/2873 2414/2874
f 2437/2875 2436/2871 2414/2874 2416/2876
f 2974/2877 2975/2878 4509/2879 4510/2880
f 2438/2881 4413/2882 4414/2883 2418/2884
f 2763/2885 2764/2886 2438/2881 2418/2884
f 2788/2887 2789/2888 2439/2889 2420/2890
f 2441/2891 2822/2892 2823/2893 2424/2894
f 4381/2895 4382/2896 2426/2897 2442/2898
f 2894/2899 2895/2900 2442/2898 2426/2897
f 2434/2869 4552/2901 4553/2902 2431/2870
f 2428/2903 4477/2904 4478/2905 2443/2906
f 2415/2829 2413/2828 2411/2825 2445/2907
f 2409/2824 2445/2907 2411/2825 2410/2823
f 2978/2908 2979/2813 4505/2816 4506/2909
f 4507/2910 4508/2833 2976/2832 2977/2911
f 2977/2911 2978/2908 4506/2909 4507/2910
f 2407/2817 2446/2912 4417/2913 4418/2818
f 2446/2912 2447/2914 4416/2915 4417/2913
f 2447/2914 2417/2838 4415/2837 4416/2915
f 2761/2916 2762/2839 2417/2838 2447/2914
f 2760/2917 2761/2916 2447/2914 2446/2912
f 2759/2822 2760/2917 2446/2912 2407/2817
f 2419/2841 2450/2918 2786/2919 2787/2842
f 2452/2920 2450/2918 2419/2841 2448/2921
f 2454/2922 2785/2923 2786/2919 2450/2918
f 2824/2847 2825/2924 2455/2925 2423/2848
f 2825/2924 2826/2926 2456/2927 2455/2925
f 2784/2928 2785/2923 2454/2922 2457/2929
f 2826/2926 2827/2930 2459/2931 2456/2927
f 2457/2929 2497/2932 2783/2933 2784/2928
f 2460/2934 2462/2935 2781/2936 2782/2937
f 2462/2935 2464/2938 2780/2939 2781/2936
f 2827/2930 2828/2940 2499/2941 2459/2931
f 2829/2942 2830/2943 2467/2944 2466/2945
f 2468/2946 2467/2944 2830/2943 2831/2947
f 2470/2948 2423/2848 2455/2925 2469/2949
f 4383/2851 4384/2950 2471/2951 2425/2852
f 2433/2865 2432/2859 4554/2864 4555/2952
f 4475/2953 4476/2855 2427/2858 2473/2954
f 2892/2955 2893/2853 2425/2852 2471/2951
f 2433/2865 4006/2956 4007/2957 2845/2866
f 2474/2958 2475/2959 2843/2960 2844/2961
f 2475/2959 3349/2962 3350/2963 2843/2960
f 3739/2964 3740/2965 2842/2966 2476/2967
f 2476/2967 4560/2968 4561/2969 3739/2964
f 4558/2970 4559/2971 3349/2962 2475/2959
f 4557/2972 4558/2970 2475/2959 2474/2958
f 4555/2952 4556/2973 4006/2956 2433/2865
f 4469/2974 4470/2975 2482/2976 3736/2977
f 3346/2978 4471/2979 4472/2980 2483/2981
f 2483/2981 4472/2980 4473/2982 2484/2983
f 2473/2954 4003/2984 4474/2985 4475/2953
f 4001/2986 4002/2987 2892/2955 2471/2951
f 2890/2988 2891/2989 2485/2990 2486/2991
f 3344/2992 3345/2993 2890/2988 2486/2991
f 3734/2994 3735/2995 2889/2996 2487/2997
f 2488/2998 2454/2922 2450/2918 2452/2920
f 2490/2999 2489/3000 2449/3001 2408/3002
f 2489/3000 2452/2920 2448/2921 2449/3001
f 3961/3003 3962/3004 2490/2999 2408/3002
f 2491/3005 2457/2929 2454/2922 2488/2998
f 2493/3006 2492/3007 2489/3000 2490/2999
f 2492/3007 2488/2998 2452/2920 2489/3000
f 2488/2998 2492/3007 2494/3008 2491/3005
f 2495/3009 2494/3008 2492/3007 2493/3006
f 3963/3010 3964/3011 2495/3009 2493/3006
f 3962/3004 3963/3010 2493/3006 2490/2999
f 2782/2937 2783/2933 2497/2932 2460/2934
f 2466/2945 2499/2941 2828/2940 2829/2942
f 3964/3011 3965/3012 2500/3013 2495/3009
f 2501/3014 2500/3013 3965/3012 3966/3015
f 2501/3014 3966/3015 3967/3016 2503/3017
f 2500/3013 2504/3018 2494/3008 2495/3009
f 2504/3018 2505/3019 2491/3005 2494/3008
f 2491/3005 2505/3019 2497/2932 2457/2929
f 2506/3020 2460/2934 2497/2932 2505/3019
f 2507/3021 2506/3020 2505/3019 2504/3018
f 2501/3014 2507/3021 2504/3018 2500/3013
f 2508/3022 2462/2935 2460/2934 2506/3020
f 2509/3023 2508/3022 2506/3020 2507/3021
f 2503/3017 2509/3023 2507/3021 2501/3014
f 2468/2946 2831/2947 2832/3024 2511/3025
f 2512/3026 2779/3027 2780/2939 2464/2938
f 2511/3025 3676/3028 3677/3029 2468/2946
f 2516/3030 2512/3026 2464/2938 2515/3031
f 2518/3032 2516/3030 2515/3031 2517/3033
f 2520/3034 3927/3035 3928/3036 2519/3037
f 2522/3038 2520/3034 2519/3037 2521/3039
f 2524/3040 2522/3038 2521/3039 2523/3041
f 2526/3042 3904/3043 3905/3044 2525/3045
f 2525/3046 2527/3047 2528/3048 2526/3049
f 3905/3044 3974/3050 3975/3051 2525/3045
f 3972/3052 3973/3053 2523/3041 2521/3039
f 3971/3054 3972/3052 2521/3039 2529/3055
f 2527/3047 2525/3046 3975/3056 3976/3057
f 2531/3058 3843/3059 3844/3060 2530/3061
f 3328/3062 3329/3063 2531/3058 2530/3061
f 3716/3064 3717/3065 2533/3066 2532/3067
f 4572/3068 4573/3069 2528/3048 2527/3047
f 3976/3057 4571/3070 4572/3068 2527/3047
f 2537/3071 2535/3072 3977/3073 3978/3074
f 2538/3075 2533/3066 3717/3065 3718/3076
f 2539/3077 2537/3071 3978/3074 3979/3078
f 3329/3063 3330/3079 2540/3080 2531/3058
f 2541/3081 2538/3075 3718/3076 3719/3082
f 2540/3080 3842/3083 3843/3059 2531/3058
f 3677/3029 3678/3084 2543/3085 2468/2946
f 2468/2946 2543/3085 2544/3086 2467/2944
f 2543/3085 3678/3084 3679/3087 2544/3086
f 3841/3088 3842/3083 2540/3080 2546/3089
f 3330/3079 3331/3090 2546/3089 2540/3080
f 2547/3091 2466/2945 2467/2944 2544/3086
f 2547/3091 2548/3092 2499/2941 2466/2945
f 2459/2931 2499/2941 2548/3092 2552/3093
f 2552/3093 2555/3094 2456/2927 2459/2931
f 2555/3094 2552/3093 3995/3095 3996/3096
f 2554/3097 2557/3098 2556/3099 2553/3100
f 3728/3101 3729/3102 2558/3103 2551/3104
f 3338/3105 3339/3106 2557/3098 2554/3097
f 2455/2925 2456/2927 2555/3094 2469/2949
f 2395/3107 4393/3108 4731/3109 4696/3110
f 2487/2997 4389/3111 4390/3112 3734/2994
f 4387/3113 4388/3114 3344/2992 2486/2991
f 4386/3115 4387/3113 2486/2991 2485/2990
f 4384/2950 4385/3116 4001/2986 2471/2951
f 2560/3117 2564/3118 3730/3119 3731/3120
f 3340/3121 3341/3122 2561/3123 2565/3124
f 2565/3124 2561/3123 2562/3125 2566/3126
f 2469/2949 3997/3127 3998/3128 2470/2948
f 2469/2949 2555/3094 3996/3096 3997/3127
f 2566/3126 2556/3099 2557/3098 2565/3124
f 2565/3124 2557/3098 3339/3106 3340/3121
f 2564/3118 2558/3103 3729/3102 3730/3119
f 2563/3129 2550/3130 4709/3131 4712/3132
f 3994/3133 3995/3095 2552/3093 2548/3092
f 2567/3134 2568/3135 2554/3097 2553/3100
f 3993/3136 3994/3133 2548/3092 2547/3091
f 2569/3137 2570/3138 2568/3135 2567/3134
f 2544/3086 3992/3139 3993/3136 2547/3091
f 3679/3087 3991/3140 3992/3139 2544/3086
f 2571/3141 2573/3142 2570/3138 2569/3137
f 2573/3142 3335/3143 3336/3144 2570/3138
f 2574/3145 3725/3146 3726/3147 2575/3148
f 3680/3149 3681/3150 2573/3142 2571/3141
f 3681/3150 3682/3151 3335/3143 2573/3142
f 2574/3145 3683/3152 3724/3153 3725/3146
f 2576/3154 2581/3155 2582/3156 2577/3157
f 3685/3158 3686/3159 2581/3155 2576/3154
f 3836/3160 3837/3161 2584/3162 3721/3163
f 3838/3164 3839/3165 2585/3166 3333/3167
f 3839/3165 3840/3168 2586/3169 2585/3166
f 3987/3170 3988/3171 3841/3088 2546/3089
f 2568/3135 3337/3172 3338/3105 2554/3097
f 3727/3173 3728/3101 2551/3104 2587/3174
f 2589/3175 2588/3176 2577/3157 2582/3156
f 3726/3147 3727/3173 2587/3174 2575/3148
f 2570/3138 3336/3144 3337/3172 2568/3135
f 2539/3077 3979/3078 3980/3177 2590/3178
f 2591/3179 3986/3180 3987/3170 2546/3089
f 3719/3082 3720/3181 2592/3182 2541/3081
f 3331/3090 3332/3183 2591/3179 2546/3089
f 3985/3184 3986/3180 2591/3179 3332/3183
f 3720/3181 3983/3185 3984/3186 2592/3182
f 2515/3031 2464/2938 2462/2935 2508/3022
f 2593/3187 2529/3055 2521/3039 2519/3037
f 3928/3036 3929/3188 2593/3187 2519/3037
f 2515/3031 2508/3022 2594/3189 2517/3033
f 2508/3022 2509/3023 2595/3190 2594/3189
f 2503/3017 2596/3191 2595/3190 2509/3023
f 2593/3187 3929/3188 3930/3192 2597/3193
f 3967/3016 3968/3194 2596/3191 2503/3017
f 2597/3193 3930/3192 3931/3195 2599/3196
f 2599/3196 3931/3195 3969/3197 3970/3198
f 2593/3187 2597/3193 2599/3196 2529/3055
f 3970/3198 3971/3054 2529/3055 2599/3196
f 2602/3199 2435/2872 2436/2871 2601/3200
f 2848/2868 2849/3201 2603/3202 2434/2869
f 2601/3200 2436/2871 2437/2875 2604/3203
f 2973/3204 2974/2877 4510/2880 4511/3205
f 2603/3202 4551/3206 4552/2901 2434/2869
f 4478/2905 4479/3207 2606/3208 2443/2906
f 2895/2900 2896/3209 2607/3210 2442/2898
f 2607/3210 4380/3211 4381/2895 2442/2898
f 2608/3212 2821/3213 2822/2892 2441/2891
f 2789/2888 2790/3214 2610/3215 2439/2889
f 2764/2886 2765/3216 2611/3217 2438/2881
f 2611/3217 4412/3218 4413/2882 2438/2881
f 2613/3219 2602/3199 2601/3200 2612/3220
f 2614/3221 2603/3202 2849/3201 2850/3222
f 4550/3223 4551/3206 2603/3202 2614/3221
f 4479/3207 4480/3224 2616/3225 2606/3208
f 2896/3209 2897/3226 2617/3227 2607/3210
f 2604/3203 2618/3228 2612/3220 2601/3200
f 2972/3229 2973/3204 4511/3205 4512/3230
f 2619/3231 4411/3232 4412/3218 2611/3217
f 2765/3216 2766/3233 2619/3231 2611/3217
f 2790/3214 2791/3234 2620/3235 2610/3215
f 2820/3236 2821/3213 2608/3212 2622/3237
f 4379/3238 4380/3211 2607/3210 2617/3227
f 2624/3239 2613/3219 2612/3220 2623/3240
f 2623/3240 2612/3220 2618/3228 2625/3241
f 2626/3242 2614/3221 2850/3222 2851/3243
f 4549/3244 4550/3223 2614/3221 2626/3242
f 4480/3224 4481/3245 2628/3246 2616/3225
f 2971/3247 2972/3229 4512/3230 4513/3248
f 2629/3249 4410/3250 4411/3232 2619/3231
f 2766/3233 2767/3251 2629/3249 2619/3231
f 2791/3234 2792/3252 2630/3253 2620/3235
f 2632/3254 2819/3255 2820/3236 2622/3237
f 2633/3256 4378/3257 4379/3238 2617/3227
f 2897/3226 2898/3258 2633/3256 2617/3227
f 2635/3259 2626/3242 2851/3243 2852/3260
f 2623/3240 2636/3261 2634/3262 2624/3239
f 2625/3241 2637/3263 2636/3261 2623/3240
f 2970/3264 2971/3247 4513/3248 4514/3265
f 4548/3266 4549/3244 2626/3242 2635/3259
f 2639/3267 2628/3246 4481/3245 4482/3268
f 2898/3258 2899/3269 2640/3270 2633/3256
f 2640/3270 4377/3271 4378/3257 2633/3256
f 2641/3272 2818/3273 2819/3255 2632/3254
f 2792/3252 2793/3274 2643/3275 2630/3253
f 2767/3251 2768/3276 2644/3277 2629/3249
f 4409/3278 4410/3250 2629/3249 2644/3277
f 2637/3263 2645/3279 2646/3280 2636/3261
f 2636/3261 2646/3280 2647/3281 2634/3262
f 2852/3260 2853/3282 2648/3283 2635/3259
f 2635/3259 2648/3283 4547/3284 4548/3266
f 2650/3285 2639/3267 4482/3268 4483/3286
f 2899/3269 2900/3287 2651/3288 2640/3270
f 2651/3288 4376/3289 4377/3271 2640/3270
f 2817/3290 2818/3273 2641/3272 2652/3291
f 2793/3274 2794/3292 2654/3293 2643/3275
f 2768/3276 2769/3294 2655/3295 2644/3277
f 4408/3296 4409/3278 2644/3277 2655/3295
f 2646/3280 2656/3297 2657/3298 2647/3281
f 2658/3299 2648/3283 2853/3282 2854/3300
f 2648/3283 2658/3299 4546/3301 4547/3284
f 2645/3279 2660/3302 2656/3297 2646/3280
f 2660/3302 2661/3303 2662/3304 2656/3297
f 2656/3297 2662/3304 2663/3305 2657/3298
f 2664/3306 2658/3299 2854/3300 2855/3307
f 4545/3308 4546/3301 2658/3299 2664/3306
f 2661/3303 2666/3309 2667/3310 2662/3304
f 2662/3304 2667/3310 2668/3311 2663/3305
f 2855/3307 2856/3312 2669/3313 2664/3306
f 2664/3306 2669/3313 4544/3314 4545/3308
f 4407/3315 4408/3296 2655/3295 2671/3316
f 4406/3317 4407/3315 2671/3316 2672/3318
f 2966/3319 2967/3320 4517/3321 4518/3322
f 4405/3323 4406/3317 2672/3318 2673/3324
f 2769/3294 2770/3325 2671/3316 2655/3295
f 2674/3326 2654/3293 2794/3292 2795/3327
f 2770/3325 2771/3328 2672/3318 2671/3316
f 2676/3329 2674/3326 2795/3327 2796/3330
f 2771/3328 2772/3331 2673/3324 2672/3318
f 2678/3332 2676/3329 2796/3330 2797/3333
f 2681/3334 2680/3335 2814/3336 2815/3337
f 2815/3337 2816/3338 2682/3339 2681/3334
f 2816/3338 2817/3290 2652/3291 2682/3339
f 4373/3340 4374/3341 2684/3342 2685/3343
f 2683/3344 2684/3342 4374/3341 4375/3345
f 2651/3288 2683/3344 4375/3345 4376/3289
f 2900/3287 2901/3346 2683/3344 2651/3288
f 2686/3347 2650/3285 4483/3286 4484/3348
f 4485/3349 4486/3350 2687/3351 2688/3352
f 2902/3353 2903/3354 2685/3343 2684/3342
f 2684/3342 2683/3344 2901/3346 2902/3353
f 4484/3348 4485/3349 2688/3352 2686/3347
f 2673/3324 2689/3355 4404/3356 4405/3323
f 2691/3357 2667/3310 2666/3309 2690/3358
f 2692/3359 2668/3311 2667/3310 2691/3357
f 2694/3360 2685/3343 2903/3354 2904/3361
f 4372/3362 4373/3340 2685/3343 2694/3360
f 2813/3363 2814/3336 2680/3335 2695/3364
f 2697/3365 2678/3332 2797/3333 2798/3366
f 2772/3331 2773/3367 2689/3355 2673/3324
f 2693/3368 2687/3351 4486/3350 4487/3369
f 4543/3370 4544/3314 2669/3313 2699/3371
f 2699/3371 2669/3313 2856/3312 2857/3372
f 2964/3373 2965/3374 4519/3375 4520/3376
f 2701/3377 2691/3357 2690/3358 2700/3378
f 4403/3379 4404/3356 2689/3355 2702/3380
f 2691/3357 2701/3377 2703/3381 2692/3359
f 2704/3382 2699/3371 2857/3372 2858/3383
f 2699/3371 2704/3382 4542/3384 4543/3370
f 2706/3385 2693/3368 4487/3369 4488/3386
f 2904/3361 2905/3387 2707/3388 2694/3360
f 2694/3360 2707/3388 4371/3389 4372/3362
f 2812/3390 2813/3363 2695/3364 2708/3391
f 2798/3366 2799/3392 2710/3393 2697/3365
f 2773/3367 2774/3394 2702/3380 2689/3355
f 2962/3395 2963/3396 4521/3397 4522/3398
f 2754/3399 2744/3400 2711/3401 2712/3402
f 4401/3403 4402/3404 2745/3405 2713/3406
f 2775/3407 2776/3408 2713/3406 2745/3405
f 2746/3409 2800/3410 2801/3411 2714/3412
f 2810/3413 2811/3414 2748/3415 2716/3416
f 4369/3417 4370/3418 2749/3419 2717/3420
f 2749/3419 2906/3421 2907/3422 2717/3420
f 2750/3423 4489/3424 4490/3425 2718/3426
f 4540/3427 4541/3428 2752/3429 2720/3430
f 2752/3429 2859/3431 2860/3432 2720/3430
f 2721/3433 2753/3434 2754/3399 2712/3402
f 2713/3406 4652/3435 4653/3436 4401/3403
f 4656/3437 4657/3438 2712/3402 2711/3401
f 2712/3402 4657/3438 4658/3439 2721/3433
f 2776/3408 4677/3440 4652/3435 2713/3406
f 2801/3411 4675/3441 4676/3442 2714/3412
f 4671/3443 4672/3444 2810/3413 2716/3416
f 4667/3445 4668/3446 4369/3417 2717/3420
f 2907/3422 4666/3447 4667/3445 2717/3420
f 4490/3425 4664/3448 4665/3449 2718/3426
f 2860/3432 4659/3450 4660/3451 2720/3430
f 4660/3451 4661/3452 4540/3427 2720/3430
f 4399/3453 4400/3454 2733/3455 2722/3456
f 2724/3457 2735/3458 2734/3459 2723/3460
f 2736/3461 2735/3458 2724/3457 2725/3462
f 2732/3463 2737/3464 2861/3465 2862/3466
f 4538/3467 4539/3468 2737/3464 2732/3463
f 2730/3469 2739/3470 4491/3471 4492/3472
f 2740/3473 2908/3474 2909/3475 2729/3476
f 4367/3477 4368/3478 2740/3473 2729/3476
f 2728/3479 2808/3480 2809/3481 2741/3482
f 2726/3483 2743/3484 2802/3485 2803/3486
f 2777/3487 2778/3488 2722/3456 2733/3455
f 4520/3376 4521/3397 2963/3396 2964/3373
f 2702/3380 2745/3405 4402/3404 4403/3379
f 2774/3394 2775/3407 2745/3405 2702/3380
f 2799/3392 2800/3410 2746/3409 2710/3393
f 2708/3391 2748/3415 2811/3414 2812/3390
f 2707/3388 2749/3419 4370/3418 4371/3389
f 2905/3387 2906/3421 2749/3419 2707/3388
f 4488/3386 4489/3424 2750/3423 2706/3385
f 2752/3429 4541/3428 4542/3384 2704/3382
f 2858/3383 2859/3431 2752/3429 2704/3382
f 2754/3399 2753/3434 2703/3381 2701/3377
f 2700/3378 2744/3400 2754/3399 2701/3377
f 2756/3489 2755/3490 2724/3457 2723/3460
f 2959/3491 2960/3492 4524/3493 4525/3494
f 2722/3456 2757/3495 4398/3496 4399/3453
f 2778/3488 2804/3497 2757/3495 2722/3456
f 2759/2822 3960/2821 3961/3003 2408/3002
f 2408/3002 2449/3001 2760/2917 2759/2822
f 2449/3001 2448/2921 2761/2916 2760/2917
f 2762/2839 2761/2916 2448/2921 2419/2841
f 2420/2844 2763/2840 2762/2839 2419/2841
f 2439/2889 2764/2886 2763/2885 2420/2890
f 2610/3215 2765/3216 2764/2886 2439/2889
f 2620/3235 2766/3233 2765/3216 2610/3215
f 2630/3253 2767/3251 2766/3233 2620/3235
f 2643/3275 2768/3276 2767/3251 2630/3253
f 2643/3275 2654/3293 2769/3294 2768/3276
f 2770/3325 2769/3294 2654/3293 2674/3326
f 2771/3328 2770/3325 2674/3326 2676/3329
f 2772/3331 2771/3328 2676/3329 2678/3332
f 2773/3367 2772/3331 2678/3332 2697/3365
f 2774/3394 2773/3367 2697/3365 2710/3393
f 2710/3393 2746/3409 2775/3407 2774/3394
f 2776/3408 2775/3407 2746/3409 2714/3412
f 2714/3412 4676/3442 4677/3440 2776/3408
f 2778/3488 2777/3487 2743/3484 2726/3483
f 2780/2939 2779/3027 2510/3498 2465/3499
f 2781/2936 2780/2939 2465/3499 2463/3500
f 2782/2937 2781/2936 2463/3500 2461/3501
f 2498/3502 2783/2933 2782/2937 2461/3501
f 2784/2928 2783/2933 2498/3502 2458/3503
f 2453/3504 2785/2923 2784/2928 2458/3503
f 2786/2919 2785/2923 2453/3504 2451/3505
f 2787/2842 2786/2919 2451/3505 2421/3506
f 2788/2843 2787/2842 2421/3506 2422/3507
f 2440/3508 2789/3509 2788/3510 2422/3511
f 2609/3512 2790/3513 2789/3509 2440/3508
f 2621/3514 2791/3515 2790/3513 2609/3512
f 2631/3516 2792/3517 2791/3515 2621/3514
f 2642/3518 2793/3519 2792/3517 2631/3516
f 2653/3520 2794/3521 2793/3519 2642/3518
f 2795/3522 2794/3521 2653/3520 2675/3523
f 2796/3524 2795/3522 2675/3523 2677/3525
f 2797/3526 2796/3524 2677/3525 2679/3527
f 2798/3528 2797/3526 2679/3527 2696/3529
f 2696/3529 2709/3530 2799/3531 2798/3528
f 2709/3530 2747/3532 2800/3533 2799/3531
f 2801/3534 2800/3533 2747/3532 2715/3535
f 4674/3536 4675/3537 2801/3534 2715/3535
f 2803/3538 2802/3539 2742/3540 2727/3541
f 2804/3497 2778/3488 2726/3483 2805/3542
f 2726/3483 2803/3486 2806/3543 2805/3542
f 2807/3544 2806/3545 2803/3538 2727/3541
f 4646/3546 4647/3547 2727/3541 2742/3540
f 4645/3548 4673/3549 4674/3536 2715/3535
f 2747/3532 4644/3550 4645/3548 2715/3535
f 4643/3551 4644/3550 2747/3532 2709/3530
f 2709/3530 2696/3529 4642/3552 4643/3551
f 2696/3529 2679/3527 4641/3553 4642/3552
f 4640/3554 4641/3553 2679/3527 2677/3525
f 2677/3525 2675/3523 4639/3555 4640/3554
f 2675/3523 2653/3520 4638/3556 4639/3555
f 2642/3518 4637/3557 4638/3556 2653/3520
f 4636/3558 4637/3557 2642/3518 2631/3516
f 4635/3559 4636/3558 2631/3516 2621/3514
f 2609/3512 4634/3560 4635/3559 2621/3514
f 4633/3561 4634/3560 2609/3512 2440/3508
f 4632/3562 4633/3561 2440/3508 2422/3511
f 4631/3563 4632/3564 2422/3565 2421/3566
f 2451/3567 4630/3568 4631/3563 2421/3566
f 2453/3569 4629/3570 4630/3568 2451/3567
f 2458/3571 4628/3572 4629/3570 2453/3569
f 2498/3573 4627/3574 4628/3572 2458/3571
f 4626/3575 4627/3574 2498/3573 2461/3576
f 2461/3576 2463/3577 4625/3578 4626/3575
f 4624/3579 4625/3578 2463/3577 2465/3580
f 4623/3581 4624/3579 2465/3580 2510/3582
f 4647/3547 4648/3583 2807/3544 2727/3541
f 2834/3584 2833/3585 2808/3480 2728/3479
f 2835/3586 4366/3587 4367/3477 2729/3476
f 2909/3475 2910/3588 2835/3586 2729/3476
f 4492/3472 4493/3589 2836/3590 2730/3469
f 2838/3591 4537/3592 4538/3467 2732/3463
f 2724/3457 2755/3490 2839/3593 2725/3462
f 2862/3466 2863/3594 2838/3591 2732/3463
f 2841/3595 2840/3596 2391/2779 2392/2778
f 2398/2794 2842/2966 3740/2965 3741/2795
f 2843/2960 3350/2963 3351/2791 2397/2789
f 2844/2961 2843/2960 2397/2789 2396/2788
f 2845/2866 4007/2957 4008/2797 2399/2800
f 2846/2860 2845/2866 2399/2800 2400/2802
f 2847/2861 2846/2860 2400/2802 2412/3597
f 2435/2872 2848/2868 2847/2867 2412/2873
f 2435/2872 2602/3199 2849/3201 2848/2868
f 2850/3222 2849/3201 2602/3199 2613/3219
f 2851/3243 2850/3222 2613/3219 2624/3239
f 2852/3260 2851/3243 2624/3239 2634/3262
f 2634/3262 2647/3281 2853/3282 2852/3260
f 2854/3300 2853/3282 2647/3281 2657/3298
f 2855/3307 2854/3300 2657/3298 2663/3305
f 2663/3305 2668/3311 2856/3312 2855/3307
f 2857/3372 2856/3312 2668/3311 2692/3359
f 2858/3383 2857/3372 2692/3359 2703/3381
f 2703/3381 2753/3434 2859/3431 2858/3383
f 2860/3432 2859/3431 2753/3434 2721/3433
f 4658/3439 4659/3450 2860/3432 2721/3433
f 2862/3466 2861/3465 2736/3461 2725/3462
f 2839/3593 2863/3594 2862/3466 2725/3462
f 2865/3598 2864/3599 2837/3600 2731/3601
f 2731/3601 2738/3602 2866/3603 2865/3598
f 2867/3604 4662/3605 4663/3606 2719/3607
f 2719/3607 2751/3608 2868/3609 2867/3604
f 2869/3610 2868/3609 2751/3608 2705/3611
f 2870/3612 2869/3610 2705/3611 2698/3613
f 2698/3613 2670/3614 2871/3615 2870/3612
f 2872/3616 2871/3615 2670/3614 2665/3617
f 2665/3617 2659/3618 2873/3619 2872/3616
f 2874/3620 2873/3619 2659/3618 2649/3621
f 2875/3622 2874/3620 2649/3621 2638/3623
f 2638/3623 2627/3624 2876/3625 2875/3622
f 2627/3624 2615/3626 2877/3627 2876/3625
f 2605/3628 2878/3629 2877/3627 2615/3626
f 2879/3630 2878/3629 2605/3628 2444/3631
f 2880/3632 2879/3630 2444/3631 2430/3633
f 2429/3634 2881/3635 2880/3636 2430/3637
f 2882/3638 2881/3635 2429/3634 2472/3639
f 2472/3639 4004/3640 4005/3641 2882/3638
f 2481/3642 2480/3643 2884/3644 2883/3645
f 3347/3646 3348/3647 2884/3644 2480/3643
f 3737/3648 3738/3649 2885/3650 2479/3651
f 2887/3652 2886/3653 2477/3654 2478/3655
f 2888/3656 4719/3657 4695/3658 2394/3659
f 2482/2976 2889/2996 3735/2995 3736/2977
f 2483/2981 2890/2988 3345/2993 3346/2978
f 2484/2983 2891/2989 2890/2988 2483/2981
f 2473/2954 2892/2955 4002/2987 4003/2984
f 2427/2858 2893/2853 2892/2955 2473/2954
f 2428/2857 2894/2854 2893/2853 2427/2858
f 2443/2906 2895/2900 2894/2899 2428/2903
f 2606/3208 2896/3209 2895/2900 2443/2906
f 2616/3225 2897/3226 2896/3209 2606/3208
f 2628/3246 2898/3258 2897/3226 2616/3225
f 2639/3267 2899/3269 2898/3258 2628/3246
f 2639/3267 2650/3285 2900/3287 2899/3269
f 2650/3285 2686/3347 2901/3346 2900/3287
f 2902/3353 2901/3346 2686/3347 2688/3352
f 2688/3352 2687/3351 2903/3354 2902/3353
f 2904/3361 2903/3354 2687/3351 2693/3368
f 2693/3368 2706/3385 2905/3387 2904/3361
f 2706/3385 2750/3423 2906/3421 2905/3387
f 2907/3422 2906/3421 2750/3423 2718/3426
f 2718/3426 4665/3449 4666/3447 2907/3422
f 2909/3475 2908/3474 2739/3470 2730/3469
f 2836/3590 2910/3588 2909/3475 2730/3469
f 2957/3660 2958/3661 2834/3584 2728/3479
f 2728/3479 2741/3482 2956/3662 2957/3660
f 2955/3663 4670/3664 4671/3443 2716/3416
f 2748/3415 2954/3665 2955/3663 2716/3416
f 2953/3666 2954/3665 2748/3415 2708/3391
f 2952/3667 2953/3666 2708/3391 2695/3364
f 2695/3364 2680/3335 2951/3668 2952/3667
f 2680/3335 2681/3334 2950/3669 2951/3668
f 2949/3670 2950/3669 2681/3334 2682/3339
f 2948/3671 2949/3670 2682/3339 2652/3291
f 2947/3672 2948/3671 2652/3291 2641/3272
f 2946/3673 2947/3672 2641/3272 2632/3254
f 2945/3674 2946/3673 2632/3254 2622/3237
f 2608/3212 2944/3675 2945/3674 2622/3237
f 2943/3676 2944/3675 2608/3212 2441/2891
f 2424/2894 2942/3677 2943/3676 2441/2891
f 2941/3678 2942/3679 2424/2845 2423/2848
f 2470/2948 2940/3680 2941/3678 2423/2848
f 3998/3128 3999/3681 2940/3680 2470/2948
f 2561/3123 2938/3682 2939/3683 2562/3125
f 3341/3122 3342/3684 2938/3682 2561/3123
f 3731/3120 3732/3685 2937/3686 2560/3117
f 2559/3687 4710/3688 2936/3689
f 2935/3690 2936/3689 4711/3691
f 2936/3689 4710/3688 4711/3691
f 2934/3692 2933/3693 2936/3689 2935/3690
f 3732/3685 3733/3694 2932/3695 2937/3686
f 2938/3682 3342/3684 3343/3696 2931/3697
f 2939/3683 2938/3682 2931/3697 2930/3698
f 2940/3680 3999/3681 4000/3699 2929/3700
f 2941/3678 2940/3680 2929/3700 2928/3701
f 2928/3701 2927/3702 2942/3679 2941/3678
f 2943/3676 2942/3677 2927/3703 2926/3704
f 2926/3704 2925/3705 2944/3675 2943/3676
f 2945/3674 2944/3675 2925/3705 2924/3706
f 2924/3706 2923/3707 2946/3673 2945/3674
f 2923/3707 2922/3708 2947/3672 2946/3673
f 2922/3708 2921/3709 2948/3671 2947/3672
f 2921/3709 2920/3710 2949/3670 2948/3671
f 2920/3710 2919/3711 2950/3669 2949/3670
f 2951/3668 2950/3669 2919/3711 2918/3712
f 2952/3667 2951/3668 2918/3712 2917/3713
f 2917/3713 2916/3714 2953/3666 2952/3667
f 2916/3714 2915/3715 2954/3665 2953/3666
f 2955/3663 2954/3665 2915/3715 2914/3716
f 2914/3716 4669/3717 4670/3664 2955/3663
f 2957/3660 2956/3662 2913/3718 2912/3719
f 2912/3719 2911/3720 2958/3661 2957/3660
f 2960/3492 2959/3491 2756/3489 2723/3460
f 2734/3459 2961/3721 2960/3492 2723/3460
f 2962/3395 4655/3722 4656/3437 2711/3401
f 2711/3401 2744/3400 2963/3396 2962/3395
f 2964/3373 2963/3396 2744/3400 2700/3378
f 2965/3374 2964/3373 2700/3378 2690/3358
f 2966/3319 2965/3374 2690/3358 2666/3309
f 2666/3309 2661/3303 2967/3320 2966/3319
f 2968/3723 2967/3320 2661/3303 2660/3302
f 2969/3724 2968/3723 2660/3302 2645/3279
f 2970/3264 2969/3724 2645/3279 2637/3263
f 2971/3247 2970/3264 2637/3263 2625/3241
f 2972/3229 2971/3247 2625/3241 2618/3228
f 2618/3228 2604/3203 2973/3204 2972/3229
f 2604/3203 2437/2875 2974/2877 2973/3204
f 2416/2876 2975/2878 2974/2877 2437/2875
f 2976/2832 2975/2831 2416/2830 2415/2829
f 2977/2911 2976/2832 2415/2829 2445/2907
f 2978/2908 2977/2911 2445/2907 2409/2824
f 2979/2813 2978/2908 2409/2824 2404/2812
f 3957/2811 3958/2814 2979/2813 2404/2812
f 3925/3725 3926/3726 2998/3727 2981/3728
f 2983/3729 2981/3728 2998/3727 2999/3730
f 2985/3731 3011/3732 3012/3733 2984/3734
f 2984/3734 3012/3733 2997/3735 2982/3736
f 2986/3737 3010/3738 3011/3732 2985/3731
f 2987/3739 3009/3740 3010/3738 2986/3737
f 4621/3741 4622/3742 3009/3740 2987/3739
f 3007/3743 3008/3744 2988/3745 2989/3746
f 3674/3747 3675/3748 3007/3743 2989/3746
f 3845/3749 3846/3750 2991/3751 3005/3752
f 2991/3751 3326/3753 3327/3754 3005/3752
f 3714/3755 3715/3756 3004/3757 2992/3758
f 3002/3759 4574/3760 4575/3761 2994/3762
f 3001/3763 3002/3759 2994/3762 2995/3764
f 2999/3730 3000/3765 2996/3766 2983/3729
f 3902/3767 3903/3768 3001/3769 2995/3770
f 2998/3727 3926/3726 3927/3771 2520/3772
f 2999/3730 2998/3727 2520/3772 2522/3773
f 2522/3773 2524/3774 3000/3765 2999/3730
f 3903/3768 3904/3775 2526/3776 3001/3769
f 2526/3777 2528/3778 3002/3759 3001/3763
f 2528/3778 4573/3779 4574/3760 3002/3759
f 3715/3756 3716/3780 2532/3781 3004/3757
f 3005/3752 3327/3754 3328/3782 2530/3783
f 3844/3784 3845/3749 3005/3752 2530/3783
f 2511/3785 3007/3743 3675/3748 3676/3786
f 2832/3787 3008/3744 3007/3743 2511/3785
f 2510/3788 3009/3740 4622/3742 4623/3789
f 3010/3738 3009/3740 2510/3788 2779/3790
f 3011/3732 3010/3738 2779/3790 2512/3791
f 3012/3733 3011/3732 2512/3791 2516/3792
f 2997/3735 3012/3733 2516/3792 2518/3793
f 2985/3731 3013/3794 2987/3739 2986/3737
f 4620/3795 4621/3741 2987/3739 3014/3796
f 2987/3739 3013/3794 3015/3797 3014/3796
f 3015/3797 3013/3794 2985/3731 3016/3798
f 4619/3799 4620/3795 3014/3796 3015/3797
f 3018/3800 3016/3798 2985/3731 2984/3734
f 3019/3801 3018/3800 2984/3734 2982/3736
f 3020/3802 3924/3803 3925/3725 2981/3728
f 3022/3804 3021/3805 2983/3729 2996/3766
f 3021/3805 3020/3802 2981/3728 2983/3729
f 3024/3806 3713/3807 3714/3755 2992/3758
f 4575/3761 4576/3808 3025/3809 2994/3762
f 3025/3809 3026/3810 2995/3764 2994/3762
f 3901/3811 3902/3767 2995/3770 3026/3812
f 2989/3746 3017/3813 3673/3814 3674/3747
f 3846/3750 3847/3815 3028/3816 2991/3751
f 3325/3817 3326/3753 2991/3751 3028/3816
f 3022/3804 3029/3818 3030/3819 3021/3805
f 3030/3819 3031/3820 3020/3802 3021/3805
f 3020/3802 3031/3820 3923/3821 3924/3803
f 3017/3813 3033/3822 3672/3823 3673/3814
f 3015/3797 3035/3824 4618/3825 4619/3799
f 3035/3824 3015/3797 3016/3798 3036/3826
f 3036/3826 3016/3798 3018/3800 3037/3827
f 3037/3827 3018/3800 3019/3801 3032/3828
f 3039/3829 3025/3809 4576/3808 4577/3830
f 3712/3831 3713/3807 3024/3806 3040/3832
f 3324/3833 3325/3817 3028/3816 3041/3834
f 3041/3834 3028/3816 3847/3815 3848/3835
f 3026/3812 3042/3836 3900/3837 3901/3811
f 3025/3809 3039/3829 3042/3838 3026/3810
f 3711/3839 3712/3831 3040/3832 3043/3840
f 4577/3830 4578/3841 3045/3842 3039/3829
f 3039/3829 3045/3842 3046/3843 3042/3838
f 3048/3844 3031/3820 3030/3819 3047/3845
f 3047/3845 3030/3819 3029/3818 3049/3846
f 3899/3847 3900/3837 3042/3836 3046/3848
f 3051/3849 3037/3827 3032/3828 3050/3850
f 3922/3851 3923/3821 3031/3820 3048/3844
f 3053/3852 3035/3824 3036/3826 3052/3853
f 3052/3853 3036/3826 3037/3827 3051/3849
f 3323/3854 3324/3833 3041/3834 3054/3855
f 3054/3855 3041/3834 3848/3835 3849/3856
f 3671/3857 3672/3823 3033/3822 3056/3858
f 4617/3859 4618/3825 3035/3824 3053/3852
f 3060/3860 3057/3861 3058/3862 3059/3863
f 3062/3864 3058/3862 3057/3861 3061/3865
f 3064/3866 3920/3867 3921/3868 3063/3869
f 3063/3869 3065/3870 3066/3871 3064/3866
f 3065/3870 3067/3872 3068/3873 3066/3871
f 3921/3868 3922/3851 3048/3844 3063/3869
f 3065/3870 3063/3869 3048/3844 3047/3845
f 3051/3849 3050/3850 3061/3865 3057/3861
f 3057/3861 3069/3874 3052/3853 3051/3849
f 3053/3852 3052/3853 3069/3874 3070/3875
f 3072/3876 3071/3877 3067/3872 3065/3870
f 3072/3876 3065/3870 3047/3845 3049/3846
f 3057/3861 3060/3860 3073/3878 3069/3874
f 3075/3879 3068/3873 3067/3872 3074/3880
f 3077/3881 3075/3879 3074/3880 3076/3882
f 3917/3883 3918/3884 3077/3881 3076/3882
f 3081/3885 3079/3886 3078/3887 3080/3888
f 3059/3863 3081/3885 3080/3888 3060/3860
f 3071/3877 3082/3889 3074/3880 3067/3872
f 3084/3890 3083/3891 3076/3882 3074/3880
f 3916/3892 3917/3883 3076/3882 3083/3891
f 3085/3893 3086/3894 3080/3888 3078/3887
f 3087/3895 3073/3878 3060/3860 3080/3888
f 4616/3896 4617/3859 3053/3852 3070/3875
f 3670/3897 3671/3857 3056/3858 3088/3898
f 3849/3856 3850/3899 3090/3900 3054/3855
f 3322/3901 3323/3854 3054/3855 3090/3900
f 3091/3902 3710/3903 3711/3839 3043/3840
f 4578/3841 4579/3904 3093/3905 3045/3842
f 3093/3905 3094/3906 3046/3843 3045/3842
f 3046/3848 3094/3907 3898/3908 3899/3847
f 3897/3909 3898/3908 3094/3907 3095/3910
f 3095/3911 3094/3906 3093/3905 3096/3912
f 4579/3904 4580/3913 3096/3912 3093/3905
f 3896/3914 3897/3909 3095/3910 3098/3915
f 3096/3912 3099/3916 3098/3917 3095/3911
f 3101/3918 3098/3917 3099/3916 3100/3919
f 3895/3920 3896/3914 3098/3915 3101/3921
f 3084/3890 3074/3880 3082/3889 3102/3922
f 3069/3874 3073/3878 3103/3923 3070/3875
f 3070/3875 3103/3923 4615/3924 4616/3896
f 3088/3898 3104/3925 3669/3926 3670/3897
f 3850/3899 3851/3927 3106/3928 3090/3900
f 3090/3900 3106/3928 3321/3929 3322/3901
f 3320/3930 3321/3929 3106/3928 3108/3931
f 3110/3932 3103/3923 3073/3878 3087/3895
f 3103/3923 3110/3932 4614/3933 4615/3924
f 3104/3925 3111/3934 3668/3935 3669/3926
f 3851/3927 3852/3936 3108/3931 3106/3928
f 3080/3888 3086/3894 3113/3937 3087/3895
f 3087/3895 3113/3937 3114/3938 3110/3932
f 3110/3932 3114/3938 4613/3939 4614/3933
f 3111/3934 3115/3940 3667/3941 3668/3935
f 3108/3931 3117/3942 3319/3943 3320/3930
f 3852/3936 3853/3944 3117/3942 3108/3931
f 3709/3945 3710/3903 3091/3902 3107/3946
f 3708/3947 3709/3945 3107/3946 3109/3948
f 4580/3913 4581/3949 3099/3916 3096/3912
f 3707/3950 3708/3947 3109/3948 3118/3951
f 3100/3919 3099/3916 4581/3949 4582/3952
f 3066/3871 3068/3873 3121/3953 3064/3866
f 3059/3863 3058/3862 3062/3864 3122/3954
f 3068/3873 3075/3879 3077/3881 3121/3953
f 3081/3885 3059/3863 3122/3954 3079/3886
f 3918/3884 3919/3955 3121/3953 3077/3881
f 3919/3955 3920/3867 3064/3866 3121/3953
f 3084/3890 3123/3956 3124/3957 3083/3891
f 3124/3957 3915/3958 3916/3892 3083/3891
f 3085/3893 3125/3959 3126/3960 3086/3894
f 3128/3961 3114/3938 3113/3937 3127/3962
f 3127/3962 3113/3937 3086/3894 3126/3960
f 4612/3963 4613/3939 3114/3938 3128/3961
f 3318/3964 3319/3943 3117/3942 3130/3965
f 3130/3965 3117/3942 3853/3944 3854/3966
f 3666/3967 3667/3941 3115/3940 3129/3968
f 3706/3969 3707/3950 3118/3951 3131/3970
f 3134/3971 3100/3919 4582/3952 4583/3972
f 3135/3973 3101/3918 3100/3919 3134/3971
f 3894/3974 3895/3920 3101/3921 3135/3975
f 3136/3976 3123/3956 3084/3890 3102/3922
f 3138/3977 3137/3978 3123/3956 3136/3976
f 3893/3979 3894/3974 3135/3975 3139/3980
f 3139/3981 3135/3973 3134/3971 3140/3982
f 3137/3978 3141/3983 3124/3957 3123/3956
f 3141/3983 3914/3984 3915/3958 3124/3957
f 3142/3985 3143/3986 3126/3960 3125/3959
f 3126/3960 3143/3986 3144/3987 3127/3962
f 3127/3962 3144/3987 3145/3988 3128/3961
f 3854/3966 3855/3989 3147/3990 3130/3965
f 3665/3991 3666/3967 3129/3968 3148/3992
f 4611/3993 4612/3963 3128/3961 3145/3988
f 3140/3982 3134/3971 4583/3972 4584/3994
f 3317/3995 3318/3964 3130/3965 3147/3990
f 3705/3996 3706/3969 3131/3970 3150/3997
f 3143/3986 3142/3985 3151/3998 3152/3999
f 3141/3983 3153/4000 3913/4001 3914/3984
f 3153/4000 3154/4002 3912/4003 3913/4001
f 3151/3998 3155/4004 3156/4005 3152/3999
f 4610/4006 4611/3993 3145/3988 3157/4007
f 3157/4007 3145/3988 3144/3987 3159/4008
f 3159/4008 3144/3987 3143/3986 3152/3999
f 3664/4009 3665/3991 3148/3992 3158/4010
f 3157/4007 3161/4011 4609/4012 4610/4006
f 3161/4011 3157/4007 3159/4008 3163/4013
f 3163/4013 3159/4008 3152/3999 3156/4005
f 3856/4014 3857/4015 3165/4016 3166/4017
f 3663/4018 3664/4009 3158/4010 3162/4019
f 3855/3989 3856/4014 3166/4017 3147/3990
f 3315/4020 3316/4021 3166/4017 3165/4016
f 3147/3990 3166/4017 3316/4021 3317/3995
f 3703/4022 3704/4023 3167/4024 3168/4025
f 3150/3997 3167/4024 3704/4023 3705/3996
f 4585/4026 4586/4027 3171/4028 3172/4029
f 3172/4029 3171/4028 3173/4030 3174/4031
f 3174/4032 3173/4033 3891/4034 3892/4035
f 3172/4029 3140/3982 4584/3994 4585/4026
f 3140/3982 3172/4029 3174/4031 3139/3981
f 3139/3980 3174/4032 3892/4035 3893/3979
f 3178/4036 3177/4037 3176/4038 3175/4039
f 3154/4002 3153/4000 3177/4037 3178/4036
f 3153/4000 3141/3983 3137/3978 3177/4037
f 3177/4037 3137/3978 3138/3977 3176/4038
f 3175/4039 3179/4040 3180/4041 3178/4036
f 3181/4042 3154/4002 3178/4036 3180/4041
f 3911/4043 3912/4003 3154/4002 3181/4042
f 3184/4044 3163/4013 3156/4005 3183/4045
f 3183/4045 3156/4005 3155/4004 3182/4046
f 3163/4013 3184/4044 3185/4047 3161/4011
f 4608/4048 4609/4012 3161/4011 3185/4047
f 3165/4016 3187/4049 3314/4050 3315/4020
f 3187/4049 3165/4016 3857/4015 3858/4051
f 3162/4019 3186/4052 3662/4053 3663/4018
f 3168/4025 3188/4054 3702/4055 3703/4022
f 3191/4056 3171/4028 4586/4027 4587/4057
f 3192/4058 3173/4030 3171/4028 3191/4056
f 3173/4033 3192/4059 3890/4060 3891/4034
f 3196/4061 3312/4062 3313/4063 3195/4064
f 3700/4065 3701/4066 3194/4067 3193/4068
f 3200/4069 3199/4070 4588/4071 4589/4072
f 3194/4073 3701/4074 3702/4055 3188/4054
f 4587/4057 4588/4075 3199/4076 3191/4056
f 3888/4077 3889/4078 3201/4079 3202/4080
f 3889/4081 3890/4060 3192/4059 3201/4082
f 3199/4076 3201/4083 3192/4058 3191/4056
f 3200/4069 3202/4080 3201/4079 3199/4070
f 3203/4084 3205/4085 3206/4086 3204/4087
f 3180/4041 3179/4040 3204/4088 3206/4089
f 3205/4085 3207/4090 3208/4091 3206/4086
f 3909/4092 3910/4093 3208/4091 3207/4090
f 3206/4089 3208/4094 3181/4042 3180/4041
f 3208/4094 3910/4095 3911/4043 3181/4042
f 3209/4096 3211/4097 3212/4098 3210/4099
f 3210/4100 3212/4101 3183/4045 3182/4046
f 3184/4044 3183/4045 3212/4101 3213/4102
f 3213/4103 3212/4098 3211/4097 3214/4104
f 3313/4105 3314/4050 3187/4049 3195/4106
f 3213/4102 3215/4107 3185/4047 3184/4044
f 4607/4108 4608/4048 3185/4047 3215/4107
f 3661/4109 3662/4053 3186/4052 3216/4110
f 3858/4051 3859/4111 3195/4106 3187/4049
f 3214/4104 3218/4112 3215/4113 3213/4103
f 3218/4112 4606/4114 4607/4115 3215/4113
f 3219/4116 3660/4117 3661/4118 3216/4119
f 3859/4120 3860/4121 3196/4122 3195/4123
f 3263/4124 3248/4125 3221/4126 3222/4127
f 3222/4127 3907/4128 3908/4129 3263/4124
f 3224/4130 3261/4131 3262/4132 3223/4133
f 3251/4134 3252/4135 3247/4136 3226/4137
f 3229/4138 3699/4139 3700/4065 3193/4068
f 3230/4140 3697/4141 3698/4142 3254/4143
f 3231/4144 3311/4145 3312/4062 3196/4061
f 3232/4146 3309/4147 3310/4148 3255/4149
f 3862/4150 3863/4151 3232/4152 3255/4153
f 3860/4121 3861/4154 3231/4155 3196/4122
f 3657/4156 3658/4157 3257/4158 3236/4159
f 3219/4116 3235/4160 3659/4161 3660/4117
f 3238/4162 4603/4163 4604/4164 3258/4165
f 3237/4166 4605/4167 4606/4114 3218/4112
f 3933/4168 3934/4169 3239/4170 3260/4171
f 3259/4172 3260/4171 3239/4170 3241/4173
f 3240/4174 3242/4175 3214/4104 3211/4097
f 3218/4112 3214/4104 3242/4175 3237/4166
f 3241/4173 3238/4162 3258/4165 3259/4172
f 3243/4176 3221/4126 3248/4125 3249/4177
f 3249/4177 3250/4178 3245/4179 3243/4176
f 3885/4180 3886/4181 3251/4134 3226/4137
f 3225/4182 3887/4183 3888/4077 3202/4080
f 3247/4136 3252/4135 4591/4184 4592/4185
f 3225/4182 3202/4080 3200/4069 3246/4186
f 4589/4072 4590/4187 3246/4186 3200/4069
f 3906/4188 3907/4128 3222/4127 3273/4189
f 3222/4127 3221/4126 3272/4190 3273/4189
f 3224/4130 3223/4133 3274/4191 3275/4192
f 3249/4177 3248/4125 3205/4085 3203/4084
f 3203/4084 3244/4193 3250/4178 3249/4177
f 3251/4134 3886/4181 3887/4183 3225/4182
f 3225/4182 3246/4186 3252/4135 3251/4134
f 4590/4187 4591/4184 3252/4135 3246/4186
f 3254/4143 3698/4142 3699/4139 3229/4138
f 3255/4149 3310/4148 3311/4145 3231/4144
f 3861/4154 3862/4150 3255/4153 3231/4155
f 3658/4157 3659/4161 3235/4160 3257/4158
f 3258/4165 4604/4164 4605/4167 3237/4166
f 3259/4172 3258/4165 3237/4166 3242/4175
f 3242/4175 3240/4174 3260/4171 3259/4172
f 3211/4097 3933/4168 3260/4171 3240/4174
f 3262/4132 3261/4131 3211/4097 3209/4096
f 3263/4124 3908/4129 3909/4092 3207/4090
f 3205/4085 3248/4125 3263/4124 3207/4090
f 3243/4176 3271/4194 3272/4190 3221/4126
f 3266/4195 3265/4196 3306/4197 3307/4198
f 4593/4199 4594/4200 3266/4195 3307/4198
f 3883/4201 3884/4202 3306/4197 3265/4196
f 3268/4203 3270/4204 3304/4205 3305/4206
f 3245/4179 3269/4207 3271/4194 3243/4176
f 3276/4208 3239/4170 3934/4169 3935/4209
f 3872/4210 3873/4211 3239/4170 3276/4208
f 3870/4212 3871/4213 3278/4214 3280/4215
f 3280/4215 3281/4216 3869/4217 3870/4212
f 3873/4211 3874/4218 3241/4173 3239/4170
f 3868/4219 3875/4220 3876/4221 3283/4222
f 3867/4223 3868/4219 3283/4222 3284/4224
f 4601/4225 4602/4226 3867/4223 3284/4224
f 3656/4227 3865/4228 3866/4229 3285/4230
f 3695/4231 3696/4232 3309/4233 3232/4234
f 3692/4235 3693/4236 3656/4227 3285/4230
f 4596/4237 4597/4238 3287/4239 3653/4240
f 3691/4241 4600/4242 4601/4225 3284/4224
f 3690/4243 3691/4241 3284/4224 3283/4222
f 3288/4244 3652/4245 3653/4240 3287/4239
f 3876/4221 3877/4246 3690/4243 3283/4222
f 3880/4247 3881/4248 3652/4245 3288/4244
f 3688/4249 3689/4250 3281/4216 3280/4215
f 3290/4251 3650/4252 3651/4253 3289/4254
f 3278/4214 3687/4255 3688/4249 3280/4215
f 3649/4256 3650/4252 3290/4251 3291/4257
f 3303/4258 3304/4205 3270/4204 3264/4259
f 3293/4260 3292/4261 3272/4190 3271/4194
f 3292/4261 3294/4262 3273/4189 3272/4190
f 3294/4262 3533/4263 3906/4188 3273/4189
f 3295/4264 3296/4265 3275/4192 3274/4191
f 3276/4208 3935/4209 3936/4266 3297/4267
f 3535/4268 3872/4210 3276/4208 3297/4267
f 3537/4269 3687/4255 3278/4214 3299/4270
f 3871/4213 3536/4271 3299/4270 3278/4214
f 3300/4272 3540/4273 3649/4256 3291/4257
f 3301/4274 3302/4275 3303/4258 3264/4259
f 3303/4276 3302/4277 3293/4260 3271/4194
f 3269/4207 3304/4278 3303/4276 3271/4194
f 3305/4279 3304/4278 3269/4207 3245/4179
f 3306/4280 3884/4281 3885/4180 3226/4137
f 3307/4282 3306/4280 3226/4137 3247/4136
f 4592/4185 4593/4283 3307/4282 3247/4136
f 3696/4284 3697/4141 3230/4140 3309/4147
f 3310/4148 3309/4147 3230/4140 3254/4143
f 3311/4145 3310/4148 3254/4143 3229/4138
f 3312/4062 3311/4145 3229/4138 3193/4068
f 3313/4063 3312/4062 3193/4068 3194/4067
f 3194/4073 3188/4054 3314/4050 3313/4105
f 3315/4020 3314/4050 3188/4054 3168/4025
f 3168/4025 3167/4024 3316/4021 3315/4020
f 3317/3995 3316/4021 3167/4024 3150/3997
f 3150/3997 3131/3970 3318/3964 3317/3995
f 3131/3970 3118/3951 3319/3943 3318/3964
f 3320/3930 3319/3943 3118/3951 3109/3948
f 3109/3948 3107/3946 3321/3929 3320/3930
f 3322/3901 3321/3929 3107/3946 3091/3902
f 3091/3902 3043/3840 3323/3854 3322/3901
f 3043/3840 3040/3832 3324/3833 3323/3854
f 3040/3832 3024/3806 3325/3817 3324/3833
f 3024/3806 2992/3758 3326/3753 3325/3817
f 3327/3754 3326/3753 2992/3758 3004/3757
f 3328/3782 3327/3754 3004/3757 2532/3781
f 2533/3066 3329/3063 3328/3062 2532/3067
f 2538/3075 3330/3079 3329/3063 2533/3066
f 2541/3081 3331/3090 3330/3079 2538/3075
f 2592/3182 3332/3183 3331/3090 2541/3081
f 3984/3186 3985/3184 3332/3183 2592/3182
f 3837/3161 3838/3164 3333/3167 2584/3162
f 3682/3151 3683/3152 2574/3145 3335/3143
f 3336/3144 3335/3143 2574/3145 2575/3148
f 3337/3172 3336/3144 2575/3148 2587/3174
f 3338/3105 3337/3172 2587/3174 2551/3104
f 2551/3104 2558/3103 3339/3106 3338/3105
f 3340/3121 3339/3106 2558/3103 2564/3118
f 2564/3118 2560/3117 3341/3122 3340/3121
f 2560/3117 2937/3686 3342/3684 3341/3122
f 3343/3696 3342/3684 2937/3686 2932/3695
f 3344/2992 4388/3114 4389/3111 2487/2997
f 2889/2996 3345/2993 3344/2992 2487/2997
f 3346/2978 3345/2993 2889/2996 2482/2976
f 2482/2976 4470/2975 4471/2979 3346/2978
f 2885/3650 3348/3647 3347/3646 2479/3651
f 2476/2967 3349/2962 4559/2971 4560/2968
f 3350/2963 3349/2962 2476/2967 2842/2966
f 3351/2791 3350/2963 2842/2966 2398/2794
f 3352/2792 3351/2791 2398/2794 2220/2793
f 2220/2454 2219/2453 3353/2548 3352/2549
f 2219/2453 2218/2462 3354/2547 3353/2548
f 3355/2546 3354/2547 2218/2462 2217/2465
f 3356/2544 3355/2546 2217/2465 2216/2469
f 3357/2545 3356/2544 2216/2469 2215/2471
f 3358/2543 3357/2545 2215/2471 2214/2542
f 2214/2542 2198/2522 3359/2524 3358/2543
f 3360/2516 3359/2524 2198/2522 2196/2514
f 4047/2513 4048/2517 3360/2516 2196/2514
f 2191/2504 2187/2492 3362/2494 3361/2503
f 3363/2495 3362/2494 2187/2492 2157/2491
f 2151/2421 3364/2423 4020/2433 4021/2430
f 1983/2230 3365/2350 3364/2423 2151/2421
f 3366/2190 3365/2350 1983/2230 1954/2191
f 1925/2176 3367/2186 3366/2190 1954/2191
f 3368/2156 3367/2186 1925/2176 1942/2152
f 3369/2157 3368/2156 1942/2152 1924/2151
f 3371/4285 3386/4286 3387/4287 3370/4288
f 3370/4288 3387/4287 3388/4289 3372/4290
f 3372/4290 3388/4289 3389/4291 3373/4292
f 3374/4293 3393/4294 3386/4286 3371/4285
f 3392/4295 3393/4296 3374/4297 3375/4298
f 3391/4299 3392/4295 3375/4298 3376/4300
f 3390/4301 3391/4299 3376/4300 3377/4302
f 3389/4303 3390/4301 3377/4302 3373/4304
f 3387/4287 3386/4286 3378/4305 3379/4306
f 3388/4289 3387/4287 3379/4306 3380/4307
f 3389/4291 3388/4289 3380/4307 3381/4308
f 3381/4309 3382/4310 3390/4301 3389/4303
f 3382/4310 3383/4311 3391/4299 3390/4301
f 3383/4311 3384/4312 3392/4295 3391/4299
f 3384/4312 3385/4313 3393/4296 3392/4295
f 3386/4286 3393/4294 3385/4314 3378/4305
f 3373/4292 3394/4315 3370/4288 3372/4290
f 3371/4285 3370/4288 3394/4315 3374/4293
f 3377/4302 3376/4300 3394/4316 3373/4304
f 3375/4298 3374/4297 3394/4316 3376/4300
f 3398/4317 3412/4318 3413/4319 3397/4320
f 3397/4320 3413/4319 3414/4321 3400/4322
f 3419/4323 3412/4318 3398/4317 3401/4324
f 3400/4322 3414/4321 3415/4325 3404/4326
f 3404/4327 3415/4328 3416/4329 3406/4330
f 3418/4331 3419/4332 3401/4333 3407/4334
f 3416/4329 3417/4335 3410/4336 3406/4330
f 3417/4335 3418/4331 3407/4334 3410/4336
f 3400/4322 3404/4326 3411/4337 3397/4320
f 3398/4317 3397/4320 3411/4337 3401/4324
f 3406/4330 3410/4336 3411/4338 3404/4327
f 3407/4334 3401/4333 3411/4338 3410/4336
f 3413/4319 3412/4318 3395/4339 3396/4340
f 3414/4321 3413/4319 3396/4340 3399/4341
f 3415/4325 3414/4321 3399/4341 3403/4342
f 3416/4329 3415/4328 3403/4343 3405/4344
f 3405/4344 3409/4345 3417/4335 3416/4329
f 3409/4345 3408/4346 3418/4331 3417/4335
f 3402/4347 3419/4332 3418/4331 3408/4346
f 3395/4339 3412/4318 3419/4323 3402/4348
f 3423/4349 3470/4350 3471/4351 3422/4352
f 3477/4353 3470/4350 3423/4349 3424/4354
f 3476/4355 3477/4353 3424/4354 3426/4356
f 3475/4357 3476/4358 3426/4359 3428/4360
f 3422/4352 3471/4351 3472/4361 3431/4362
f 3435/4363 3431/4364 3472/4365 3473/4366
f 3474/4367 3475/4357 3428/4360 3432/4368
f 3432/4368 3435/4363 3473/4366 3474/4367
f 3427/4369 3436/4370 3420/4371 3425/4372
f 3421/4373 3420/4371 3436/4370 3430/4374
f 3429/4375 3433/4376 3436/4377 3427/4378
f 3434/4379 3430/4380 3436/4377 3433/4376
f 3438/4381 3437/4382 3420/4371 3421/4373
f 3439/4383 3438/4381 3421/4373 3430/4374
f 3440/4384 3439/4385 3430/4380 3434/4379
f 3441/4386 3440/4384 3434/4379 3433/4376
f 3433/4376 3429/4375 3442/4387 3441/4386
f 3427/4378 3443/4388 3442/4387 3429/4375
f 3425/4372 3444/4389 3443/4390 3427/4369
f 3420/4371 3437/4382 3444/4389 3425/4372
f 3448/4391 3462/4392 3463/4393 3447/4394
f 3463/4393 3464/4395 3449/4396 3447/4394
f 3469/4397 3462/4392 3448/4391 3451/4398
f 3449/4396 3464/4395 3465/4399 3454/4400
f 3456/4401 3454/4402 3465/4403 3466/4404
f 3456/4401 3466/4404 3467/4405 3458/4406
f 3468/4407 3469/4408 3451/4409 3459/4410
f 3458/4406 3467/4405 3468/4407 3459/4410
f 3449/4396 3454/4400 3461/4411 3447/4394
f 3451/4398 3448/4391 3447/4394 3461/4411
f 3459/4410 3451/4409 3461/4412 3458/4406
f 3461/4412 3454/4402 3456/4401 3458/4406
f 3463/4393 3462/4392 3445/4413 3446/4414
f 3450/4415 3464/4395 3463/4393 3446/4414
f 3465/4399 3464/4395 3450/4415 3453/4416
f 3466/4404 3465/4403 3453/4417 3455/4418
f 3467/4405 3466/4404 3455/4418 3457/4419
f 3468/4407 3467/4405 3457/4419 3460/4420
f 3460/4420 3452/4421 3469/4408 3468/4407
f 3445/4413 3462/4392 3469/4397 3452/4422
f 3471/4351 3470/4350 3437/4382 3438/4381
f 3472/4361 3471/4351 3438/4381 3439/4383
f 3473/4366 3472/4365 3439/4385 3440/4384
f 3474/4367 3473/4366 3440/4384 3441/4386
f 3441/4386 3442/4387 3475/4357 3474/4367
f 3442/4387 3443/4388 3476/4358 3475/4357
f 3443/4390 3444/4389 3477/4353 3476/4355
f 3444/4389 3437/4382 3470/4350 3477/4353
f 3479/4423 3383/4311 3382/4310 3478/4424
f 3384/4312 3383/4311 3479/4423 3480/4425
f 3480/4425 3481/4426 3409/4345 3405/4344
f 3481/4426 3482/4427 3408/4346 3409/4345
f 3483/4428 3432/4368 3428/4360 3482/4427
f 3483/4428 3484/4429 3435/4363 3432/4368
f 3460/4420 3457/4419 3485/4430 3486/4431
f 3484/4429 3485/4430 3457/4419 3455/4418
f 3479/4423 3478/4424 3487/4432 3488/4433
f 3480/4425 3479/4423 3488/4433 3489/4434
f 3481/4426 3480/4425 3489/4434 3490/4435
f 3482/4427 3481/4426 3490/4435 3491/4436
f 3483/4428 3482/4427 3491/4436 3492/4437
f 3484/4429 3483/4428 3492/4437 3493/4438
f 3485/4430 3484/4429 3493/4438 3494/4439
f 3486/4431 3485/4430 3494/4439 3495/4440
f 3486/4431 3496/4441 3452/4421 3460/4420
f 3486/4431 3495/4440 3497/4442 3496/4441
f 3499/4443 3487/4432 3478/4424 3498/4444
f 3498/4444 3478/4424 3382/4310 3381/4309
f 3378/4305 3500/4445 3501/4446 3379/4306
f 3380/4307 3379/4306 3501/4446 3502/4447
f 3396/4340 3503/4448 3504/4449 3399/4341
f 3503/4448 3396/4340 3395/4339 3505/4450
f 3424/4354 3423/4349 3506/4451 3507/4452
f 3423/4349 3422/4352 3508/4453 3506/4451
f 3450/4415 3446/4414 3509/4454 3510/4455
f 3446/4414 3445/4413 3511/4456 3509/4454
f 3445/4413 3452/4422 3496/4457 3511/4456
f 3381/4308 3380/4307 3502/4447 3498/4458
f 3405/4344 3403/4343 3512/4459 3513/4460
f 3513/4460 3512/4459 3385/4313 3384/4312
f 3513/4460 3384/4312 3480/4425 3405/4344
f 3408/4346 3482/4427 3428/4360 3514/4461
f 3515/4462 3514/4461 3428/4360 3426/4359
f 3402/4347 3408/4346 3514/4461 3515/4462
f 3435/4363 3484/4429 3455/4418 3516/4463
f 3517/4464 3516/4463 3455/4418 3453/4417
f 3516/4463 3517/4464 3431/4364 3435/4363
f 3518/4465 3515/4466 3426/4356 3424/4354
f 3515/4466 3518/4465 3395/4339 3402/4348
f 3519/4467 3518/4465 3424/4354 3507/4452
f 3518/4465 3519/4467 3505/4450 3395/4339
f 3520/4468 3512/4469 3403/4342 3399/4341
f 3512/4469 3520/4468 3378/4305 3385/4314
f 3521/4470 3520/4468 3399/4341 3504/4449
f 3520/4468 3521/4470 3500/4445 3378/4305
f 3522/4471 3517/4472 3453/4416 3450/4415
f 3523/4473 3522/4471 3450/4415 3510/4455
f 3508/4453 3422/4352 3522/4471 3523/4473
f 3517/4472 3522/4471 3422/4352 3431/4362
f 3498/4458 3502/4447 3524/4474 3499/4475
f 3525/4476 3524/4474 3502/4447 3501/4446
f 3526/4477 3525/4476 3501/4446 3500/4445
f 3521/4470 3504/4449 3526/4477 3500/4445
f 3507/4452 3527/4478 3505/4450 3519/4467
f 3528/4479 3508/4453 3523/4473 3510/4455
f 3503/4448 3529/4480 3526/4477 3504/4449
f 3505/4450 3527/4478 3529/4480 3503/4448
f 3507/4452 3506/4451 3530/4481 3527/4478
f 3508/4453 3528/4479 3530/4481 3506/4451
f 3509/4454 3531/4482 3528/4479 3510/4455
f 3532/4483 3531/4482 3509/4454 3511/4456
f 3497/4484 3532/4483 3511/4456 3496/4457
f 3526/4477 3529/4480 3533/4263 3294/4262
f 3529/4480 3527/4478 3295/4264 3533/4263
f 3527/4478 3530/4481 3296/4265 3295/4264
f 3530/4481 3528/4479 3534/4485 3296/4265
f 3528/4479 3531/4482 3297/4267 3534/4485
f 3525/4476 3526/4477 3294/4262 3292/4261
f 3524/4474 3525/4476 3292/4261 3293/4260
f 3535/4268 3297/4267 3531/4482 3532/4483
f 3298/4486 3535/4268 3532/4483 3497/4484
f 3293/4260 3302/4277 3499/4475 3524/4474
f 3487/4432 3499/4443 3302/4275 3301/4274
f 3298/4487 3497/4442 3495/4440 3536/4271
f 3494/4439 3299/4270 3536/4271 3495/4440
f 3299/4270 3494/4439 3493/4438 3537/4269
f 3537/4269 3493/4438 3492/4437 3538/4488
f 3538/4488 3492/4437 3491/4436 3539/4489
f 3539/4489 3491/4436 3490/4435 3300/4272
f 3540/4273 3300/4272 3490/4435 3489/4434
f 3541/4490 3540/4273 3489/4434 3488/4433
f 3488/4433 3487/4432 3301/4274 3541/4490
f 3542/4491 3541/4490 3301/4274 3264/4259
f 3270/4204 3543/4492 3542/4491 3264/4259
f 3544/4493 3543/4492 3270/4204 3268/4203
f 3265/4196 3545/4494 3882/4495 3883/4201
f 3546/4496 3545/4494 3265/4196 3266/4195
f 4594/4200 4595/4497 3546/4496 3266/4195
f 3694/4498 3695/4231 3232/4234 3548/4499
f 3232/4234 3863/4500 3864/4501 3548/4499
f 3256/4502 3550/4503 3549/4504 3234/4505
f 3233/4506 3551/4507 3550/4503 3256/4502
f 3552/4508 3551/4507 3233/4506 3220/4509
f 3553/4510 3552/4508 3220/4509 3217/4511
f 3217/4512 3189/4513 3554/4514 3553/4515
f 3555/4516 3554/4514 3189/4513 3164/4517
f 3164/4517 3160/4518 3556/4519 3555/4516
f 3160/4518 3146/4520 3557/4521 3556/4519
f 3146/4520 3132/4522 3558/4523 3557/4521
f 3132/4522 3116/4524 3559/4525 3558/4523
f 3560/4526 3559/4525 3116/4524 3112/4527
f 3561/4528 3560/4526 3112/4527 3105/4529
f 3562/4530 3561/4528 3105/4529 3089/4531
f 3089/4531 3055/4532 3563/4533 3562/4530
f 3055/4532 3034/4534 3564/4535 3563/4533
f 3565/4536 3564/4535 3034/4534 3027/4537
f 3566/4538 3565/4536 3027/4537 2990/4539
f 3006/4540 3567/4541 3566/4538 2990/4539
f 3568/4542 3567/4541 3006/4540 2513/4543
f 3569/4544 3568/4545 2513/4546 2514/4547
f 2542/4548 3570/4549 3569/4544 2514/4547
f 3571/4550 3570/4549 2542/4548 2545/4551
f 3989/4552 3990/4553 3571/4550 2545/4551
f 2578/4554 3573/4555 3572/4556 2572/4557
f 3334/4558 3574/4559 3573/4555 2578/4554
f 2579/4560 3575/4561 3574/4559 3334/4558
f 3722/4562 3723/4563 3575/4561 2579/4560
f 3291/4257 3832/4564 3539/4489 3300/4272
f 3831/4565 3832/4564 3291/4257 3290/4251
f 3289/4254 3830/4566 3831/4565 3290/4251
f 3288/4244 3829/4567 3879/4568 3880/4247
f 3287/4239 3828/4569 3829/4567 3288/4244
f 4597/4238 4598/4570 3828/4569 3287/4239
f 3654/4571 3826/4572 3827/4573 3286/4574
f 3267/4575 3824/4576 3825/4577 3547/4578
f 3308/4579 3823/4580 3824/4576 3267/4575
f 3228/4581 3822/4582 3823/4583 3308/4584
f 3821/4585 3822/4582 3228/4581 3253/4586
f 3820/4587 3821/4585 3253/4586 3227/4588
f 3819/4589 3820/4587 3227/4588 3197/4590
f 3198/4591 3818/4592 3819/4589 3197/4590
f 3817/4593 3818/4594 3198/4595 3190/4596
f 3816/4597 3817/4593 3190/4596 3170/4598
f 3170/4598 3169/4599 3815/4600 3816/4597
f 3814/4601 3815/4600 3169/4599 3149/4602
f 3133/4603 3813/4604 3814/4601 3149/4602
f 3120/4605 3812/4606 3813/4604 3133/4603
f 3119/4607 3811/4608 3812/4606 3120/4605
f 3119/4607 3097/4609 3810/4610 3811/4608
f 3092/4611 3809/4612 3810/4610 3097/4609
f 3808/4613 3809/4612 3092/4611 3044/4614
f 3044/4614 3038/4615 3807/4616 3808/4613
f 3038/4615 3023/4617 3806/4618 3807/4616
f 3805/4619 3806/4618 3023/4617 2993/4620
f 3003/4621 3804/4622 3805/4619 2993/4620
f 2534/4623 3803/4624 3804/4622 3003/4621
f 2535/3072 3802/4625 3803/4626 2534/4627
f 3801/4628 3802/4625 2535/3072 2537/3071
f 3800/4629 3801/4628 2537/3071 2539/3077
f 2590/3178 3799/4630 3800/4629 2539/3077
f 2590/3178 3980/3177 3981/4631 3799/4630
f 3833/4632 3834/4633 3798/4634 2583/4635
f 3576/4636 3796/4637 3797/4638 2580/4639
f 3794/4640 3795/4641 3685/3158 2576/3154
f 3793/4642 3794/4640 2576/3154 2577/3157
f 2588/3176 3792/4643 3793/4642 2577/3157
f 2549/4644 3791/4645 3792/4643 2588/3176
f 2549/4644 2550/3130 3790/4646 3791/4645
f 3789/4647 3790/4646 2550/3130 2563/3129
f 3788/4648 3789/4647 2563/3129 2559/3687
f 2936/3689 3787/4649 3788/4648 2559/3687
f 2933/3693 3786/4650 3787/4649 2936/3689
f 3785/4651 4392/4652 4393/3108 2395/3107
f 2888/3656 3784/4653 3785/4651 2395/3107
f 3783/4654 3784/4653 2888/3656 2394/3659
f 4466/4655 4467/4656 3783/4654 2394/3659
f 2886/3653 3781/4657 3782/4658 2477/3654
f 3780/4659 4563/4660 4564/2783 2393/2782
f 2841/3595 3779/4661 3780/4659 2393/2782
f 3778/4662 3779/4661 2841/3595 2392/2778
f 3777/4663 3778/4662 2392/2778 2172/2781
f 2173/2456 3776/4664 3777/4665 2172/2457
f 2177/2460 3775/4666 3776/4664 2173/2456
f 3774/4667 3775/4666 2177/2460 2179/2464
f 3773/4668 3774/4667 2179/2464 2181/2468
f 3772/4669 3773/4668 2181/2468 2182/2474
f 3771/4670 3772/4669 2182/2474 2201/2477
f 2201/2477 2197/2518 3770/4671 3771/4670
f 2197/2518 2195/2511 3769/4672 3770/4671
f 4043/2510 4044/4673 3769/4672 2195/2511
f 3767/4674 3768/4675 2192/2506 2185/2484
f 2185/2484 2156/2483 3766/4676 3767/4674
f 2150/2419 3765/4677 4024/4678 4025/2428
f 3764/4679 3765/4677 2150/2419 1982/2228
f 3763/4680 3764/4679 1982/2228 1955/2198
f 3762/4681 3763/4680 1955/2198 1926/2177
f 1943/2171 3761/4682 3762/4681 1926/2177
f 3760/4683 3761/4682 1943/2171 1927/2174
f 3649/4256 3540/4273 3541/4490 3542/4491
f 3542/4491 3543/4492 3650/4252 3649/4256
f 3651/4253 3650/4252 3543/4492 3544/4493
f 3881/4248 3882/4495 3545/4494 3652/4245
f 3653/4240 3652/4245 3545/4494 3546/4496
f 4595/4497 4596/4237 3653/4240 3546/4496
f 3547/4578 3825/4577 3826/4572 3654/4571
f 3656/4227 3693/4236 3694/4498 3548/4499
f 3548/4499 3864/4501 3865/4228 3656/4227
f 3549/4504 3550/4503 3658/4157 3657/4156
f 3550/4503 3551/4507 3659/4161 3658/4157
f 3660/4117 3659/4161 3551/4507 3552/4508
f 3661/4118 3660/4117 3552/4508 3553/4510
f 3553/4515 3554/4514 3662/4053 3661/4109
f 3663/4018 3662/4053 3554/4514 3555/4516
f 3555/4516 3556/4519 3664/4009 3663/4018
f 3556/4519 3557/4521 3665/3991 3664/4009
f 3557/4521 3558/4523 3666/3967 3665/3991
f 3558/4523 3559/4525 3667/3941 3666/3967
f 3668/3935 3667/3941 3559/4525 3560/4526
f 3669/3926 3668/3935 3560/4526 3561/4528
f 3670/3897 3669/3926 3561/4528 3562/4530
f 3562/4530 3563/4533 3671/3857 3670/3897
f 3563/4533 3564/4535 3672/3823 3671/3857
f 3673/3814 3672/3823 3564/4535 3565/4536
f 3674/3747 3673/3814 3565/4536 3566/4538
f 3566/4538 3567/4541 3675/3748 3674/3747
f 3676/3786 3675/3748 3567/4541 3568/4542
f 3677/3029 3676/3028 3568/4545 3569/4544
f 3569/4544 3570/4549 3678/3084 3677/3029
f 3679/3087 3678/3084 3570/4549 3571/4550
f 3571/4550 3990/4553 3991/3140 3679/3087
f 3572/4556 3573/4555 3681/3150 3680/3149
f 3573/4555 3574/4559 3682/3151 3681/3150
f 3574/4559 3575/4561 3683/3152 3682/3151
f 3723/4563 3724/3153 3683/3152 3575/4561
f 3685/3158 3795/4641 3796/4637 3576/4636
f 3576/4636 3577/4684 3686/3159 3685/3158
f 3538/4488 3578/4685 3687/4255 3537/4269
f 3688/4249 3687/4255 3578/4685 3579/4686
f 3579/4686 3580/4687 3689/4250 3688/4249
f 3877/4246 3878/4688 3581/4689 3690/4243
f 3581/4689 3582/4690 3691/4241 3690/4243
f 3582/4690 4599/4691 4600/4242 3691/4241
f 3583/4692 3655/4693 3693/4236 3692/4235
f 3694/4498 3693/4236 3655/4693 3584/4694
f 3584/4694 3585/4695 3695/4231 3694/4498
f 3585/4695 3586/4696 3696/4232 3695/4231
f 3586/4697 3587/4698 3697/4141 3696/4284
f 3698/4142 3697/4141 3587/4698 3588/4699
f 3699/4139 3698/4142 3588/4699 3589/4700
f 3700/4065 3699/4139 3589/4700 3590/4701
f 3590/4701 3591/4702 3701/4066 3700/4065
f 3702/4055 3701/4074 3591/4703 3592/4704
f 3703/4022 3702/4055 3592/4704 3593/4705
f 3593/4705 3594/4706 3704/4023 3703/4022
f 3705/3996 3704/4023 3594/4706 3595/4707
f 3595/4707 3596/4708 3706/3969 3705/3996
f 3596/4708 3597/4709 3707/3950 3706/3969
f 3597/4709 3598/4710 3708/3947 3707/3950
f 3598/4710 3599/4711 3709/3945 3708/3947
f 3599/4711 3600/4712 3710/3903 3709/3945
f 3711/3839 3710/3903 3600/4712 3601/4713
f 3601/4713 3602/4714 3712/3831 3711/3839
f 3602/4714 3603/4715 3713/3807 3712/3831
f 3714/3755 3713/3807 3603/4715 3604/4716
f 3604/4716 3605/4717 3715/3756 3714/3755
f 3605/4717 3606/4718 3716/3780 3715/3756
f 3606/4719 3607/4720 3717/3065 3716/3064
f 3718/3076 3717/3065 3607/4720 3608/4721
f 3719/3082 3718/3076 3608/4721 3609/4722
f 3609/4722 3610/4723 3720/3181 3719/3082
f 3610/4723 3982/4724 3983/3185 3720/3181
f 3835/4725 3836/3160 3721/3163 3611/4726
f 3612/4727 3613/4728 3723/4563 3722/4562
f 3684/4729 3724/3153 3723/4563 3613/4728
f 3725/3146 3724/3153 3684/4729 3614/4730
f 3726/3147 3725/3146 3614/4730 3615/4731
f 3615/4731 3616/4732 3727/3173 3726/3147
f 3616/4732 3617/4733 3728/3101 3727/3173
f 3617/4733 3618/4734 3729/3102 3728/3101
f 3730/3119 3729/3102 3618/4734 3619/4735
f 3731/3120 3730/3119 3619/4735 3620/4736
f 3620/4736 3621/4737 3732/3685 3731/3120
f 3621/4737 3622/4738 3733/3694 3732/3685
f 3734/2994 4390/3112 4391/4739 3623/4740
f 3623/4740 3624/4741 3735/2995 3734/2994
f 3736/2977 3735/2995 3624/4741 3625/4742
f 4468/4743 4469/2974 3736/2977 3625/4742
f 3626/4744 3627/4745 3738/3649 3737/3648
f 3739/2964 4561/2969 4562/4746 3628/4747
f 3628/4747 3629/4748 3740/2965 3739/2964
f 3741/2795 3740/2965 3629/4748 3630/4749
f 3742/2796 3741/2795 3630/4749 3631/4750
f 3631/4751 3632/4752 3743/2452 3742/2451
f 3632/4752 3633/4753 3744/2461 3743/2452
f 3745/2466 3744/2461 3633/4753 3634/4754
f 3746/2470 3745/2466 3634/4754 3635/4755
f 3747/2472 3746/2470 3635/4755 3636/4756
f 3748/2541 3747/2472 3636/4756 3637/4757
f 3637/4757 3638/4758 3749/2521 3748/2541
f 3638/4758 3639/4759 3750/2515 3749/2521
f 4045/4760 4046/2512 3750/2515 3639/4759
f 3752/2489 3751/2505 3640/4761 3641/4762
f 3641/4762 3642/4763 3753/2490 3752/2489
f 4022/2431 4023/4764 3643/4765 3754/2422
f 3755/2231 3754/2422 3643/4765 3644/4766
f 3756/2192 3755/2231 3644/4766 3645/4767
f 3757/2175 3756/2192 3645/4767 3646/4768
f 3646/4768 3647/4769 3758/2153 3757/2175
f 3759/2154 3758/2153 3647/4769 3648/4770
f 3648/4770 3647/4769 3761/4682 3760/4683
f 3762/4681 3761/4682 3647/4769 3646/4768
f 3646/4768 3645/4767 3763/4680 3762/4681
f 3645/4767 3644/4766 3764/4679 3763/4680
f 3644/4766 3643/4765 3765/4677 3764/4679
f 4023/4764 4024/4678 3765/4677 3643/4765
f 3767/4674 3766/4676 3642/4763 3641/4762
f 3641/4762 3640/4761 3768/4675 3767/4674
f 4044/4673 4045/4760 3639/4759 3769/4672
f 3770/4671 3769/4672 3639/4759 3638/4758
f 3771/4670 3770/4671 3638/4758 3637/4757
f 3637/4757 3636/4756 3772/4669 3771/4670
f 3636/4756 3635/4755 3773/4668 3772/4669
f 3635/4755 3634/4754 3774/4667 3773/4668
f 3634/4754 3633/4753 3775/4666 3774/4667
f 3776/4664 3775/4666 3633/4753 3632/4752
f 3777/4665 3776/4664 3632/4752 3631/4751
f 3631/4750 3630/4749 3778/4662 3777/4663
f 3630/4749 3629/4748 3779/4661 3778/4662
f 3780/4659 3779/4661 3629/4748 3628/4747
f 3628/4747 4562/4746 4563/4660 3780/4659
f 3782/4658 3781/4657 3627/4745 3626/4744
f 4467/4656 4468/4743 3625/4742 3783/4654
f 3625/4742 3624/4741 3784/4653 3783/4654
f 3785/4651 3784/4653 3624/4741 3623/4740
f 3623/4740 4391/4739 4392/4652 3785/4651
f 3787/4649 3786/4650 3622/4738 3621/4737
f 3788/4648 3787/4649 3621/4737 3620/4736
f 3620/4736 3619/4735 3789/4647 3788/4648
f 3619/4735 3618/4734 3790/4646 3789/4647
f 3791/4645 3790/4646 3618/4734 3617/4733
f 3792/4643 3791/4645 3617/4733 3616/4732
f 3793/4642 3792/4643 3616/4732 3615/4731
f 3615/4731 3614/4730 3794/4640 3793/4642
f 3614/4730 3684/4729 3795/4641 3794/4640
f 3796/4637 3795/4641 3684/4729 3613/4728
f 3797/4638 3796/4637 3613/4728 3612/4727
f 3834/4633 3835/4725 3611/4726 3798/4634
f 3799/4630 3981/4631 3982/4724 3610/4723
f 3800/4629 3799/4630 3610/4723 3609/4722
f 3609/4722 3608/4721 3801/4628 3800/4629
f 3608/4721 3607/4720 3802/4625 3801/4628
f 3803/4626 3802/4625 3607/4720 3606/4719
f 3804/4622 3803/4624 3606/4718 3605/4717
f 3805/4619 3804/4622 3605/4717 3604/4716
f 3604/4716 3603/4715 3806/4618 3805/4619
f 3807/4616 3806/4618 3603/4715 3602/4714
f 3808/4613 3807/4616 3602/4714 3601/4713
f 3601/4713 3600/4712 3809/4612 3808/4613
f 3810/4610 3809/4612 3600/4712 3599/4711
f 3811/4608 3810/4610 3599/4711 3598/4710
f 3812/4606 3811/4608 3598/4710 3597/4709
f 3813/4604 3812/4606 3597/4709 3596/4708
f 3814/4601 3813/4604 3596/4708 3595/4707
f 3595/4707 3594/4706 3815/4600 3814/4601
f 3816/4597 3815/4600 3594/4706 3593/4705
f 3593/4705 3592/4704 3817/4593 3816/4597
f 3592/4704 3591/4703 3818/4594 3817/4593
f 3819/4589 3818/4592 3591/4702 3590/4701
f 3590/4701 3589/4700 3820/4587 3819/4589
f 3589/4700 3588/4699 3821/4585 3820/4587
f 3588/4699 3587/4698 3822/4582 3821/4585
f 3823/4583 3822/4582 3587/4698 3586/4697
f 3824/4576 3823/4580 3586/4696 3585/4695
f 3825/4577 3824/4576 3585/4695 3584/4694
f 3826/4572 3825/4577 3584/4694 3655/4693
f 3827/4573 3826/4572 3655/4693 3583/4692
f 3828/4569 4598/4570 4599/4691 3582/4690
f 3829/4567 3828/4569 3582/4690 3581/4689
f 3878/4688 3879/4568 3829/4567 3581/4689
f 3831/4565 3830/4566 3580/4687 3579/4686
f 3579/4686 3578/4685 3832/4564 3831/4565
f 3539/4489 3832/4564 3578/4685 3538/4488
f 2580/4639 3833/4632 4721/4771 4714/4772
f 3797/4638 3834/4633 3833/4632 2580/4639
f 3612/4727 3835/4725 3834/4633 3797/4638
f 3722/4562 3836/3160 3835/4725 3612/4727
f 2579/4560 3837/3161 3836/3160 3722/4562
f 3334/4558 3838/3164 3837/3161 2579/4560
f 2578/4554 3839/3165 3838/3164 3334/4558
f 2572/4557 3840/3168 3839/3165 2578/4554
f 3841/3088 3988/3171 3989/4552 2545/4551
f 2542/4548 3842/3083 3841/3088 2545/4551
f 3843/3059 3842/3083 2542/4548 2514/4547
f 3844/3060 3843/3059 2514/4547 2513/4546
f 3006/4540 3845/3749 3844/3784 2513/4543
f 2990/4539 3846/3750 3845/3749 3006/4540
f 2990/4539 3027/4537 3847/3815 3846/3750
f 3848/3835 3847/3815 3027/4537 3034/4534
f 3849/3856 3848/3835 3034/4534 3055/4532
f 3055/4532 3089/4531 3850/3899 3849/3856
f 3089/4531 3105/4529 3851/3927 3850/3899
f 3105/4529 3112/4527 3852/3936 3851/3927
f 3112/4527 3116/4524 3853/3944 3852/3936
f 3854/3966 3853/3944 3116/4524 3132/4522
f 3132/4522 3146/4520 3855/3989 3854/3966
f 3146/4520 3160/4518 3856/4014 3855/3989
f 3160/4518 3164/4517 3857/4015 3856/4014
f 3858/4051 3857/4015 3164/4517 3189/4513
f 3189/4513 3217/4512 3859/4111 3858/4051
f 3217/4511 3220/4509 3860/4121 3859/4120
f 3220/4509 3233/4506 3861/4154 3860/4121
f 3256/4502 3862/4150 3861/4154 3233/4506
f 3234/4505 3863/4151 3862/4150 3256/4502
f 3864/4501 3863/4500 3234/4773 3549/4774
f 3865/4228 3864/4501 3549/4774 3657/4775
f 3866/4229 3865/4228 3657/4775 3236/4776
f 3867/4223 4602/4226 4603/4777 3238/4778
f 3238/4778 3241/4779 3868/4219 3867/4223
f 3241/4779 3874/4780 3875/4220 3868/4219
f 3870/4212 3869/4217 3282/4781 3279/4782
f 3279/4782 3277/4783 3871/4213 3870/4212
f 3298/4487 3536/4271 3871/4213 3277/4783
f 3298/4486 3277/4784 3872/4210 3535/4268
f 3277/4784 3279/4785 3873/4211 3872/4210
f 3279/4785 3282/4786 3874/4218 3873/4211
f 3875/4220 3874/4780 3282/4781 3869/4217
f 3876/4221 3875/4220 3869/4217 3281/4216
f 3689/4250 3877/4246 3876/4221 3281/4216
f 3580/4687 3878/4688 3877/4246 3689/4250
f 3830/4566 3879/4568 3878/4688 3580/4687
f 3880/4247 3879/4568 3830/4566 3289/4254
f 3651/4253 3881/4248 3880/4247 3289/4254
f 3544/4493 3882/4495 3881/4248 3651/4253
f 3883/4201 3882/4495 3544/4493 3268/4203
f 3268/4203 3305/4206 3884/4202 3883/4201
f 3885/4180 3884/4281 3305/4279 3245/4179
f 3245/4179 3250/4178 3886/4181 3885/4180
f 3887/4183 3886/4181 3250/4178 3244/4193
f 3888/4077 3887/4183 3244/4193 3203/4084
f 3204/4087 3889/4078 3888/4077 3203/4084
f 3179/4040 3890/4060 3889/4081 3204/4088
f 3891/4034 3890/4060 3179/4040 3175/4039
f 3892/4035 3891/4034 3175/4039 3176/4038
f 3893/3979 3892/4035 3176/4038 3138/3977
f 3138/3977 3136/3976 3894/3974 3893/3979
f 3136/3976 3102/3922 3895/3920 3894/3974
f 3102/3922 3082/3889 3896/3914 3895/3920
f 3082/3889 3071/3877 3897/3909 3896/3914
f 3071/3877 3072/3876 3898/3908 3897/3909
f 3899/3847 3898/3908 3072/3876 3049/3846
f 3049/3846 3029/3818 3900/3837 3899/3847
f 3901/3811 3900/3837 3029/3818 3022/3804
f 2996/3766 3902/3767 3901/3811 3022/3804
f 3000/3765 3903/3768 3902/3767 2996/3766
f 2524/3774 3904/3775 3903/3768 3000/3765
f 3905/3044 3904/3043 2524/3040 2523/3041
f 3973/3053 3974/3050 3905/3044 2523/3041
f 3906/4188 3533/4263 3295/4264 3274/4191
f 3223/4133 3907/4128 3906/4188 3274/4191
f 3908/4129 3907/4128 3223/4133 3262/4132
f 3909/4092 3908/4129 3262/4132 3209/4096
f 3210/4099 3910/4093 3909/4092 3209/4096
f 3911/4043 3910/4095 3210/4100 3182/4046
f 3182/4046 3155/4004 3912/4003 3911/4043
f 3913/4001 3912/4003 3155/4004 3151/3998
f 3914/3984 3913/4001 3151/3998 3142/3985
f 3915/3958 3914/3984 3142/3985 3125/3959
f 3916/3892 3915/3958 3125/3959 3085/3893
f 3078/3887 3917/3883 3916/3892 3085/3893
f 3079/3886 3918/3884 3917/3883 3078/3887
f 3079/3886 3122/3954 3919/3955 3918/3884
f 3122/3954 3062/3864 3920/3867 3919/3955
f 3921/3868 3920/3867 3062/3864 3061/3865
f 3050/3850 3922/3851 3921/3868 3061/3865
f 3050/3850 3032/3828 3923/3821 3922/3851
f 3924/3803 3923/3821 3032/3828 3019/3801
f 3925/3725 3924/3803 3019/3801 2982/3736
f 2982/3736 2997/3735 3926/3726 3925/3725
f 3927/3771 3926/3726 2997/3735 2518/3793
f 3928/3036 3927/3035 2518/3032 2517/3033
f 2594/3189 3929/3188 3928/3036 2517/3033
f 3930/3192 3929/3188 2594/3189 2595/3190
f 3931/3195 3930/3192 2595/3190 2596/3191
f 3968/3194 3969/3197 3931/3195 2596/3191
f 3261/4131 3933/4168 3211/4097
f 3224/4130 3934/4169 3933/4168 3261/4131
f 3935/4209 3934/4169 3224/4130 3275/4192
f 3936/4266 3935/4209 3275/4192 3296/4265
f 3297/4267 3936/4266 3296/4265 3534/4485
f 4722/4787 3938/2312 4682/4788
f 3937/2315 2058/4789 3938/2312
f 3938/2312 2058/4789 4682/4788
f 3940/2310 3939/2311 4723/4790 4724/4791
f 2053/4792 2050/4793 3942/2303 3941/2307
f 3943/2304 3942/2303 2050/4793 1969/4794
f 3944/2208 3943/2207 1969/4795 1970/4796
f 1985/4797 3945/2232 3944/2208 1970/4796
f 2013/4798 3946/2257 3945/2232 1985/4797
f 2023/4799 3947/2267 3946/2257 2013/4798
f 3948/2282 3947/2281 2023/4800 2035/4801
f 3949/2266 3948/2282 2035/4801 2021/4802
f 3950/2255 3949/2266 2021/4802 2010/4803
f 2011/4804 3951/2256 3950/2255 2010/4803
f 2132/4805 3952/2399 3951/2256 2011/4804
f 3953/2401 3952/2399 2132/4805 2133/4806
f 2137/4807 3954/2403 3953/2401 2133/4806
f 2142/4808 3955/2408 3954/2403 2137/4807
f 2403/4809 3956/2810 3955/2809 2142/4810
f 2405/4811 3957/2811 3956/2810 2403/4809
f 2980/4812 3958/2814 3957/2811 2405/4811
f 3958/2814 2980/4812 4503/4813 4504/2815
f 3959/2820 4419/2819 4420/4814 2406/4815
f 2406/4815 2758/4816 3960/2821 3959/2820
f 2758/4816 4718/4817 3960/2821
f 3960/2821 4718/4817 3961/3003
f 3961/3003 4718/4817 4697/4818
f 4725/4819 4699/4820 3963/3010
f 3963/3010 4699/4820 3964/3011
f 2496/4821 3964/3011 4699/4820
f 3966/3015 3965/3012 4700/4822 4702/4823
f 3967/3016 3966/3015 2502/4824
f 4702/4823 4703/4825 3966/3015
f 3966/3015 4703/4825 2502/4824
f 2502/4824 2598/4826 3968/3194 3967/3016
f 3932/4827 3969/3197 3968/3194 2598/4826
f 3970/3198 3969/3197 3932/4827 2600/4828
f 2600/4828 4717/4829 3970/3198
f 3971/3054 3970/3198 4726/4830
f 4717/4829 4726/4830 3970/3198
f 3975/3051 3974/3050 4729/4831 4704/4832
f 3976/3057 3975/3056 4704/4833 4705/4834
f 2536/4835 3978/3074 4706/4836
f 3978/3074 3977/3073 4706/4836
f 3979/3078 3978/3074 2536/4835 4707/4837
f 2583/4635 3980/3177 4715/4838
f 3979/3078 4707/4837 3980/3177
f 3980/3177 4707/4837 4715/4838
f 3981/4631 3980/3177 2583/4635 3798/4634
f 3982/4724 3981/4631 3798/4634 3611/4726
f 3983/3185 3982/4724 3611/4726 3721/3163
f 3984/3186 3983/3185 3721/3163 2584/3162
f 3333/3167 3985/3184 3984/3186 2584/3162
f 2585/3166 3986/3180 3985/3184 3333/3167
f 3987/3170 3986/3180 2585/3166 2586/3169
f 2586/3169 3840/3168 3988/3171 3987/3170
f 3989/4552 3988/3171 3840/3168 2572/4557
f 2572/4557 3572/4556 3990/4553 3989/4552
f 3991/3140 3990/4553 3572/4556 3680/3149
f 3992/3139 3991/3140 3680/3149 2571/3141
f 3993/3136 3992/3139 2571/3141 2569/3137
f 2569/3137 2567/3134 3994/3133 3993/3136
f 2553/3100 3995/3095 3994/3133 2567/3134
f 3996/3096 3995/3095 2553/3100 2556/3099
f 3997/3127 3996/3096 2556/3099 2566/3126
f 3998/3128 3997/3127 2566/3126 2562/3125
f 2562/3125 2939/3683 3999/3681 3998/3128
f 4000/3699 3999/3681 2939/3683 2930/3698
f 4001/2986 4385/3116 4386/3115 2485/2990
f 2891/2989 4002/2987 4001/2986 2485/2990
f 4003/2984 4002/2987 2891/2989 2484/2983
f 4473/2982 4474/2985 4003/2984 2484/2983
f 4005/3641 4004/3640 2481/3642 2883/3645
f 4006/2956 4556/2973 4557/2972 2474/2958
f 4007/2957 4006/2956 2474/2958 2844/2961
f 4008/2797 4007/2957 2844/2961 2396/2788
f 2145/2787 4009/2798 4008/2797 2396/2788
f 4010/2413 4009/2412 2145/2538 2146/2536
f 2146/2536 2171/2533 4011/2450 4010/2413
f 4012/2449 4011/2450 2171/2533 2170/2531
f 4013/2447 4012/2449 2170/2531 2169/2527
f 2169/2527 2168/2530 4014/2448 4013/2447
f 2168/2530 2212/2540 4015/2446 4014/2448
f 4016/2441 4015/2446 2212/2540 2164/2525
f 2164/2525 2162/2502 4017/2438 4016/2441
f 2162/2502 4050/2501 4051/2439 4017/2438
f 2160/2497 2158/2496 4019/2432 4018/2435
f 3363/2495 4020/2433 4019/2432 2158/2496
f 4021/2430 4020/2433 3363/2495 2157/2491
f 3753/2490 4022/2431 4021/2430 2157/2491
f 3642/4763 4023/4764 4022/2431 3753/2490
f 3766/4676 4024/4678 4023/4764 3642/4763
f 4025/2428 4024/4678 3766/4676 2156/2483
f 2155/2486 4026/2429 4025/2428 2156/2483
f 4027/2425 4039/2427 4040/2487 2153/2479
f 4730/2426 4027/2425 4684/4839
f 2153/2479 2154/2482 4027/2425
f 2154/2482 4684/4839 4027/2425
f 3937/2315 4029/4840 4028/4841 2058/4789
f 2057/2314 4030/2327 4029/4840 3937/2315
f 4031/2325 4030/2327 2057/2314 2062/2318
f 2062/2318 2063/2319 4032/2322 4031/2325
f 2063/2319 1962/2291 4033/2222 4032/2322
f 4034/2223 4033/2222 1962/2291 1961/2292
f 4035/2214 4034/2213 1961/2199 1958/2196
f 4036/2219 4035/2214 1958/2196 1959/2197
f 4037/2227 4036/2219 1959/2197 1980/2229
f 1980/2229 2149/2420 4038/2418 4037/2227
f 2149/2420 4026/2429 4039/2427 4038/2418
f 4040/2487 4039/2427 4026/2429 2155/2486
f 2155/2486 2186/2485 4041/2488 4040/2487
f 4042/2509 4041/2488 2186/2485 2193/2507
f 2192/2506 4043/2510 4042/2509 2193/2507
f 3768/4675 4044/4673 4043/2510 2192/2506
f 3640/4761 4045/4760 4044/4673 3768/4675
f 3751/2505 4046/2512 4045/4760 3640/4761
f 2191/2504 4047/2513 4046/2512 3751/2505
f 3361/2503 4048/2517 4047/2513 2191/2504
f 4049/2500 4048/2517 3361/2503 2189/2498
f 4050/2501 4049/2500 2189/2498 2160/2497
f 4051/2439 4050/2501 2160/2497 4018/2435
f 4052/2437 4051/2439 4018/2435 2159/2434
f 4053/2379 4052/2437 2159/2434 2110/2377
f 4054/2373 4053/2379 2110/2377 2098/2358
f 2097/2357 4055/2374 4054/2373 2098/2358
f 2222/2553 4056/2575 4055/2574 2097/2550
f 2238/2586 4057/2587 4056/2575 2222/2553
f 2315/2666 4058/2744 4057/2587 2238/2586
f 2314/2665 4059/2743 4058/2744 2315/2666
f 4060/2741 4059/2743 2314/2665 2313/2664
f 4061/2738 4060/2741 2313/2664 2318/2670
f 2318/2670 2321/2674 4062/2736 4061/2738
f 2321/2674 2323/2676 4063/2735 4062/2736
f 4064/2733 4063/2735 2323/2676 2325/2678
f 4065/2698 4064/2733 2325/2678 2338/2695
f 2338/2695 2339/2694 4066/2699 4065/2698
f 4067/2705 4066/2699 2339/2694 2343/2703
f 2059/2326 4068/4842 4029/4840 4030/2327
f 4069/4843 4068/4842 2059/2326 2068/2328
f 4029/4840 4068/4842 4069/4843 4028/4841
f 4073/4844 4070/4845 4071/4846 4072/4847
f 4070/4845 4073/4844 4074/4848 4075/4849
f 4072/4847 4071/4846 4076/4850 4077/4851
f 4079/4852 4078/4853 4077/4854 4076/4855
f 4081/4856 4080/4857 4075/4849 4074/4848
f 4084/4858 4080/4859 4081/4860 4085/4861
f 4083/4862 4082/4863 4078/4853 4079/4852
f 4085/4861 4082/4863 4083/4862 4084/4858
f 4072/4847 4086/4864 4087/4865 4073/4844
f 4073/4844 4087/4865 4088/4866 4074/4848
f 4090/4867 4077/4854 4078/4853 4089/4868
f 4077/4851 4090/4869 4086/4864 4072/4847
f 4082/4863 4091/4870 4089/4868 4078/4853
f 4085/4861 4092/4871 4091/4870 4082/4863
f 4092/4871 4085/4861 4081/4860 4093/4872
f 4074/4848 4088/4866 4093/4873 4081/4856
f 4092/4871 4094/4874 4095/4875 4091/4870
f 4096/4876 4089/4868 4091/4870 4095/4875
f 4094/4874 4092/4871 4093/4872 4097/4877
f 4088/4866 4098/4878 4097/4879 4093/4873
f 4086/4864 4099/4880 4100/4881 4087/4865
f 4087/4865 4100/4881 4098/4878 4088/4866
f 4090/4869 4101/4882 4099/4880 4086/4864
f 4101/4883 4090/4867 4089/4868 4096/4876
f 4100/4881 4102/4884 4103/4885 4098/4878
f 4099/4880 4104/4886 4102/4884 4100/4881
f 4104/4886 4099/4880 4101/4882 4105/4887
f 4101/4883 4096/4876 4106/4888 4105/4889
f 4095/4875 4107/4890 4106/4888 4096/4876
f 4094/4874 4108/4891 4107/4890 4095/4875
f 4108/4891 4094/4874 4097/4877 4109/4892
f 4098/4878 4103/4885 4109/4893 4097/4879
f 4111/4894 4102/4884 4104/4886 4110/4895
f 4112/4896 4103/4885 4102/4884 4111/4894
f 4105/4887 4113/4897 4110/4895 4104/4886
f 4113/4898 4105/4889 4106/4888 4114/4899
f 4107/4890 4115/4900 4114/4899 4106/4888
f 4116/4901 4115/4900 4107/4890 4108/4891
f 4117/4902 4116/4901 4108/4891 4109/4892
f 4109/4893 4103/4885 4112/4896 4117/4903
f 4111/4894 4110/4895 4113/4897 4118/4904
f 4118/4904 4117/4903 4112/4896 4111/4894
f 4118/4905 4113/4898 4114/4899 4115/4900
f 4116/4901 4117/4902 4118/4905 4115/4900
f 4119/4906 4122/4907 4123/4908 4120/4909
f 4124/4910 4121/4911 4120/4909 4123/4908
f 4134/4912 4121/4911 4124/4910 4133/4913
f 4126/4914 4125/4915 4122/4907 4119/4906
f 4128/4916 4127/4917 4125/4918 4126/4919
f 4127/4917 4128/4916 4129/4920 4130/4921
f 4132/4922 4131/4923 4130/4921 4129/4920
f 4134/4924 4133/4925 4131/4923 4132/4922
f 4123/4908 4135/4926 4136/4927 4124/4910
f 4122/4907 4137/4928 4135/4926 4123/4908
f 4125/4915 4138/4929 4137/4928 4122/4907
f 4127/4917 4139/4930 4138/4931 4125/4918
f 4130/4921 4140/4932 4139/4930 4127/4917
f 4131/4923 4141/4933 4140/4932 4130/4921
f 4133/4925 4142/4934 4141/4933 4131/4923
f 4133/4913 4124/4910 4136/4927 4142/4935
f 4141/4933 4143/4936 4144/4937 4140/4932
f 4145/4938 4139/4930 4140/4932 4144/4937
f 4142/4934 4146/4939 4143/4936 4141/4933
f 4146/4940 4142/4935 4136/4927 4147/4941
f 4135/4926 4148/4942 4147/4941 4136/4927
f 4137/4928 4149/4943 4148/4942 4135/4926
f 4138/4929 4150/4944 4149/4943 4137/4928
f 4150/4945 4138/4931 4139/4930 4145/4938
f 4152/4946 4147/4941 4148/4942 4151/4947
f 4149/4943 4153/4948 4151/4947 4148/4942
f 4153/4948 4149/4943 4150/4944 4154/4949
f 4145/4938 4155/4950 4154/4951 4150/4945
f 4155/4950 4145/4938 4144/4937 4156/4952
f 4143/4936 4157/4953 4156/4952 4144/4937
f 4146/4939 4158/4954 4157/4953 4143/4936
f 4158/4955 4146/4940 4147/4941 4152/4946
f 4160/4956 4156/4952 4157/4953 4159/4957
f 4158/4954 4161/4958 4159/4957 4157/4953
f 4162/4959 4155/4950 4156/4952 4160/4956
f 4163/4960 4154/4951 4155/4950 4162/4959
f 4154/4949 4163/4961 4164/4962 4153/4948
f 4153/4948 4164/4962 4165/4963 4151/4947
f 4166/4964 4152/4946 4151/4947 4165/4963
f 4158/4955 4152/4946 4166/4964 4161/4965
f 4165/4963 4164/4962 4163/4961 4167/4966
f 4166/4964 4165/4963 4167/4966 4161/4965
f 4167/4967 4163/4960 4162/4959 4160/4956
f 4160/4956 4159/4957 4161/4958 4167/4967
f 4171/4968 4168/4969 4169/4970 4170/4971
f 4175/4972 4170/4971 4169/4970 4174/4973
f 4173/4974 4172/4975 4168/4969 4171/4968
f 4173/4974 4176/4976 4177/4977 4172/4975
f 4179/4978 4178/4979 4177/4980 4176/4981
f 4175/4982 4174/4983 4180/4984 4181/4985
f 4183/4986 4178/4979 4179/4978 4182/4987
f 4180/4984 4183/4986 4182/4987 4181/4985
f 4168/4969 4184/4988 4185/4989 4169/4970
f 4174/4973 4169/4970 4185/4989 4187/4990
f 4172/4975 4186/4991 4184/4988 4168/4969
f 4188/4992 4180/4984 4174/4983 4187/4993
f 4188/4992 4189/4994 4183/4986 4180/4984
f 4189/4994 4190/4995 4178/4979 4183/4986
f 4190/4995 4191/4996 4177/4980 4178/4979
f 4172/4975 4177/4977 4191/4997 4186/4991
f 4187/4990 4185/4989 4192/4998 4194/4999
f 4192/4998 4185/4989 4184/4988 4193/5000
f 4186/4991 4195/5001 4193/5000 4184/4988
f 4186/4991 4191/4997 4196/5002 4195/5001
f 4197/5003 4196/5004 4191/4996 4190/4995
f 4189/4994 4198/5005 4197/5003 4190/4995
f 4199/5006 4198/5005 4189/4994 4188/4992
f 4187/4993 4194/5007 4199/5006 4188/4992
f 4194/4999 4192/4998 4200/5008 4207/5009
f 4200/5008 4192/4998 4193/5000 4201/5010
f 4195/5001 4202/5011 4201/5010 4193/5000
f 4196/5002 4203/5012 4202/5011 4195/5001
f 4197/5003 4204/5013 4203/5014 4196/5004
f 4205/5015 4204/5013 4197/5003 4198/5005
f 4206/5016 4205/5015 4198/5005 4199/5006
f 4194/5007 4207/5017 4206/5016 4199/5006
f 4207/5009 4200/5008 4208/5018 4215/5019
f 4201/5010 4209/5020 4208/5018 4200/5008
f 4202/5011 4210/5021 4209/5020 4201/5010
f 4203/5012 4211/5022 4210/5021 4202/5011
f 4211/5023 4203/5014 4204/5013 4212/5024
f 4205/5015 4213/5025 4212/5024 4204/5013
f 4214/5026 4213/5025 4205/5015 4206/5016
f 4207/5017 4215/5027 4214/5026 4206/5016
f 4213/5025 4214/5026 4215/5027 4216/5028
f 4212/5024 4213/5025 4216/5028 4211/5023
f 4209/5020 4210/5021 4211/5022 4216/5029
f 4215/5019 4208/5018 4209/5020 4216/5029
f 4220/5030 4217/5031 4218/5032 4219/5033
f 4222/5034 4221/5035 4217/5031 4220/5030
f 4224/5036 4223/5037 4221/5035 4222/5034
f 4226/5038 4225/5039 4219/5033 4218/5032
f 4228/5040 4225/5041 4226/5042 4227/5043
f 4230/5044 4229/5045 4223/5046 4224/5047
f 4229/5045 4230/5044 4231/5048 4232/5049
f 4231/5048 4228/5040 4227/5043 4232/5049
f 4220/5030 4233/5050 4234/5051 4222/5034
f 4233/5050 4220/5030 4219/5033 4235/5052
f 4236/5053 4224/5036 4222/5034 4234/5051
f 4225/5039 4237/5054 4235/5052 4219/5033
f 4237/5055 4225/5041 4228/5040 4238/5056
f 4231/5048 4239/5057 4238/5056 4228/5040
f 4239/5057 4231/5048 4230/5044 4240/5058
f 4240/5058 4230/5044 4224/5047 4236/5059
f 4242/5060 4234/5051 4233/5050 4241/5061
f 4241/5061 4233/5050 4235/5052 4243/5062
f 4237/5054 4244/5063 4243/5062 4235/5052
f 4245/5064 4236/5053 4234/5051 4242/5060
f 4246/5065 4240/5058 4236/5059 4245/5066
f 4247/5067 4239/5057 4240/5058 4246/5065
f 4248/5068 4238/5056 4239/5057 4247/5067
f 4248/5068 4244/5069 4237/5055 4238/5056
f 4246/5065 4249/5070 4250/5071 4247/5067
f 4251/5072 4248/5068 4247/5067 4250/5071
f 4245/5066 4252/5073 4249/5070 4246/5065
f 4242/5060 4253/5074 4252/5075 4245/5064
f 4241/5061 4254/5076 4253/5074 4242/5060
f 4243/5062 4255/5077 4254/5076 4241/5061
f 4244/5063 4256/5078 4255/5077 4243/5062
f 4244/5069 4248/5068 4251/5072 4256/5079
f 4255/5077 4257/5080 4258/5081 4254/5076
f 4254/5076 4258/5081 4259/5082 4253/5074
f 4260/5083 4252/5075 4253/5074 4259/5082
f 4260/5084 4261/5085 4249/5070 4252/5073
f 4251/5072 4250/5071 4262/5086 4263/5087
f 4249/5070 4261/5085 4262/5086 4250/5071
f 4251/5072 4263/5087 4264/5088 4256/5079
f 4256/5078 4264/5089 4257/5080 4255/5077
f 4261/5085 4260/5084 4265/5090 4262/5086
f 4263/5087 4262/5086 4265/5090 4264/5088
f 4259/5082 4258/5081 4265/5091 4260/5083
f 4258/5081 4257/5080 4264/5089 4265/5091
f 4269/5092 4266/5093 4267/5094 4268/5095
f 4271/5096 4270/5097 4268/5095 4267/5094
f 4273/5098 4272/5099 4270/5097 4271/5096
f 4269/5092 4274/5100 4275/5101 4266/5093
f 4275/5102 4274/5103 4276/5104 4277/5105
f 4272/5106 4273/5107 4278/5108 4279/5109
f 4277/5105 4276/5104 4280/5110 4281/5111
f 4281/5111 4280/5110 4279/5109 4278/5108
f 4266/5093 4282/5112 4283/5113 4267/5094
f 4284/5114 4271/5096 4267/5094 4283/5113
f 4271/5096 4284/5114 4285/5115 4273/5098
f 4286/5116 4278/5108 4273/5107 4285/5117
f 4278/5108 4286/5116 4287/5118 4281/5111
f 4281/5111 4287/5118 4288/5119 4277/5105
f 4282/5112 4266/5093 4275/5101 4289/5120
f 4289/5121 4275/5102 4277/5105 4288/5119
f 4286/5116 4290/5122 4291/5123 4287/5118
f 4287/5118 4291/5123 4292/5124 4288/5119
f 4290/5122 4286/5116 4285/5117 4293/5125
f 4293/5126 4285/5115 4284/5114 4294/5127
f 4282/5112 4295/5128 4296/5129 4283/5113
f 4294/5127 4284/5114 4283/5113 4296/5129
f 4295/5128 4282/5112 4289/5120 4297/5130
f 4297/5131 4289/5121 4288/5119 4292/5124
f 4299/5132 4292/5124 4291/5123 4298/5133
f 4298/5133 4291/5123 4290/5122 4300/5134
f 4293/5125 4301/5135 4300/5134 4290/5122
f 4294/5127 4302/5136 4301/5137 4293/5126
f 4302/5136 4294/5127 4296/5129 4303/5138
f 4303/5138 4296/5129 4295/5128 4304/5139
f 4297/5130 4305/5140 4304/5139 4295/5128
f 4297/5131 4292/5124 4299/5132 4305/5141
f 4307/5142 4303/5138 4304/5139 4306/5143
f 4308/5144 4302/5136 4303/5138 4307/5142
f 4309/5145 4301/5137 4302/5136 4308/5144
f 4301/5135 4309/5146 4310/5147 4300/5134
f 4311/5148 4298/5133 4300/5134 4310/5147
f 4312/5149 4299/5132 4298/5133 4311/5148
f 4306/5143 4304/5139 4305/5140 4313/5150
f 4305/5141 4299/5132 4312/5149 4313/5151
f 4310/5147 4309/5146 4314/5152 4311/5148
f 4314/5152 4313/5151 4312/5149 4311/5148
f 4308/5144 4307/5142 4314/5153 4309/5145
f 4307/5142 4306/5143 4313/5150 4314/5153
f 4493/3589 4494/5154 4316/5155 2836/3590
f 2836/3590 4316/5155 4317/5156 2910/3588
f 2910/3588 4317/5156 4318/5157 2835/3586
f 2835/3586 4318/5157 4365/5158 4366/3587
f 2911/3720 4319/5159 4320/5160 2958/3661
f 2958/3661 4320/5160 4321/5161 2834/3584
f 2834/3584 4321/5161 4322/5162 2833/3585
f 4648/3583 4649/5163 4323/5164 2807/3544
f 2838/3591 4324/5165 4536/5166 4537/3592
f 2864/3599 4325/5167 4315/5168 2837/3600
f 2959/3491 4326/5169 4327/5170 2756/3489
f 2756/3489 4327/5170 4328/5171 2755/3490
f 2755/3490 4328/5171 4329/5172 2839/3593
f 2839/3593 4329/5172 4330/5173 2863/3594
f 2863/3594 4330/5173 4324/5165 2838/3591
f 2804/3497 4332/5174 4331/5175 2757/3495
f 4331/5175 4397/5176 4398/3496 2757/3495
f 4333/5177 4332/5174 2804/3497 2805/3542
f 4334/5178 4333/5177 2805/3542 2806/3543
f 4334/5179 2806/3545 2807/3544 4323/5164
f 4334/5178 4568/5180 4569/5181 4333/5177
f 4333/5177 4569/5181 4570/5182 4332/5174
f 4323/5164 4567/5183 4568/5184 4334/5179
f 4456/5185 4457/5186 4079/4852 4076/4855
f 4455/5187 4456/5188 4076/4850 4071/4846
f 4454/5189 4455/5187 4071/4846 4070/4845
f 4457/5186 4458/5190 4083/4862 4079/4852
f 4075/4849 4395/5191 4454/5189 4070/4845
f 4459/5192 4460/5193 4080/4859 4084/4858
f 4344/5194 4434/5195 4435/5196 4343/5197
f 4343/5197 4436/5198 4437/5199 4344/5194
f 4458/5190 4459/5192 4084/4858 4083/4862
f 4340/5200 4396/5201 4452/5202 4453/5203
f 4344/5194 4437/5199 4438/5204 4345/5205
f 4438/5204 4439/5206 4346/5207 4345/5205
f 4364/5208 4440/5209 4441/5210 4347/5211
f 4441/5210 4442/5212 4348/5213 4347/5211
f 4442/5212 4443/5214 4349/5215 4348/5213
f 4443/5214 4495/5216 4496/5217 4349/5215
f 4444/5218 4445/5219 4351/5220 4350/5221
f 4534/5222 4535/5223 4446/5224 4352/5225
f 4446/5224 4447/5226 4353/5227 4352/5225
f 4447/5226 4448/5228 4354/5229 4353/5227
f 4450/5230 4451/5231 4355/5232 4356/5233
f 4449/5234 4450/5230 4356/5233 4357/5235
f 4448/5228 4449/5234 4357/5235 4354/5229
f 4346/5207 4432/5236 4433/5237 4345/5205
f 4345/5205 4433/5237 4434/5195 4344/5194
f 4347/5211 4430/5238 4431/5239 4364/5208
f 4348/5213 4429/5240 4430/5238 4347/5211
f 4349/5215 4428/5241 4429/5240 4348/5213
f 4427/5242 4428/5241 4350/5221 4351/5220
f 4364/5208 4431/5239 4432/5236 4346/5207
f 4346/5207 4439/5206 4440/5209 4364/5208
f 4366/3587 4365/5158 4319/5159 2911/3720
f 4367/3477 4366/3587 2911/3720 2912/3719
f 2912/3719 2913/3718 4368/3478 4367/3477
f 4369/3417 4668/3446 4669/3717 2914/3716
f 2914/3716 2915/3715 4370/3418 4369/3417
f 4371/3389 4370/3418 2915/3715 2916/3714
f 4372/3362 4371/3389 2916/3714 2917/3713
f 2917/3713 2918/3712 4373/3340 4372/3362
f 2918/3712 2919/3711 4374/3341 4373/3340
f 4375/3345 4374/3341 2919/3711 2920/3710
f 4376/3289 4375/3345 2920/3710 2921/3709
f 4377/3271 4376/3289 2921/3709 2922/3708
f 4378/3257 4377/3271 2922/3708 2923/3707
f 4379/3238 4378/3257 2923/3707 2924/3706
f 2924/3706 2925/3705 4380/3211 4379/3238
f 4381/2895 4380/3211 2925/3705 2926/3704
f 2926/3704 2927/3703 4382/2896 4381/2895
f 4383/2851 4382/2850 2927/3702 2928/3701
f 2928/3701 2929/3700 4384/2950 4383/2851
f 2929/3700 4000/3699 4385/3116 4384/2950
f 4386/3115 4385/3116 4000/3699 2930/3698
f 2930/3698 2931/3697 4387/3113 4386/3115
f 2931/3697 3343/3696 4388/3114 4387/3113
f 4389/3111 4388/3114 3343/3696 2932/3695
f 4390/3112 4389/3111 2932/3695 3733/3694
f 4391/4739 4390/3112 3733/3694 3622/4738
f 4392/4652 4391/4739 3622/4738 3786/4650
f 4393/3108 4392/4652 3786/4650 2933/3693
f 4395/5191 4119/4906 4120/4909 4394/5243
f 4451/5231 4527/5244 4528/5245 4355/5232
f 2959/3491 4525/3494 4526/5246 4326/5169
f 2961/3721 4523/5247 4524/3493 2960/3492
f 2962/3395 4522/3398 4654/5248 4655/3722
f 2966/3319 4518/3322 4519/3375 2965/3374
f 2968/3723 4516/5249 4517/3321 2967/3320
f 2969/3724 4515/5250 4516/5249 2968/3723
f 2970/3264 4514/3265 4515/5250 2969/3724
f 4396/5201 4340/5200 4395/5191 4394/5243
f 4421/5251 4422/5252 4356/5233 4355/5232
f 4353/5227 4354/5229 4423/5253 4424/5254
f 4423/5253 4354/5229 4357/5235 4425/5255
f 4356/5233 4422/5252 4425/5255 4357/5235
f 4217/5031 4425/5255 4422/5252 4218/5032
f 4221/5035 4423/5253 4425/5255 4217/5031
f 4269/5092 4268/5095 4424/5254 4423/5253
f 4426/5256 4352/5225 4353/5227 4424/5254
f 4426/5256 4424/5254 4268/5095 4270/5097
f 4280/5110 4428/5241 4427/5242 4279/5109
f 4429/5240 4428/5241 4362/5257 4361/5258
f 4430/5238 4429/5240 4361/5258 4360/5259
f 4431/5239 4430/5238 4360/5259 4363/5260
f 4432/5236 4431/5239 4363/5260 4358/5261
f 4433/5237 4432/5236 4358/5261 4359/5262
f 4434/5195 4433/5237 4359/5262 4342/5263
f 4435/5196 4434/5195 4342/5263 4341/5264
f 4437/5199 4436/5198 4322/5162 4321/5161
f 4438/5204 4437/5199 4321/5161 4320/5160
f 4319/5159 4439/5206 4438/5204 4320/5160
f 4440/5209 4439/5206 4319/5159 4365/5158
f 4441/5210 4440/5209 4365/5158 4318/5157
f 4317/5156 4442/5212 4441/5210 4318/5157
f 4316/5155 4443/5214 4442/5212 4317/5156
f 4494/5154 4495/5216 4443/5214 4316/5155
f 4325/5167 4445/5219 4444/5218 4315/5168
f 4324/5165 4446/5224 4535/5223 4536/5166
f 4330/5173 4447/5226 4446/5224 4324/5165
f 4329/5172 4448/5228 4447/5226 4330/5173
f 4328/5171 4449/5234 4448/5228 4329/5172
f 4327/5170 4450/5230 4449/5234 4328/5171
f 4326/5169 4451/5231 4450/5230 4327/5170
f 4326/5169 4526/5246 4527/5244 4451/5231
f 4453/5203 4452/5202 4397/5176 4331/5175
f 4454/5189 4395/5191 4340/5200 4338/5265
f 4338/5265 4337/5266 4455/5187 4454/5189
f 4337/5266 4336/5267 4456/5188 4455/5187
f 4336/5268 4335/5269 4457/5186 4456/5185
f 4339/5270 4458/5190 4457/5186 4335/5269
f 4341/5264 4459/5192 4458/5190 4339/5270
f 4342/5263 4460/5193 4459/5192 4341/5264
f 4075/4849 4461/5271 4119/4906 4395/5191
f 4423/5253 4221/5035 4462/5272 4269/5092
f 4221/5035 4223/5037 4463/5273 4462/5272
f 4274/5100 4269/5092 4462/5272 4463/5273
f 4464/5274 4463/5275 4223/5046 4229/5045
f 4276/5104 4274/5103 4463/5275 4464/5274
f 4464/5274 4465/5276 4280/5110 4276/5104
f 4465/5276 4464/5274 4229/5045 4362/5257
f 4280/5110 4465/5276 4362/5257 4428/5241
f 2478/3655 2477/3654 4732/5277
f 4733/5278 4732/5277 4466/4655
f 2477/3654 4466/4655 4732/5277
f 3782/4658 4467/4656 4466/4655 2477/3654
f 3626/4744 4468/4743 4467/4656 3782/4658
f 3737/3648 4469/2974 4468/4743 3626/4744
f 2479/3651 4470/2975 4469/2974 3737/3648
f 4471/2979 4470/2975 2479/3651 3347/3646
f 4472/2980 4471/2979 3347/3646 2480/3643
f 4473/2982 4472/2980 2480/3643 2481/3642
f 4004/3640 4474/2985 4473/2982 2481/3642
f 4475/2953 4474/2985 4004/3640 2472/3639
f 2472/3639 2429/3634 4476/2855 4475/2953
f 2430/3637 4477/2856 4476/2855 2429/3634
f 4478/2905 4477/2904 2430/3633 2444/3631
f 2605/3628 4479/3207 4478/2905 2444/3631
f 2615/3626 4480/3224 4479/3207 2605/3628
f 2615/3626 2627/3624 4481/3245 4480/3224
f 4482/3268 4481/3245 2627/3624 2638/3623
f 4483/3286 4482/3268 2638/3623 2649/3621
f 4484/3348 4483/3286 2649/3621 2659/3618
f 2659/3618 2665/3617 4485/3349 4484/3348
f 2665/3617 2670/3614 4486/3350 4485/3349
f 4487/3369 4486/3350 2670/3614 2698/3613
f 4488/3386 4487/3369 2698/3613 2705/3611
f 2705/3611 2751/3608 4489/3424 4488/3386
f 4490/3425 4489/3424 2751/3608 2719/3607
f 4663/3606 4664/3448 4490/3425 2719/3607
f 4492/3472 4491/3471 2738/3602 2731/3601
f 2837/3600 4493/3589 4492/3472 2731/3601
f 2837/3600 4315/5168 4494/5154 4493/3589
f 4315/5168 4444/5218 4495/5216 4494/5154
f 4496/5217 4495/5216 4444/5218 4350/5221
f 4349/5215 4496/5217 4350/5221 4428/5241
f 4461/5271 4497/5279 4126/4914 4119/4906
f 4497/5279 4461/5271 4075/4849 4080/4857
f 4497/5280 4498/5281 4128/4916 4126/4919
f 4080/4859 4460/5193 4498/5281 4497/5280
f 4498/5281 4499/5282 4129/4920 4128/4916
f 4460/5193 4342/5263 4499/5282 4498/5281
f 4358/5261 4132/4922 4129/4920 4359/5262
f 4359/5262 4129/4920 4499/5282 4342/5263
f 4363/5260 4182/4987 4179/4978 4358/5261
f 4182/4987 4363/5260 4360/5259 4181/4985
f 4500/5283 4132/4922 4358/5261 4179/4978
f 4134/4924 4132/4922 4500/5283 4501/5284
f 4501/5284 4500/5283 4179/4978 4176/4981
f 4502/5285 4501/5286 4176/4976 4173/4974
f 4501/5286 4502/5285 4121/4911 4134/4912
f 4504/2815 4503/4813 4420/4814 4419/2819
f 4505/2816 4504/2815 4419/2819 4418/2818
f 4506/2909 4505/2816 4418/2818 4417/2913
f 4507/2910 4506/2909 4417/2913 4416/2915
f 4415/2837 4508/2833 4507/2910 4416/2915
f 4509/2834 4508/2833 4415/2837 4414/2836
f 4510/2880 4509/2879 4414/2883 4413/2882
f 4511/3205 4510/2880 4413/2882 4412/3218
f 4512/3230 4511/3205 4412/3218 4411/3232
f 4513/3248 4512/3230 4411/3232 4410/3250
f 4514/3265 4513/3248 4410/3250 4409/3278
f 4515/5250 4514/3265 4409/3278 4408/3296
f 4516/5249 4515/5250 4408/3296 4407/3315
f 4517/3321 4516/5249 4407/3315 4406/3317
f 4518/3322 4517/3321 4406/3317 4405/3323
f 4519/3375 4518/3322 4405/3323 4404/3356
f 4520/3376 4519/3375 4404/3356 4403/3379
f 4402/3404 4521/3397 4520/3376 4403/3379
f 4522/3398 4521/3397 4402/3404 4401/3403
f 4653/3436 4654/5248 4522/3398 4401/3403
f 4524/3493 4523/5247 4400/3454 4399/3453
f 4525/3494 4524/3493 4399/3453 4398/3496
f 4526/5246 4525/3494 4398/3496 4397/5176
f 4527/5244 4526/5246 4397/5176 4452/5202
f 4528/5245 4527/5244 4452/5202 4396/5201
f 4394/5243 4529/5287 4528/5245 4396/5201
f 4529/5287 4421/5251 4355/5232 4528/5245
f 4121/4911 4529/5287 4394/5243 4120/4909
f 4171/4968 4170/4971 4422/5252 4421/5251
f 4421/5251 4529/5287 4173/4974 4171/4968
f 4121/4911 4502/5285 4173/4974 4529/5287
f 4170/4971 4530/5288 4218/5032 4422/5252
f 4531/5289 4530/5288 4170/4971 4175/4972
f 4530/5288 4531/5289 4226/5038 4218/5032
f 4175/4982 4181/4985 4532/5290 4531/5291
f 4531/5291 4532/5290 4227/5043 4226/5042
f 4361/5258 4232/5049 4227/5043 4360/5259
f 4181/4985 4360/5259 4227/5043 4532/5290
f 4362/5257 4229/5045 4232/5049 4361/5258
f 4272/5106 4279/5109 4427/5242 4533/5292
f 4426/5256 4270/5097 4272/5099 4533/5293
f 4445/5219 4535/5294 4534/5295 4351/5220
f 4536/5296 4535/5294 4445/5219 4325/5167
f 4537/5297 4536/5296 4325/5167 2864/3599
f 4538/5298 4537/5297 2864/3599 2865/3598
f 2865/3598 2866/3603 4539/5299 4538/5298
f 4540/3427 4661/3452 4662/3605 2867/3604
f 2867/3604 2868/3609 4541/3428 4540/3427
f 4542/3384 4541/3428 2868/3609 2869/3610
f 4543/3370 4542/3384 2869/3610 2870/3612
f 2870/3612 2871/3615 4544/3314 4543/3370
f 4545/3308 4544/3314 2871/3615 2872/3616
f 2872/3616 2873/3619 4546/3301 4545/3308
f 4547/3284 4546/3301 2873/3619 2874/3620
f 4548/3266 4547/3284 2874/3620 2875/3622
f 2875/3622 2876/3625 4549/3244 4548/3266
f 2876/3625 2877/3627 4550/3223 4549/3244
f 2877/3627 2878/3629 4551/3206 4550/3223
f 4552/2901 4551/3206 2878/3629 2879/3630
f 4553/2902 4552/2901 2879/3630 2880/3632
f 2880/3636 2881/3635 4554/2864 4553/2863
f 4555/2952 4554/2864 2881/3635 2882/3638
f 2882/3638 4005/3641 4556/2973 4555/2952
f 4557/2972 4556/2973 4005/3641 2883/3645
f 2883/3645 2884/3644 4558/2970 4557/2972
f 3348/3647 4559/2971 4558/2970 2884/3644
f 4560/2968 4559/2971 3348/3647 2885/3650
f 4561/2969 4560/2968 2885/3650 3738/3649
f 4562/4746 4561/2969 3738/3649 3627/4745
f 4563/4660 4562/4746 3627/4745 3781/4657
f 4564/2783 4563/4660 3781/4657 2886/3653
f 4565/2786 4564/2783 2886/3653 2887/3652
f 4534/5295 4533/5292 4427/5242 4351/5220
f 4352/5225 4426/5256 4533/5293 4534/5222
f 4566/5300 4435/5196 4341/5264 4339/5270
f 4568/5184 4567/5183 4335/5269 4336/5268
f 4569/5181 4568/5180 4336/5267 4337/5266
f 4570/5182 4569/5181 4337/5266 4338/5265
f 4567/5183 4566/5300 4339/5270 4335/5269
f 4338/5265 4340/5200 4453/5203 4570/5182
f 4331/5175 4332/5174 4570/5182 4453/5203
f 4323/5164 4649/5163 4650/5301 4567/5183
f 4571/3070 4735/5302 4706/4836 3977/3073
f 4572/3068 4571/3070 3977/3073 2535/3072
f 2534/4627 4573/3069 4572/3068 2535/3072
f 4574/3760 4573/3779 2534/4623 3003/4621
f 4575/3761 4574/3760 3003/4621 2993/4620
f 3023/4617 4576/3808 4575/3761 2993/4620
f 4577/3830 4576/3808 3023/4617 3038/4615
f 3038/4615 3044/4614 4578/3841 4577/3830
f 3092/4611 4579/3904 4578/3841 3044/4614
f 3097/4609 4580/3913 4579/3904 3092/4611
f 3097/4609 3119/4607 4581/3949 4580/3913
f 4582/3952 4581/3949 3119/4607 3120/4605
f 4583/3972 4582/3952 3120/4605 3133/4603
f 4584/3994 4583/3972 3133/4603 3149/4602
f 4585/4026 4584/3994 3149/4602 3169/4599
f 3169/4599 3170/4598 4586/4027 4585/4026
f 4587/4057 4586/4027 3170/4598 3190/4596
f 3198/4595 4588/4075 4587/4057 3190/4596
f 4589/4072 4588/4071 3198/4591 3197/4590
f 3227/4588 4590/4187 4589/4072 3197/4590
f 3253/4586 4591/4184 4590/4187 3227/4588
f 4592/4185 4591/4184 3253/4586 3228/4581
f 3308/4584 4593/4283 4592/4185 3228/4581
f 3267/4575 4594/4200 4593/4199 3308/4579
f 3547/4578 4595/4497 4594/4200 3267/4575
f 3654/4571 4596/4237 4595/4497 3547/4578
f 3286/4574 4597/4238 4596/4237 3654/4571
f 3286/4574 3827/4573 4598/4570 4597/4238
f 4599/4691 4598/4570 3827/4573 3583/4692
f 4600/4242 4599/4691 3583/4692 3692/4235
f 4601/4225 4600/4242 3692/4235 3285/4230
f 3285/4230 3866/4229 4602/4226 4601/4225
f 4603/4777 4602/4226 3866/4229 3236/4776
f 4604/4164 4603/4163 3236/4159 3257/4158
f 4605/4167 4604/4164 3257/4158 3235/4160
f 4606/4114 4605/4167 3235/4160 3219/4116
f 4607/4115 4606/4114 3219/4116 3216/4119
f 3186/4052 4608/4048 4607/4108 3216/4110
f 3186/4052 3162/4019 4609/4012 4608/4048
f 4610/4006 4609/4012 3162/4019 3158/4010
f 3158/4010 3148/3992 4611/3993 4610/4006
f 3148/3992 3129/3968 4612/3963 4611/3993
f 3129/3968 3115/3940 4613/3939 4612/3963
f 4614/3933 4613/3939 3115/3940 3111/3934
f 4615/3924 4614/3933 3111/3934 3104/3925
f 4616/3896 4615/3924 3104/3925 3088/3898
f 3088/3898 3056/3858 4617/3859 4616/3896
f 3056/3858 3033/3822 4618/3825 4617/3859
f 4619/3799 4618/3825 3033/3822 3017/3813
f 3017/3813 2989/3746 4620/3795 4619/3799
f 2988/3745 4621/3741 4620/3795 2989/3746
f 3008/3744 4622/3742 4621/3741 2988/3745
f 4623/3789 4622/3742 3008/3744 2832/3787
f 2832/3024 2831/2947 4624/3579 4623/3581
f 2831/2947 2830/2943 4625/3578 4624/3579
f 4626/3575 4625/3578 2830/2943 2829/2942
f 2829/2942 2828/2940 4627/3574 4626/3575
f 4628/3572 4627/3574 2828/2940 2827/2930
f 4629/3570 4628/3572 2827/2930 2826/2926
f 4630/3568 4629/3570 2826/2926 2825/2924
f 4631/3563 4630/3568 2825/2924 2824/2847
f 2824/2847 2823/2846 4632/3564 4631/3563
f 2823/2893 2822/2892 4633/3561 4632/3562
f 2822/2892 2821/3213 4634/3560 4633/3561
f 4635/3559 4634/3560 2821/3213 2820/3236
f 2820/3236 2819/3255 4636/3558 4635/3559
f 2819/3255 2818/3273 4637/3557 4636/3558
f 4638/3556 4637/3557 2818/3273 2817/3290
f 4639/3555 4638/3556 2817/3290 2816/3338
f 4640/3554 4639/3555 2816/3338 2815/3337
f 2815/3337 2814/3336 4641/3553 4640/3554
f 4642/3552 4641/3553 2814/3336 2813/3363
f 4643/3551 4642/3552 2813/3363 2812/3390
f 2812/3390 2811/3414 4644/3550 4643/3551
f 4645/3548 4644/3550 2811/3414 2810/3413
f 2810/3413 4672/3444 4673/3549 4645/3548
f 2809/3481 2808/3480 4647/3547 4646/3546
f 2833/3585 4648/3583 4647/3547 2808/3480
f 2833/3585 4322/5162 4649/5163 4648/3583
f 4650/5301 4649/5163 4322/5162 4436/5198
f 4650/5301 4436/5198 4343/5197 4651/5303
f 4650/5301 4651/5303 4566/5300 4567/5183
f 4566/5300 4651/5303 4343/5197 4435/5196
f 4653/5304 4652/5305 2733/3455 4400/3454
f 4523/5247 4654/5306 4653/5304 4400/3454
f 4655/5307 4654/5306 4523/5247 2961/3721
f 4656/5308 4655/5307 2961/3721 2734/3459
f 2734/3459 2735/3458 4657/5309 4656/5308
f 4658/5310 4657/5309 2735/3458 2736/3461
f 2736/3461 2861/3465 4659/5311 4658/5310
f 4660/5312 4659/5311 2861/3465 2737/3464
f 2737/3464 4539/3468 4661/5313 4660/5312
f 4662/5314 4661/5315 4539/5299 2866/3603
f 4663/5316 4662/5314 2866/3603 2738/3602
f 2738/3602 4491/3471 4664/5317 4663/5316
f 4665/5318 4664/5317 4491/3471 2739/3470
f 4666/5319 4665/5318 2739/3470 2908/3474
f 4667/5320 4666/5319 2908/3474 2740/3473
f 2740/3473 4368/3478 4668/5321 4667/5320
f 4669/5322 4668/5321 4368/3478 2913/3718
f 4670/5323 4669/5322 2913/3718 2956/3662
f 4671/5324 4670/5323 2956/3662 2741/3482
f 2741/3482 2809/3481 4672/5325 4671/5324
f 4673/5326 4672/5325 2809/3481 4646/3546
f 4674/5327 4673/5326 4646/3546 2742/3540
f 2742/3540 2802/3539 4675/5328 4674/5327
f 4676/5329 4675/5330 2802/3485 2743/3484
f 4677/5331 4676/5329 2743/3484 2777/3487
f 4652/5305 4677/5331 2777/3487 2733/3455
f 4679/5332 4678/5333 1977/2218
f 1973/2215 1977/2218 1975/2216
f 4678/5333 1975/2216 1977/2218
f 4680/2417 4679/5332 1977/2218 1981/2226
f 4688/5334 4687/5335 2194/2508
f 2194/2508 4687/5335 2183/2480
f 4687/5335 2184/2481 2183/2480
f 4689/2520 4688/5334 2194/2508 2195/2511
f 4694/2784 4693/5336 2393/2782
f 2393/2782 4693/5336 2841/3595
f 4693/5336 2840/3596 2841/3595
f 4696/3110 4719/3657 2888/3656 2395/3107
f 4695/3658 4733/5278 4466/4655 2394/3659
f 4708/5337 4709/3131 2550/3130 2549/4644
f 4712/3132 4710/3688 2559/3687 2563/3129
f 4715/4838 4721/4771 3833/4632 2583/4635
f 2589/3175 4716/5338 2588/3176
f 4708/5337 2549/4644 4716/5338
f 4716/5338 2549/4644 2588/3176
f 3577/4684 3576/4636 4713/5339
f 4714/4772 4713/5339 2580/4639
f 4713/5339 3576/4636 2580/4639
f 4722/4787 4723/4790 3939/2311 3938/2312
f 4724/4791 4681/5340 3940/2310
f 3941/2307 3940/2310 2053/4792
f 4681/5340 2053/4792 3940/2310
f 4697/4818 4698/5341 3962/3004 3961/3003
f 4698/5341 4725/4819 3963/3010 3962/3004
f 3964/3011 2496/4821 3965/3012
f 4700/4822 3965/3012 4701/5342
f 4701/5342 3965/3012 2496/4821
f 4726/4830 4727/5343 3972/3052 3971/3054
f 4727/5343 4728/5344 3973/3053 3972/3052
f 4728/5344 4729/4831 3974/3050 3973/3053
f 4705/4834 4735/5302 4571/3070 3976/3057
f 2934/3692 4720/5345 2933/3693
f 2933/3693 4720/5345 4393/3108
f 4720/5345 4731/3109 4393/3108
f 4736/5346 6520/5347 6519/5348 4754/5349
f 4762/5350 4740/5351 6132/5352 6131/5353
f 4740/5351 4762/5350 4761/5354 4742/5355
f 4760/5356 4744/5357 4742/5355 4761/5354
f 4744/5357 4760/5356 4800/5358 4799/5359
f 4746/5360 4759/5361 4758/5362 4748/5363
f 4748/5363 4758/5362 4757/5364 4750/5365
f 4755/5366 4739/5367 4753/5368 4756/5369
f 4750/5365 4757/5364 4756/5369 4753/5368
f 6518/5370 4737/5371 4754/5349 6519/5348
f 4738/5372 4755/5366 4756/5369 4752/5373
f 4757/5364 4751/5374 4752/5373 4756/5369
f 4758/5362 4749/5375 4751/5374 4757/5364
f 4759/5361 4747/5376 4749/5375 4758/5362
f 4760/5356 4745/5377 4801/5378 4800/5358
f 4745/5377 4760/5356 4761/5354 4743/5379
f 4762/5350 4741/5380 4743/5379 4761/5354
f 4741/5380 4762/5350 6131/5353 6130/5381
f 4764/5382 4745/5377 4743/5379 4763/5383
f 4741/5380 4765/5384 4763/5383 4743/5379
f 6129/5385 4765/5384 4741/5380 6130/5381
f 4766/5386 4737/5371 6518/5370 6517/5387
f 4745/5377 4764/5382 4802/5388 4801/5378
f 4747/5376 4768/5389 4769/5390 4749/5375
f 4770/5391 4751/5374 4749/5375 4769/5390
f 4751/5374 4770/5391 4771/5392 4752/5373
f 4752/5373 4771/5392 4767/5393 4738/5372
f 4773/5394 4770/5391 4769/5390 4772/5395
f 4772/5395 4769/5390 4776/5396 4775/5397
f 4778/5398 4777/5399 4775/5397 4776/5396
f 4778/5398 4780/5400 4779/5401 4777/5399
f 4779/5401 4780/5400 6704/5402 6703/5403
f 4768/5389 4781/5404 4776/5396 4769/5390
f 4802/5388 4764/5382 4782/5405 4803/5406
f 4784/5407 4783/5408 6794/5409 6793/5410
f 4783/5408 4784/5407 1976/5411 1975/5412
f 4785/5413 6795/5414 6794/5409 4783/5408
f 4784/5415 6793/5416 6792/5417 4786/5418
f 1976/5419 4784/5415 4786/5418 1979/5420
f 4788/5421 6796/5422 6795/5414 4785/5413
f 4789/5423 4767/5393 4771/5392 4787/5424
f 4790/5425 4766/5386 6517/5387 6516/5426
f 6704/5402 4780/5400 4791/5427 6705/5428
f 4791/5427 4780/5400 4793/5429 4792/5430
f 4778/5398 4776/5396 4781/5404 4794/5431
f 4780/5400 4778/5398 4794/5431 4793/5429
f 4792/5430 4793/5429 4796/5432 4795/5433
f 4798/5434 4797/5435 4795/5433 4796/5432
f 4800/5358 4759/5361 4746/5360 4799/5359
f 4801/5378 4747/5376 4759/5361 4800/5358
f 4802/5388 4768/5389 4747/5376 4801/5378
f 4781/5404 4768/5389 4802/5388 4803/5406
f 4803/5406 4804/5436 4794/5431 4781/5404
f 4793/5429 4794/5431 4804/5436 4796/5432
f 4805/5437 4798/5434 4796/5432 4804/5436
f 4804/5436 4803/5406 4782/5405 4805/5437
f 4797/5435 4798/5434 4807/5438 4806/5439
f 4806/5439 4807/5438 4833/5440 4832/5441
f 4811/5442 4810/5443 4808/5444 4809/5445
f 4810/5443 4811/5442 4813/5446 4812/5447
f 4815/5448 4814/5449 4812/5447 4813/5446
f 6710/5450 4814/5449 4815/5448 6711/5451
f 6705/5428 4791/5427 4816/5452 6706/5453
f 4816/5452 4791/5427 4792/5430 4817/5454
f 4817/5454 4792/5430 4795/5433 4818/5455
f 4818/5455 4795/5433 4797/5435 4819/5456
f 4820/5457 4808/5444 4810/5443 4821/5458
f 4821/5458 4810/5443 4812/5447 4822/5459
f 4822/5459 4812/5447 4814/5449 4823/5460
f 4823/5460 4814/5449 6710/5450 6709/5461
f 6706/5453 4816/5452 4824/5462 6707/5463
f 4824/5462 4816/5452 4817/5454 4825/5464
f 4825/5464 4817/5454 4818/5455 4826/5465
f 4826/5465 4818/5455 4819/5456 4827/5466
f 4829/5467 4825/5468 4826/5469 4828/5470
f 4828/5470 4821/5458 4822/5459 4829/5467
f 4806/5439 4830/5471 4819/5456 4797/5435
f 4830/5471 4806/5439 4832/5441 4831/5472
f 4832/5441 4808/5444 4820/5457 4831/5472
f 4833/5440 4809/5445 4808/5444 4832/5441
f 4831/5472 4827/5466 4819/5456 4830/5471
f 4834/5473 4827/5466 4831/5472 4820/5457
f 4828/5470 4826/5469 4827/5466 4834/5473
f 4834/5473 4820/5457 4821/5458 4828/5470
f 4825/5468 4829/5467 4835/5474 4824/5475
f 4823/5460 4835/5474 4829/5467 4822/5459
f 4824/5475 4835/5474 6708/5476 6707/5477
f 4835/5474 4823/5460 6709/5461 6708/5476
f 4837/5478 4775/5479 4777/5480 4836/5481
f 4839/5482 4838/5483 4775/5479 4837/5478
f 4775/5479 4838/5483 4840/5484 4772/5485
f 4774/5486 4773/5487 4772/5485 4840/5484
f 4842/5488 4841/5489 4838/5483 4839/5482
f 4844/5490 4843/5491 4841/5489 4842/5488
f 4846/5492 4843/5491 4844/5490 4845/5493
f 4849/5494 4779/5495 4847/5496 4848/5497
f 4836/5481 4777/5480 4779/5495 4849/5494
f 4779/5495 6703/5498 6702/5499 4847/5496
f 4851/5500 4850/5501 4848/5497 4847/5496
f 6701/5502 4851/5500 4847/5496 6702/5499
f 4853/5503 4852/5504 4850/5501 4851/5500
f 4852/5504 4853/5503 4846/5492 4845/5493
f 6700/5505 4853/5503 4851/5500 6701/5502
f 4853/5503 6700/5505 6699/5506 4846/5492
f 6698/5507 4854/5508 4846/5492 6699/5506
f 4854/5508 6698/5507 6697/5509 4855/5510
f 4857/5511 4843/5491 4846/5492 4854/5508
f 4858/5512 4841/5489 4843/5491 4857/5511
f 4840/5484 4838/5483 4841/5489 4858/5512
f 4854/5508 4855/5510 4859/5513 4857/5511
f 4860/5514 4858/5512 4857/5511 4859/5513
f 4858/5512 4860/5514 4774/5486 4840/5484
f 1979/5420 4786/5418 4861/5515 2064/5516
f 6791/5517 4861/5515 4786/5418 6792/5417
f 2064/5516 4861/5515 4862/5518 2066/5519
f 6790/5520 4862/5518 4861/5515 6791/5517
f 4862/5518 6790/5520 6789/5521 4856/5522
f 2066/5519 4862/5518 4856/5522 2068/5523
f 4864/5524 4842/5488 4839/5482 4863/5525
f 4839/5482 4837/5478 4865/5526 4863/5525
f 4866/5527 4865/5526 4837/5478 4836/5481
f 4866/5527 4836/5481 4849/5494 4867/5528
f 4867/5528 4849/5494 4848/5497 4868/5529
f 4868/5529 4848/5497 4850/5501 4869/5530
f 4869/5530 4850/5501 4852/5504 4870/5531
f 4871/5532 4870/5531 4852/5504 4845/5493
f 4872/5533 4871/5532 4845/5493 4844/5490
f 4872/5533 4844/5490 4842/5488 4864/5524
f 4874/5534 4864/5524 4863/5525 4873/5535
f 4875/5536 4873/5535 4863/5525 4865/5526
f 4865/5526 4866/5527 4876/5537 4875/5536
f 4876/5537 4866/5527 4867/5528 4877/5538
f 4877/5538 4867/5528 4868/5529 4878/5539
f 4878/5539 4868/5529 4869/5530 4879/5540
f 4879/5540 4869/5530 4870/5531 4880/5541
f 4881/5542 4880/5541 4870/5531 4871/5532
f 4882/5543 4881/5542 4871/5532 4872/5533
f 4882/5543 4872/5533 4864/5524 4874/5534
f 4878/5539 4879/5540 4876/5537 4877/5538
f 4881/5542 4882/5543 4879/5540 4880/5541
f 4873/5535 4875/5536 4876/5537 4874/5534
f 4876/5537 4879/5540 4882/5543 4874/5534
f 4883/5544 4765/5384 6129/5385 6128/5545
f 4888/5546 4886/5547 4884/5548 4887/5549
f 4890/5550 4889/5551 4887/5549 4884/5548
f 4889/5551 4890/5550 4892/5552 4891/5553
f 4885/5554 4886/5547 4888/5546 4893/5555
f 4895/5556 4894/5557 4914/5558 4913/5559
f 4897/5560 4896/5561 4894/5557 4895/5556
f 4899/5562 4898/5563 4896/5561 4897/5560
f 4901/5564 4900/5565 4991/5566 4990/5567
f 6813/5568 4903/5569 4902/5570 6814/5571
f 4900/5565 4901/5564 4902/5570 4903/5569
f 4904/5572 4892/5552 4890/5550 4883/5544
f 4905/5573 4903/5569 6813/5568 6812/5574
f 4906/5575 4900/5565 4903/5569 4905/5573
f 4991/5566 4900/5565 4906/5575 4992/5576
f 4898/5563 4907/5577 4908/5578 4896/5561
f 4896/5561 4908/5578 4909/5579 4894/5557
f 4883/5544 4890/5550 4884/5548 4910/5580
f 4910/5580 4884/5548 4886/5547 4911/5581
f 4765/5384 4883/5544 4910/5580 4763/5383
f 4911/5581 4886/5547 4885/5554 4912/5582
f 4894/5557 4909/5579 4915/5583 4914/5558
f 4911/5581 4764/5382 4763/5383 4910/5580
f 4911/5581 4912/5582 4782/5405 4764/5382
f 4914/5558 4885/5554 4893/5555 4913/5559
f 4915/5583 4912/5582 4885/5554 4914/5558
f 4912/5582 4915/5583 4805/5437 4782/5405
f 4807/5438 4798/5434 4805/5437 4915/5583
f 4833/5440 4807/5438 4915/5583 4909/5579
f 4809/5445 4833/5440 4909/5579 4916/5584
f 4918/5585 4917/5586 4916/5584 4909/5579
f 4919/5587 4811/5442 4809/5445 4916/5584
f 4920/5588 4813/5446 4811/5442 4919/5587
f 4921/5589 4815/5448 4813/5446 4920/5588
f 4922/5590 4919/5587 4916/5584 4917/5586
f 4918/5585 4909/5579 4908/5578 4923/5591
f 4917/5586 4918/5585 4923/5591 4924/5592
f 4925/5593 4920/5588 4919/5587 4922/5590
f 6711/5451 4815/5448 4921/5589 6712/5594
f 4926/5595 6713/5596 6712/5594 4921/5589
f 4926/5595 4921/5589 4920/5588 4925/5593
f 4924/5592 4927/5597 4922/5590 4917/5586
f 6713/5596 4926/5595 4928/5598 6714/5599
f 4928/5598 4926/5595 4925/5593 4929/5600
f 4929/5600 4925/5593 4922/5590 4927/5597
f 4931/5601 4929/5600 4927/5597 4930/5602
f 6714/5599 4928/5598 4932/5603 6715/5604
f 4932/5603 4928/5598 4929/5600 4931/5601
f 4930/5602 4927/5597 4934/5605 4933/5606
f 4933/5606 4934/5605 6770/5607 6769/5608
f 4927/5597 4924/5592 4937/5609 4934/5605
f 4788/5421 4680/5610 4683/5611 4938/5612
f 6796/5422 4788/5421 4938/5612 6797/5613
f 4787/5424 4939/5614 4940/5615 4789/5423
f 4941/5616 4790/5425 6516/5426 6515/5617
f 6127/5618 4942/5619 4883/5544 6128/5545
f 6787/5620 4938/5612 4683/5611 4730/5621
f 6797/5613 4938/5612 6787/5620 6798/5622
f 6785/5623 4940/5615 4939/5614 6786/5624
f 6781/5625 4941/5616 6515/5617 6782/5626
f 6779/5627 4942/5619 6127/5618 6780/5628
f 4948/5629 4904/5572 4883/5544 4942/5619
f 6778/5630 4948/5629 4942/5619 6779/5627
f 4950/5631 4905/5573 6812/5574 6811/5632
f 6777/5633 4950/5631 6811/5632 6810/5634
f 4905/5573 4950/5631 4952/5635 4906/5575
f 6776/5636 4952/5635 4950/5631 6777/5633
f 4906/5575 4952/5635 4993/5637 4992/5576
f 4955/5638 4937/5609 4924/5592 4923/5591
f 4956/5639 4955/5638 4923/5591 4908/5578
f 4956/5639 4908/5578 4907/5577 4954/5640
f 4993/5637 4952/5635 6776/5636 6775/5641
f 6773/5642 4956/5639 4954/5640 6774/5643
f 4955/5638 4956/5639 6773/5642 6772/5644
f 4937/5609 4955/5638 6772/5644 6771/5645
f 6770/5607 4934/5605 4937/5609 6771/5645
f 6503/5646 5002/5647 5001/5648 6504/5649
f 2175/5650 2174/5651 4961/5652 4962/5653
f 2175/5650 4962/5653 4963/5654 2176/5655
f 6504/5649 5001/5648 5000/5656 6505/5657
f 2176/5655 4963/5654 4964/5658 2178/5659
f 4999/5660 6506/5661 6505/5657 5000/5656
f 2178/5659 4964/5658 4965/5662 2180/5663
f 4998/5664 6507/5665 6506/5661 4999/5660
f 4997/5666 6508/5667 6507/5665 4998/5664
f 4686/5668 4685/5669 4966/5670
f 2180/5663 4965/5662 4685/5669
f 4965/5662 4966/5670 4685/5669
f 2200/5671 4691/5672 4983/5673
f 4966/5670 4983/5673 4686/5668
f 4983/5673 4691/5672 4686/5668
f 4943/5674 2154/5675 2184/5676 4967/5677
f 4945/5678 4944/5679 4969/5680 4968/5681
f 6799/5682 4943/5674 4967/5677 6800/5683
f 6513/5684 4970/5685 4946/5686 6514/5687
f 4971/5688 4947/5689 6126/5690 6125/5691
f 4947/5689 4971/5688 4972/5692 4949/5693
f 4973/5694 4951/5695 6809/5696 6808/5697
f 6124/5698 4972/5692 4971/5688 6125/5691
f 4970/5685 6513/5684 6512/5699 4974/5700
f 4968/5681 4969/5680 4976/5701 4975/5702
f 4977/5703 6801/5704 6800/5683 4967/5677
f 6801/5704 4977/5703 4978/5705 6802/5706
f 6805/5707 6511/5708 4979/5709 6806/5710
f 4973/5694 6808/5697 6807/5711 6123/5712
f 4978/5705 4689/5713 4690/5714 4980/5715
f 6510/5716 4981/5717 4979/5709 6511/5708
f 4982/5718 4973/5694 6123/5712 6122/5719
f 4951/5695 4973/5694 4982/5718 4953/5720
f 4690/5714 4692/5721 4980/5715
f 2200/5671 4983/5673 4692/5721
f 4983/5673 4980/5715 4692/5721
f 4958/5722 4957/5723 4984/5724 4985/5725
f 4959/5726 4958/5722 4985/5725 4986/5727
f 4960/5728 4959/5726 4986/5727 4987/5729
f 4988/5730 4936/5731 4960/5728 4987/5729
f 4989/5732 4935/5733 4936/5731 4988/5730
f 4991/5566 4898/5563 4899/5562 4990/5567
f 4907/5577 4898/5563 4991/5566 4992/5576
f 4993/5637 4954/5640 4907/5577 4992/5576
f 6774/5643 4954/5640 4993/5637 6775/5641
f 4995/5734 4994/5735 4953/5720 4982/5718
f 6509/5736 4996/5737 4981/5717 6510/5716
f 6121/5738 4995/5734 4982/5718 6122/5719
f 4994/5735 4995/5734 4984/5724 4957/5723
f 4984/5724 6120/5739 6119/5740 4985/5725
f 4985/5725 6119/5740 6118/5741 4986/5727
f 4986/5727 6118/5741 6117/5742 4987/5729
f 6116/5743 4988/5730 4987/5729 6117/5742
f 6115/5744 4989/5732 4988/5730 6116/5743
f 4995/5734 6121/5738 6120/5739 4984/5724
f 4996/5737 6509/5736 6508/5667 4997/5666
f 4891/5745 5004/5746 5003/5747 4889/5748
f 4887/5749 4889/5750 5003/5751 5005/5752
f 5007/5753 4887/5749 5005/5752 5006/5754
f 5008/5755 4888/5756 4887/5749 5007/5753
f 5009/5757 4893/5758 4888/5756 5008/5755
f 5010/5759 4913/5760 4893/5758 5009/5757
f 5010/5759 5011/5761 4895/5762 4913/5760
f 5012/5763 4897/5764 4895/5762 5011/5761
f 5013/5765 4899/5766 4897/5767 5012/5768
f 6814/5769 4902/5770 5014/5771 6815/5772
f 5014/5771 4902/5770 4901/5773 5015/5774
f 4901/5773 4990/5775 5016/5776 5015/5774
f 4990/5775 4899/5766 5013/5765 5016/5776
f 5006/5754 5005/5752 5018/5777 5017/5778
f 5005/5752 5003/5751 5019/5779 5018/5777
f 5003/5747 5004/5746 5020/5780 5019/5781
f 6815/5772 5014/5771 5021/5782 6816/5783
f 5008/5755 5023/5784 5022/5785 5009/5757
f 5023/5784 5008/5755 5007/5753 5024/5786
f 5024/5786 5007/5753 5006/5754 5025/5787
f 5025/5787 5006/5754 5017/5778 5026/5788
f 5026/5788 5017/5778 5028/5789 5027/5790
f 5027/5790 5028/5789 5030/5791 5029/5792
f 5029/5792 5030/5791 5032/5793 5031/5794
f 5034/5795 5032/5793 5030/5791 5033/5796
f 5033/5796 5030/5791 5028/5789 5035/5797
f 5035/5797 5028/5789 5017/5778 5018/5777
f 5010/5759 5009/5757 5022/5785 5036/5798
f 5011/5761 5010/5759 5036/5798 5037/5799
f 5037/5799 5036/5798 5039/5800 5038/5801
f 5039/5800 5036/5798 5022/5785 5040/5802
f 5040/5802 5022/5785 5023/5784 5041/5803
f 5041/5803 5023/5784 5024/5786 5042/5804
f 5042/5804 5024/5786 5025/5787 5043/5805
f 5043/5805 5025/5787 5026/5788 5044/5806
f 5044/5806 5026/5788 5027/5790 5045/5807
f 5045/5807 5027/5790 5029/5792 5046/5808
f 5047/5809 5012/5763 5011/5761 5037/5799
f 5037/5799 5038/5801 5048/5810 5047/5809
f 5050/5811 5049/5812 5012/5763 5047/5809
f 5049/5812 5050/5811 5052/5813 5051/5814
f 5054/5815 5053/5816 5051/5814 5052/5813
f 5053/5816 5054/5815 5056/5817 5055/5818
f 5058/5819 5057/5820 5055/5818 5056/5817
f 5060/5821 5059/5822 5057/5820 5058/5819
f 5062/5823 5061/5824 5059/5822 5060/5821
f 5061/5824 5062/5823 5064/5825 5063/5826
f 5063/5826 5064/5825 5066/5827 5065/5828
f 5067/5829 5068/5830 5065/5828 5066/5827
f 5070/5831 5069/5832 5068/5830 5067/5829
f 5069/5832 5070/5831 5072/5833 5071/5834
f 5071/5834 5072/5833 5074/5835 5073/5836
f 5073/5836 5074/5835 5111/5837 5110/5838
f 5077/5839 5050/5811 5047/5809 5048/5810
f 5078/5840 5052/5813 5050/5811 5077/5839
f 5052/5813 5078/5840 5079/5841 5054/5815
f 5080/5842 5056/5817 5054/5815 5079/5841
f 5081/5843 5058/5819 5056/5817 5080/5842
f 5082/5844 5060/5821 5058/5819 5081/5843
f 5060/5821 5082/5844 5083/5845 5062/5823
f 5084/5846 5064/5825 5062/5823 5083/5845
f 5085/5847 5066/5827 5064/5825 5084/5846
f 5086/5848 5067/5829 5066/5827 5085/5847
f 5087/5849 5070/5831 5067/5829 5086/5848
f 5088/5850 5072/5833 5070/5831 5087/5849
f 5111/5837 5074/5835 5089/5851 5112/5852
f 5046/5808 5029/5792 5031/5794 5091/5853
f 5092/5854 5035/5797 5018/5777 5019/5779
f 5093/5855 5033/5796 5035/5797 5092/5854
f 5033/5796 5093/5855 5094/5856 5034/5795
f 5093/5857 5096/5858 5095/5859 5094/5860
f 5096/5858 5093/5857 5092/5861 5097/5862
f 5020/5780 5097/5862 5092/5861 5019/5781
f 5034/5795 5094/5856 5099/5863 5098/5864
f 5100/5865 5099/5866 5094/5860 5095/5859
f 5102/5867 5101/5868 5098/5864 5099/5863
f 5103/5869 5102/5870 5099/5866 5100/5865
f 5105/5871 5104/5872 5102/5870 5103/5869
f 5107/5873 5106/5874 5104/5872 5105/5871
f 5104/5875 5108/5876 5101/5868 5102/5867
f 5106/5877 5109/5878 5108/5876 5104/5875
f 5111/5837 5076/5879 5075/5880 5110/5838
f 5090/5881 5076/5879 5111/5837 5112/5852
f 5109/5878 5106/5877 5114/5882 5113/5883
f 5113/5883 5090/5881 5112/5852 5109/5878
f 5116/5884 5115/5885 5090/5881 5113/5883
f 5117/5886 5116/5884 5113/5883 5114/5882
f 5118/5887 5076/5879 5090/5881 5115/5885
f 5075/5880 5076/5879 5118/5887 5119/5888
f 5121/5889 5117/5890 5114/5891 5120/5892
f 5120/5892 5114/5891 5106/5874 5107/5873
f 6824/5893 5123/5894 5122/5895 6825/5896
f 5121/5889 5125/5897 5124/5898 5117/5890
f 5126/5899 6826/5900 6825/5896 5122/5895
f 5126/5899 5122/5895 5119/5901 5127/5902
f 5127/5903 5119/5888 5118/5887 5128/5904
f 5128/5904 5118/5887 5115/5885 5129/5905
f 5130/5906 5116/5884 5117/5886 5124/5907
f 5130/5906 5129/5905 5115/5885 5116/5884
f 5124/5907 5125/5908 5129/5905 5130/5906
f 5128/5904 5129/5905 5125/5908 5127/5903
f 5127/5902 5125/5897 6826/5900 5126/5899
f 5091/5853 5031/5794 5032/5793 5131/5909
f 5098/5864 5131/5909 5032/5793 5034/5795
f 5101/5868 5132/5910 5131/5909 5098/5864
f 5132/5910 5136/5911 5135/5912 5131/5909
f 5134/5913 5091/5853 5131/5909 5135/5912
f 5133/5914 5046/5808 5091/5853 5134/5913
f 5086/5848 5085/5847 5133/5914 5134/5913
f 5087/5849 5086/5848 5134/5913 5135/5912
f 5136/5911 5088/5850 5087/5849 5135/5912
f 5137/5915 5045/5807 5046/5808 5133/5914
f 5084/5846 5137/5915 5133/5914 5085/5847
f 5137/5915 5084/5846 5083/5845 5082/5844
f 5138/5916 5044/5806 5045/5807 5137/5915
f 5081/5843 5138/5916 5137/5915 5082/5844
f 5044/5806 5138/5916 5139/5917 5043/5805
f 5140/5918 5139/5917 5138/5916 5081/5843
f 5080/5842 5079/5841 5140/5918 5081/5843
f 5048/5810 5038/5801 5039/5800 5141/5919
f 5142/5920 5141/5919 5039/5800 5040/5802
f 5043/5805 5139/5917 5143/5921 5042/5804
f 5142/5920 5040/5802 5041/5803 5144/5922
f 5042/5804 5143/5921 5144/5922 5041/5803
f 5145/5923 5077/5839 5048/5810 5141/5919
f 5141/5919 5142/5920 5144/5922 5145/5923
f 5146/5924 5145/5923 5144/5922 5143/5921
f 5077/5839 5145/5923 5146/5924 5078/5840
f 5146/5924 5143/5921 5139/5917 5140/5918
f 5078/5840 5146/5924 5140/5918 5079/5841
f 5147/5925 5072/5833 5088/5850 5136/5911
f 5089/5851 5074/5835 5072/5833 5147/5925
f 5109/5878 5112/5852 5089/5851 5108/5876
f 5089/5851 5147/5925 5148/5926 5108/5876
f 5132/5910 5101/5868 5108/5876 5148/5926
f 5136/5911 5132/5910 5148/5926 5147/5925
f 5123/5894 6824/5893 6823/5927 5149/5928
f 5149/5928 6823/5927 6822/5929 5150/5930
f 6821/5931 5151/5932 5150/5930 6822/5929
f 6820/5933 5152/5934 5151/5932 6821/5931
f 5152/5934 6820/5933 6819/5935 5153/5936
f 5153/5936 6819/5935 6818/5937 5154/5938
f 6817/5939 5155/5940 5154/5938 6818/5937
f 6816/5783 5021/5782 5155/5940 6817/5939
f 5051/5941 5013/5765 5012/5768 5049/5942
f 5053/5943 5016/5776 5013/5765 5051/5941
f 5156/5944 5016/5776 5053/5943 5055/5945
f 5016/5776 5156/5944 5157/5946 5015/5774
f 5156/5944 5055/5945 5057/5947 5157/5946
f 5157/5946 5057/5947 5059/5948 5158/5949
f 5059/5948 5061/5950 5063/5951 5159/5952
f 5158/5949 5059/5948 5159/5952 5160/5953
f 5160/5953 5159/5952 5162/5954 5161/5955
f 5159/5952 5063/5951 5065/5956 5162/5954
f 5164/5957 5163/5958 5161/5955 5162/5954
f 5068/5959 5164/5957 5162/5954 5065/5956
f 5015/5774 5157/5946 5021/5782 5014/5771
f 5157/5946 5158/5949 5155/5940 5021/5782
f 5158/5949 5160/5953 5154/5938 5155/5940
f 5160/5953 5161/5955 5153/5936 5154/5938
f 5152/5934 5153/5936 5161/5955 5163/5958
f 5164/5957 5068/5959 5069/5960 5165/5961
f 5165/5961 5166/5962 5163/5958 5164/5957
f 5163/5958 5166/5962 5151/5932 5152/5934
f 5071/5963 5167/5964 5165/5961 5069/5960
f 5166/5962 5165/5961 5167/5964 5168/5965
f 5150/5930 5151/5932 5166/5962 5168/5965
f 5110/5966 5169/5967 5170/5968 5073/5969
f 5167/5964 5071/5963 5073/5969 5170/5968
f 5123/5894 5075/5970 5119/5901 5122/5895
f 5123/5894 5169/5967 5110/5966 5075/5970
f 5169/5967 5123/5894 5149/5928 5171/5971
f 5171/5971 5172/5972 5170/5968 5169/5967
f 5168/5965 5167/5964 5170/5968 5172/5972
f 5168/5965 5172/5972 5149/5928 5150/5930
f 5149/5928 5172/5972 5171/5971
f 5173/5973 4961/5974 2174/2780 2391/2779
f 5174/5975 4694/2784 7320/5976
f 4694/2784 4734/2785 7320/5976
f 4734/2785 4565/2786 7320/5976
f 4935/5977 4989/5978 5178/5979 5177/5980
f 4989/5978 6115/5981 6114/5982 5178/5979
f 5002/5983 6503/5984 6502/5985 5179/5986
f 6768/5987 5180/5988 4933/5989 6769/5990
f 4933/5989 5180/5988 5181/5991 4930/5992
f 5182/5993 4931/5994 4930/5995 5181/5996
f 4931/5994 5182/5993 5183/5997 4932/5998
f 6715/5999 4932/5998 5183/5997 6716/6000
f 6716/6000 5183/5997 5184/6001 6717/6002
f 5743/6003 7261/6004 7260/6005 6718/6006
f 5185/6007 6719/6008 7177/6009 7176/6010
f 6720/6011 6719/6008 5185/6007 5527/6012
f 5188/6013 5187/6014 5184/6001 5183/5997
f 5188/6013 5183/5997 5182/5993 5189/6015
f 5192/6016 5191/6017 5181/5996 5190/6018
f 5181/5996 5191/6017 5189/6015 5182/5993
f 5191/6017 5192/6016 5194/6019 5193/6020
f 5739/6021 7265/6022 7264/6023 5740/6024
f 5196/6025 5195/6026 7173/6027 7172/6028
f 5530/6029 5195/6026 5196/6025 5531/6030
f 5197/6031 5198/6032 5556/6033 5555/6034
f 5202/6035 5201/6036 5592/6037 5591/6038
f 5204/6039 5203/6040 7141/6041 7140/6042
f 5659/6043 5203/6040 5204/6039 5660/6044
f 7233/6045 5205/6046 5206/6047 7234/6048
f 5210/6049 5209/6050 5614/6051 5613/6052
f 7309/6053 5209/6050 5210/6049 7310/6054
f 5210/6049 5613/6052 5612/6055 5211/6056
f 5614/6057 5209/6058 5212/6059 5615/6060
f 5214/6061 5192/6062 5190/6063 5213/6064
f 5215/6065 5194/6066 5192/6062 5214/6061
f 5738/6067 7266/6068 7265/6069 5739/6070
f 5216/6071 5196/6072 7172/6073 7171/6074
f 5531/6075 5196/6072 5216/6071 5532/6076
f 5556/6077 5198/6078 5217/6079 5557/6080
f 5219/6081 5202/6082 5591/6083 5590/6084
f 7139/6085 5220/6086 5204/6087 7140/6088
f 5660/6089 5204/6087 5220/6086 5661/6090
f 5212/6059 5209/6058 7309/6091 7308/6092
f 5206/6093 5221/6094 7235/6095 7234/6096
f 5193/6020 5223/6097 5189/6015 5191/6017
f 5187/6014 5188/6013 5189/6015 5223/6097
f 5742/6098 7262/6099 7261/6004 5743/6003
f 7263/6100 5741/6101 5740/6024 7264/6023
f 5741/6101 7263/6100 7262/6099 5742/6098
f 5185/6007 7176/6010 7175/6102 5224/6103
f 5224/6103 7175/6102 7174/6104 5225/6105
f 5225/6105 7174/6104 7173/6027 5195/6026
f 5529/6106 5225/6105 5195/6026 5530/6029
f 5528/6107 5224/6103 5225/6105 5529/6106
f 5527/6012 5185/6007 5224/6103 5528/6107
f 5197/6031 5555/6034 5554/6108 5228/6109
f 5230/6110 5226/6111 5197/6031 5228/6109
f 5232/6112 5228/6109 5554/6108 5553/6113
f 5592/6037 5201/6036 5233/6114 5593/6115
f 5593/6115 5233/6114 5234/6116 5594/6117
f 5552/6118 5235/6119 5232/6112 5553/6113
f 5594/6117 5234/6116 5237/6120 5595/6121
f 5235/6119 5552/6118 5551/6122 5273/6123
f 5238/6124 5550/6125 5549/6126 5240/6127
f 5240/6127 5549/6126 5548/6128 5242/6129
f 5595/6121 5237/6120 5275/6130 5596/6131
f 5597/6132 5244/6133 5245/6134 5598/6135
f 5246/6136 5599/6137 5598/6135 5245/6134
f 5248/6138 5247/6139 5233/6114 5201/6036
f 7141/6041 5203/6040 5249/6140 7142/6141
f 5211/6056 7311/6142 7310/6054 5210/6049
f 7232/6143 5251/6144 5205/6046 7233/6045
f 5658/6145 5249/6140 5203/6040 5659/6043
f 5211/6056 5612/6055 6767/6146 6766/6147
f 5252/6148 5611/6149 5610/6150 5253/6151
f 5253/6151 5610/6150 6113/6152 6112/6153
f 6500/6154 5254/6155 5609/6156 6501/6157
f 5254/6155 6500/6154 7317/6158 7316/6159
f 7314/6160 5253/6151 6112/6153 7315/6161
f 7313/6162 5252/6148 5253/6151 7314/6160
f 7311/6142 5211/6056 6766/6147 7312/6163
f 7226/6164 6497/6165 5259/6166 7227/6167
f 6109/6168 5260/6169 7229/6170 7228/6171
f 5260/6169 5261/6172 7230/6173 7229/6170
f 5251/6144 7232/6143 7231/6174 6763/6175
f 6761/6176 5249/6140 5658/6145 6762/6177
f 5656/6178 5263/6179 5262/6180 5657/6181
f 6107/6182 5263/6179 5656/6178 6108/6183
f 6495/6184 5264/6185 5655/6186 6496/6187
f 5265/6188 5230/6110 5228/6109 5232/6112
f 5267/6189 5186/6190 5227/6191 5266/6192
f 5266/6192 5227/6191 5226/6111 5230/6110
f 6721/6193 5186/6190 5267/6189 6722/6194
f 5268/6195 5265/6188 5232/6112 5235/6119
f 5270/6196 5267/6189 5266/6192 5269/6197
f 5269/6197 5266/6192 5230/6110 5265/6188
f 5265/6188 5268/6195 5271/6198 5269/6197
f 5272/6199 5270/6196 5269/6197 5271/6198
f 6723/6200 5270/6196 5272/6199 6724/6201
f 6722/6194 5267/6189 5270/6196 6723/6200
f 5550/6125 5238/6124 5273/6123 5551/6122
f 5244/6133 5597/6132 5596/6131 5275/6130
f 6724/6201 5272/6199 5276/6202 6725/6203
f 5277/6204 6726/6205 6725/6203 5276/6202
f 5277/6204 5278/6206 6727/6207 6726/6205
f 5276/6202 5272/6199 5271/6198 5279/6208
f 5279/6208 5271/6198 5268/6195 5280/6209
f 5268/6195 5235/6119 5273/6123 5280/6209
f 5281/6210 5280/6209 5273/6123 5238/6124
f 5282/6211 5279/6208 5280/6209 5281/6210
f 5277/6204 5276/6202 5279/6208 5282/6211
f 5283/6212 5281/6210 5238/6124 5240/6127
f 5284/6213 5282/6211 5281/6210 5283/6212
f 5278/6206 5277/6204 5282/6211 5284/6213
f 5246/6136 5286/6214 5600/6215 5599/6137
f 5287/6216 5242/6129 5548/6128 5547/6217
f 5286/6214 5246/6136 6439/6218 6438/6219
f 5291/6220 5290/6221 5242/6129 5287/6216
f 5293/6222 5292/6223 5290/6221 5291/6220
f 5295/6224 5294/6225 6689/6226 6688/6227
f 5297/6228 5296/6229 5294/6225 5295/6224
f 5299/6230 5298/6231 5296/6229 5297/6228
f 5301/6232 5300/6233 6666/6234 6665/6235
f 5300/6236 5301/6237 5303/6238 5302/6239
f 6666/6234 5300/6233 6735/6240 6734/6241
f 6732/6242 5296/6229 5298/6231 6733/6243
f 6731/6244 5304/6245 5296/6229 6732/6242
f 5302/6239 6736/6246 6735/6247 5300/6236
f 5306/6248 5305/6249 6605/6250 6604/6251
f 6091/6252 5305/6249 5306/6248 6092/6253
f 6477/6254 5307/6255 5308/6256 6478/6257
f 7327/6258 5302/6239 5303/6238 7328/6259
f 6736/6246 5302/6239 7327/6258 7326/6260
f 5311/6261 6738/6262 6737/6263 5310/6264
f 5312/6265 6479/6266 6478/6257 5308/6256
f 5313/6267 6739/6268 6738/6262 5311/6261
f 6092/6253 5306/6248 5314/6269 6093/6270
f 5315/6271 6480/6272 6479/6266 5312/6265
f 5314/6269 5306/6248 6604/6251 6603/6273
f 6439/6218 5246/6136 5317/6274 6440/6275
f 5246/6136 5245/6134 5318/6276 5317/6274
f 5317/6274 5318/6276 6441/6277 6440/6275
f 6602/6278 5320/6279 5314/6269 6603/6273
f 6093/6270 5314/6269 5320/6279 6094/6280
f 5321/6281 5318/6276 5245/6134 5244/6133
f 5321/6281 5244/6133 5275/6130 5322/6282
f 5237/6120 5326/6283 5322/6282 5275/6130
f 5326/6283 5237/6120 5234/6116 5329/6284
f 5329/6284 6756/6285 6755/6286 5326/6283
f 5328/6287 5327/6288 5330/6289 5331/6290
f 6489/6291 5325/6292 5332/6293 6490/6294
f 6101/6295 5328/6287 5331/6290 6102/6296
f 5233/6114 5247/6139 5329/6284 5234/6116
f 5176/6297 4696/3110 4731/3109 7151/6298
f 5264/6185 6495/6184 7148/6299 7147/6300
f 7145/6301 5263/6179 6107/6182 7146/6302
f 7144/6303 5262/6180 5263/6179 7145/6301
f 7142/6141 5249/6140 6761/6176 7143/6304
f 5334/6305 6492/6306 6491/6307 5338/6308
f 6103/6309 5339/6310 5335/6311 6104/6312
f 5339/6310 5340/6313 5336/6314 5335/6311
f 5247/6139 5248/6138 6758/6315 6757/6316
f 5247/6139 6757/6316 6756/6285 5329/6284
f 5340/6313 5339/6310 5331/6290 5330/6289
f 5339/6310 6103/6309 6102/6296 5331/6290
f 5338/6308 6491/6307 6490/6294 5332/6293
f 5337/6317 4712/3132 4709/3131 5324/6318
f 6754/6319 5322/6282 5326/6283 6755/6286
f 5341/6320 5327/6288 5328/6287 5342/6321
f 6753/6322 5321/6281 5322/6282 6754/6319
f 5343/6323 5341/6320 5342/6321 5344/6324
f 5318/6276 5321/6281 6753/6322 6752/6325
f 6441/6277 5318/6276 6752/6325 6751/6326
f 5345/6327 5343/6323 5344/6324 5347/6328
f 5347/6328 5344/6324 6099/6329 6098/6330
f 5348/6331 5349/6332 6487/6333 6486/6334
f 6442/6335 5345/6327 5347/6328 6443/6336
f 6443/6336 5347/6328 6098/6330 6444/6337
f 5348/6331 6486/6334 6485/6338 6445/6339
f 5350/6340 5351/6341 2582/3156 2581/3155
f 6447/6342 5350/6340 2581/3155 3686/3159
f 6597/6343 6482/6344 5356/6345 6598/6346
f 6599/6347 6096/6348 5357/6349 6600/6350
f 6600/6350 5357/6349 5358/6351 6601/6352
f 6747/6353 5320/6279 6602/6278 6748/6354
f 5342/6321 5328/6287 6101/6295 6100/6355
f 6488/6356 5359/6357 5325/6292 6489/6291
f 2589/3175 2582/3156 5351/6341 5360/6358
f 6487/6333 5349/6332 5359/6357 6488/6356
f 5344/6324 5342/6321 6100/6355 6099/6329
f 5313/6267 5361/6359 6740/6360 6739/6268
f 5362/6361 5320/6279 6747/6353 6746/6362
f 6480/6272 5315/6271 5363/6363 6481/6364
f 6094/6280 5320/6279 5362/6361 6095/6365
f 6745/6366 6095/6365 5362/6361 6746/6362
f 6481/6364 5363/6363 6744/6367 6743/6368
f 5290/6221 5283/6212 5240/6127 5242/6129
f 5364/6369 5294/6225 5296/6229 5304/6245
f 6689/6226 5294/6225 5364/6369 6690/6370
f 5290/6221 5292/6223 5365/6371 5283/6212
f 5283/6212 5365/6371 5366/6372 5284/6213
f 5278/6206 5284/6213 5366/6372 5367/6373
f 5364/6369 5368/6374 6691/6375 6690/6370
f 6727/6207 5278/6206 5367/6373 6728/6376
f 5368/6374 5369/6377 6692/6378 6691/6375
f 5369/6377 6730/6379 6729/6380 6692/6378
f 5364/6369 5304/6245 5369/6377 5368/6374
f 6730/6379 5369/6377 5304/6245 6731/6244
f 5371/6381 5370/6382 5214/6061 5213/6064
f 5615/6060 5212/6059 5372/6383 5616/6384
f 5370/6382 5373/6385 5215/6065 5214/6061
f 5737/6386 7267/6387 7266/6068 5738/6067
f 5372/6383 5212/6059 7308/6092 7307/6388
f 7235/6095 5221/6094 5375/6389 7236/6390
f 5661/6090 5220/6086 5376/6391 5662/6392
f 5376/6391 5220/6086 7139/6085 7138/6393
f 5377/6394 5219/6081 5590/6084 5589/6395
f 5557/6080 5217/6079 5379/6396 5558/6397
f 5532/6076 5216/6071 5380/6398 5533/6399
f 5380/6398 5216/6071 7171/6074 7170/6400
f 5382/6401 5381/6402 5370/6382 5371/6381
f 5383/6403 5617/6404 5616/6384 5372/6383
f 7306/6405 5383/6403 5372/6383 7307/6388
f 7236/6390 5375/6389 5385/6406 7237/6407
f 5662/6392 5376/6391 5386/6408 5663/6409
f 5373/6385 5370/6382 5381/6402 5387/6410
f 5736/6411 7268/6412 7267/6387 5737/6386
f 5388/6413 5380/6398 7170/6400 7169/6414
f 5533/6399 5380/6398 5388/6413 5534/6415
f 5558/6397 5379/6396 5389/6416 5559/6417
f 5588/6418 5391/6419 5377/6394 5589/6395
f 7137/6420 5386/6408 5376/6391 7138/6393
f 5393/6421 5392/6422 5381/6402 5382/6401
f 5392/6422 5394/6423 5387/6410 5381/6402
f 5395/6424 5618/6425 5617/6404 5383/6403
f 7305/6426 5395/6424 5383/6403 7306/6405
f 7237/6407 5385/6406 5397/6427 7238/6428
f 5735/6429 7269/6430 7268/6412 5736/6411
f 5398/6431 5388/6413 7169/6414 7168/6432
f 5534/6415 5388/6413 5398/6431 5535/6433
f 5559/6417 5389/6416 5399/6434 5560/6435
f 5401/6436 5391/6419 5588/6418 5587/6437
f 5402/6438 5386/6408 7137/6420 7136/6439
f 5663/6409 5386/6408 5402/6438 5664/6440
f 5404/6441 5619/6442 5618/6425 5395/6424
f 5392/6422 5393/6421 5403/6443 5405/6444
f 5394/6423 5392/6422 5405/6444 5406/6445
f 5734/6446 7270/6447 7269/6430 5735/6429
f 7304/6448 5404/6441 5395/6424 7305/6426
f 5408/6449 7239/6450 7238/6428 5397/6427
f 5664/6440 5402/6438 5409/6451 5665/6452
f 5409/6451 5402/6438 7136/6439 7135/6453
f 5410/6454 5401/6436 5587/6437 5586/6455
f 5560/6435 5399/6434 5412/6456 5561/6457
f 5535/6433 5398/6431 5413/6458 5536/6459
f 7167/6460 5413/6458 5398/6431 7168/6432
f 5406/6445 5405/6444 5415/6461 5414/6462
f 5405/6444 5403/6443 5416/6463 5415/6461
f 5619/6442 5404/6441 5417/6464 5620/6465
f 5404/6441 7304/6448 7303/6466 5417/6464
f 5419/6467 7240/6468 7239/6450 5408/6449
f 5665/6452 5409/6451 5420/6469 5666/6470
f 5420/6469 5409/6451 7135/6453 7134/6471
f 5585/6472 5421/6473 5410/6454 5586/6455
f 5561/6457 5412/6456 5423/6474 5562/6475
f 5536/6459 5413/6458 5424/6476 5537/6477
f 7166/6478 5424/6476 5413/6458 7167/6460
f 5415/6461 5416/6463 5426/6479 5425/6480
f 5427/6481 5621/6482 5620/6465 5417/6464
f 5417/6464 7303/6466 7302/6483 5427/6481
f 5414/6462 5415/6461 5425/6480 5429/6484
f 5429/6484 5425/6480 5431/6485 5430/6486
f 5425/6480 5426/6479 5432/6487 5431/6485
f 5433/6488 5622/6489 5621/6482 5427/6481
f 7301/6490 5433/6488 5427/6481 7302/6483
f 5430/6486 5431/6485 5436/6491 5435/6492
f 5431/6485 5432/6487 5437/6493 5436/6491
f 5622/6489 5433/6488 5438/6494 5623/6495
f 5433/6488 7301/6490 7300/6496 5438/6494
f 7165/6497 5440/6498 5424/6476 7166/6478
f 7164/6499 5441/6500 5440/6498 7165/6497
f 5730/6501 7274/6502 7273/6503 5731/6504
f 7163/6505 5442/6506 5441/6500 7164/6499
f 5537/6477 5424/6476 5440/6498 5538/6507
f 5443/6508 5563/6509 5562/6475 5423/6474
f 5538/6507 5440/6498 5441/6500 5539/6510
f 5445/6511 5564/6512 5563/6509 5443/6508
f 5539/6510 5441/6500 5442/6506 5540/6513
f 5447/6514 5565/6515 5564/6512 5445/6511
f 5450/6516 5583/6517 5582/6518 5449/6519
f 5583/6517 5450/6516 5451/6520 5584/6521
f 5584/6521 5451/6520 5421/6473 5585/6472
f 7131/6522 5454/6523 5453/6524 7132/6525
f 5452/6526 7133/6527 7132/6525 5453/6524
f 5420/6469 7134/6471 7133/6527 5452/6526
f 5666/6470 5420/6469 5452/6526 5667/6528
f 5455/6529 7241/6530 7240/6468 5419/6467
f 7242/6531 5457/6532 5456/6533 7243/6534
f 5668/6535 5453/6524 5454/6523 5669/6536
f 5453/6524 5668/6535 5667/6528 5452/6526
f 7241/6530 5455/6529 5457/6532 7242/6531
f 5442/6506 7163/6505 7162/6537 5458/6538
f 5460/6539 5459/6540 5435/6492 5436/6491
f 5461/6541 5460/6539 5436/6491 5437/6493
f 5463/6542 5670/6543 5669/6536 5454/6523
f 7130/6544 5463/6542 5454/6523 7131/6522
f 5581/6545 5464/6546 5449/6519 5582/6518
f 5466/6547 5566/6548 5565/6515 5447/6514
f 5540/6513 5442/6506 5458/6538 5541/6549
f 5462/6550 7244/6551 7243/6534 5456/6533
f 7299/6552 5468/6553 5438/6494 7300/6496
f 5468/6553 5624/6554 5623/6495 5438/6494
f 5728/6555 7276/6556 7275/6557 5729/6558
f 5470/6559 5469/6560 5459/6540 5460/6539
f 7161/6561 5471/6562 5458/6538 7162/6537
f 5460/6539 5461/6541 5472/6563 5470/6559
f 5473/6564 5625/6565 5624/6554 5468/6553
f 5468/6553 7299/6552 7298/6566 5473/6564
f 5475/6567 7245/6568 7244/6551 5462/6550
f 5670/6543 5463/6542 5476/6569 5671/6570
f 5463/6542 7130/6544 7129/6571 5476/6569
f 5580/6572 5477/6573 5464/6546 5581/6545
f 5566/6548 5466/6547 5479/6574 5567/6575
f 5541/6549 5458/6538 5471/6562 5542/6576
f 5726/6577 7278/6578 7277/6579 5727/6580
f 5523/6581 5481/6582 5480/6583 5513/6584
f 7159/6585 5482/6586 5514/6587 7160/6588
f 5543/6589 5514/6587 5482/6586 5544/6590
f 5515/6591 5483/6592 5569/6593 5568/6594
f 5578/6595 5485/6596 5517/6597 5579/6598
f 7127/6599 5486/6600 5518/6601 7128/6602
f 5518/6601 5486/6600 5673/6603 5672/6604
f 5519/6605 5487/6606 7247/6607 7246/6608
f 7296/6609 5489/6610 5521/6611 7297/6612
f 5521/6611 5489/6610 5627/6613 5626/6614
f 5490/6615 5481/6582 5523/6581 5522/6616
f 5482/6586 7159/6585 7408/6617 7407/6618
f 7411/6619 5480/6583 5481/6582 7412/6620
f 5481/6582 5490/6615 7413/6621 7412/6620
f 5544/6590 5482/6586 7407/6618 7432/6622
f 5569/6593 5483/6592 7431/6623 7430/6624
f 7426/6625 5485/6596 5578/6595 7427/6626
f 7422/6627 5486/6600 7127/6599 7423/6628
f 5673/6603 5486/6600 7422/6627 7421/6629
f 7247/6607 5487/6606 7420/6630 7419/6631
f 5627/6613 5489/6610 7415/6632 7414/6633
f 7415/6632 5489/6610 7296/6609 7416/6634
f 7157/6635 5491/6636 5502/6637 7158/6638
f 5493/6639 5492/6640 5503/6641 5504/6642
f 5505/6643 5494/6644 5493/6639 5504/6642
f 5501/6645 5629/6646 5628/6647 5506/6648
f 7294/6649 5501/6645 5506/6648 7295/6650
f 5499/6651 7249/6652 7248/6653 5508/6654
f 5509/6655 5498/6656 5675/6657 5674/6658
f 7125/6659 5498/6656 5509/6655 7126/6660
f 5497/6661 5510/6662 5577/6663 5576/6664
f 5495/6665 5571/6666 5570/6667 5512/6668
f 5545/6669 5502/6637 5491/6636 5546/6670
f 7276/6556 5728/6555 5727/6580 7277/6579
f 5471/6562 7161/6561 7160/6588 5514/6587
f 5542/6576 5471/6562 5514/6587 5543/6589
f 5567/6575 5479/6574 5515/6591 5568/6594
f 5477/6573 5580/6572 5579/6598 5517/6597
f 5476/6569 7129/6571 7128/6602 5518/6601
f 5671/6570 5476/6569 5518/6601 5672/6604
f 7245/6568 5475/6567 5519/6605 7246/6608
f 5521/6611 5473/6564 7298/6566 7297/6612
f 5625/6565 5473/6564 5521/6611 5626/6614
f 5523/6581 5470/6559 5472/6563 5522/6616
f 5469/6560 5470/6559 5523/6581 5513/6584
f 5525/6671 5492/6640 5493/6639 5524/6672
f 5723/6673 7281/6674 7280/6675 5724/6676
f 5491/6636 7157/6635 7156/6677 5526/6678
f 5546/6670 5491/6636 5526/6678 5572/6679
f 5527/6012 5186/6190 6721/6193 6720/6011
f 5186/6190 5527/6012 5528/6107 5227/6191
f 5227/6191 5528/6107 5529/6106 5226/6111
f 5530/6029 5197/6031 5226/6111 5529/6106
f 5198/6032 5197/6031 5530/6029 5531/6030
f 5217/6079 5198/6078 5531/6075 5532/6076
f 5379/6396 5217/6079 5532/6076 5533/6399
f 5389/6416 5379/6396 5533/6399 5534/6415
f 5399/6434 5389/6416 5534/6415 5535/6433
f 5412/6456 5399/6434 5535/6433 5536/6459
f 5412/6456 5536/6459 5537/6477 5423/6474
f 5538/6507 5443/6508 5423/6474 5537/6477
f 5539/6510 5445/6511 5443/6508 5538/6507
f 5540/6513 5447/6514 5445/6511 5539/6510
f 5541/6549 5466/6547 5447/6514 5540/6513
f 5542/6576 5479/6574 5466/6547 5541/6549
f 5479/6574 5542/6576 5543/6589 5515/6591
f 5544/6590 5483/6592 5515/6591 5543/6589
f 5483/6592 5544/6590 7432/6622 7431/6623
f 5546/6670 5495/6665 5512/6668 5545/6669
f 5548/6128 5243/6680 5285/6681 5547/6217
f 5549/6126 5241/6682 5243/6680 5548/6128
f 5550/6125 5239/6683 5241/6682 5549/6126
f 5274/6684 5239/6683 5550/6125 5551/6122
f 5552/6118 5236/6685 5274/6684 5551/6122
f 5231/6686 5236/6685 5552/6118 5553/6113
f 5554/6108 5229/6687 5231/6686 5553/6113
f 5555/6034 5199/6688 5229/6687 5554/6108
f 5556/6033 5200/6689 5199/6688 5555/6034
f 5218/6690 5200/6691 5556/6692 5557/6693
f 5378/6694 5218/6690 5557/6693 5558/6695
f 5390/6696 5378/6694 5558/6695 5559/6697
f 5400/6698 5390/6696 5559/6697 5560/6699
f 5411/6700 5400/6698 5560/6699 5561/6701
f 5422/6702 5411/6700 5561/6701 5562/6703
f 5563/6704 5444/6705 5422/6702 5562/6703
f 5564/6706 5446/6707 5444/6705 5563/6704
f 5565/6708 5448/6709 5446/6707 5564/6706
f 5566/6710 5465/6711 5448/6709 5565/6708
f 5465/6711 5566/6710 5567/6712 5478/6713
f 5478/6713 5567/6712 5568/6714 5516/6715
f 5569/6716 5484/6717 5516/6715 5568/6714
f 7429/6718 5484/6717 5569/6716 7430/6719
f 5571/6720 5496/6721 5511/6722 5570/6723
f 5572/6679 5573/6724 5495/6665 5546/6670
f 5495/6665 5573/6724 5574/6725 5571/6666
f 5575/6726 5496/6721 5571/6720 5574/6727
f 7401/6728 5511/6722 5496/6721 7402/6729
f 7400/6730 5484/6717 7429/6718 7428/6731
f 5516/6715 5484/6717 7400/6730 7399/6732
f 7398/6733 5478/6713 5516/6715 7399/6732
f 5478/6713 7398/6733 7397/6734 5465/6711
f 5465/6711 7397/6734 7396/6735 5448/6709
f 7395/6736 5446/6707 5448/6709 7396/6735
f 5446/6707 7395/6736 7394/6737 5444/6705
f 5444/6705 7394/6737 7393/6738 5422/6702
f 5411/6700 5422/6702 7393/6738 7392/6739
f 7391/6740 5400/6698 5411/6700 7392/6739
f 7390/6741 5390/6696 5400/6698 7391/6740
f 5378/6694 5390/6696 7390/6741 7389/6742
f 7388/6743 5218/6690 5378/6694 7389/6742
f 7387/6744 5200/6691 5218/6690 7388/6743
f 7386/6745 5199/6746 5200/6747 7387/6748
f 5229/6749 5199/6746 7386/6745 7385/6750
f 5231/6751 5229/6749 7385/6750 7384/6752
f 5236/6753 5231/6751 7384/6752 7383/6754
f 5274/6755 5236/6753 7383/6754 7382/6756
f 7381/6757 5239/6758 5274/6755 7382/6756
f 5239/6758 7381/6757 7380/6759 5241/6760
f 7379/6761 5243/6762 5241/6760 7380/6759
f 7378/6763 5285/6764 5243/6762 7379/6761
f 7402/6729 5496/6721 5575/6726 7403/6765
f 5602/6766 5497/6661 5576/6664 5601/6767
f 5603/6768 5498/6656 7125/6659 7124/6769
f 5675/6657 5498/6656 5603/6768 5676/6770
f 7249/6652 5499/6651 5604/6771 7250/6772
f 5606/6773 5501/6645 7294/6649 7293/6774
f 5493/6639 5494/6644 5607/6775 5524/6672
f 5629/6646 5501/6645 5606/6773 5630/6776
f 5608/6777 5173/5973 2391/2779 2840/3596
f 5179/5986 6502/5985 6501/6157 5609/6156
f 5610/6150 5178/5979 6114/5982 6113/6152
f 5611/6149 5177/5980 5178/5979 5610/6150
f 5612/6055 5180/5988 6768/5987 6767/6146
f 5613/6052 5181/5991 5180/5988 5612/6055
f 5614/6051 5190/6778 5181/5991 5613/6052
f 5213/6064 5190/6063 5614/6057 5615/6060
f 5213/6064 5615/6060 5616/6384 5371/6381
f 5617/6404 5382/6401 5371/6381 5616/6384
f 5618/6425 5393/6421 5382/6401 5617/6404
f 5619/6442 5403/6443 5393/6421 5618/6425
f 5403/6443 5619/6442 5620/6465 5416/6463
f 5621/6482 5426/6479 5416/6463 5620/6465
f 5622/6489 5432/6487 5426/6479 5621/6482
f 5432/6487 5622/6489 5623/6495 5437/6493
f 5624/6554 5461/6541 5437/6493 5623/6495
f 5625/6565 5472/6563 5461/6541 5624/6554
f 5472/6563 5625/6565 5626/6614 5522/6616
f 5627/6613 5490/6615 5522/6616 5626/6614
f 7413/6621 5490/6615 5627/6613 7414/6633
f 5629/6646 5494/6644 5505/6643 5628/6647
f 5607/6775 5494/6644 5629/6646 5630/6776
f 5632/6779 5500/6780 5605/6781 5631/6782
f 5500/6780 5632/6779 5633/6783 5507/6784
f 5634/6785 5488/6786 7418/6787 7417/6788
f 5488/6786 5634/6785 5635/6789 5520/6790
f 5636/6791 5474/6792 5520/6790 5635/6789
f 5637/6793 5467/6794 5474/6792 5636/6791
f 5467/6794 5637/6793 5638/6795 5439/6796
f 5639/6797 5434/6798 5439/6796 5638/6795
f 5434/6798 5639/6797 5640/6799 5428/6800
f 5641/6801 5418/6802 5428/6800 5640/6799
f 5642/6803 5407/6804 5418/6802 5641/6801
f 5407/6804 5642/6803 5643/6805 5396/6806
f 5396/6806 5643/6805 5644/6807 5384/6808
f 5374/6809 5384/6808 5644/6807 5645/6810
f 5646/6811 5222/6812 5374/6809 5645/6810
f 5647/6813 5208/6814 5222/6812 5646/6811
f 5207/6815 5208/6816 5647/6817 5648/6818
f 5649/6819 5250/6820 5207/6815 5648/6818
f 5250/6820 5649/6819 6765/6821 6764/6822
f 5258/6823 5650/6824 5651/6825 5257/6826
f 6110/6827 5257/6826 5651/6825 6111/6828
f 6498/6829 5256/6830 5652/6831 6499/6832
f 2887/3652 2478/3655 5255/6833 5653/6834
f 5654/6835 5175/6836 4695/3658 4719/3657
f 5259/6166 6497/6165 6496/6187 5655/6186
f 5260/6169 6109/6168 6108/6183 5656/6178
f 5261/6172 5260/6169 5656/6178 5657/6181
f 5251/6144 6763/6175 6762/6177 5658/6145
f 5205/6046 5251/6144 5658/6145 5659/6043
f 5206/6047 5205/6046 5659/6043 5660/6044
f 5221/6094 5206/6093 5660/6089 5661/6090
f 5375/6389 5221/6094 5661/6090 5662/6392
f 5385/6406 5375/6389 5662/6392 5663/6409
f 5397/6427 5385/6406 5663/6409 5664/6440
f 5408/6449 5397/6427 5664/6440 5665/6452
f 5408/6449 5665/6452 5666/6470 5419/6467
f 5419/6467 5666/6470 5667/6528 5455/6529
f 5668/6535 5457/6532 5455/6529 5667/6528
f 5457/6532 5668/6535 5669/6536 5456/6533
f 5670/6543 5462/6550 5456/6533 5669/6536
f 5462/6550 5670/6543 5671/6570 5475/6567
f 5475/6567 5671/6570 5672/6604 5519/6605
f 5673/6603 5487/6606 5519/6605 5672/6604
f 5487/6606 5673/6603 7421/6629 7420/6630
f 5675/6657 5499/6651 5508/6654 5674/6658
f 5604/6771 5499/6651 5675/6657 5676/6770
f 5721/6837 5497/6661 5602/6766 5722/6838
f 5497/6661 5721/6837 5720/6839 5510/6662
f 5719/6840 5485/6596 7426/6625 7425/6841
f 5517/6597 5485/6596 5719/6840 5718/6842
f 5717/6843 5477/6573 5517/6597 5718/6842
f 5716/6844 5464/6546 5477/6573 5717/6843
f 5464/6546 5716/6844 5715/6845 5449/6519
f 5449/6519 5715/6845 5714/6846 5450/6516
f 5713/6847 5451/6520 5450/6516 5714/6846
f 5712/6848 5421/6473 5451/6520 5713/6847
f 5711/6849 5410/6454 5421/6473 5712/6848
f 5710/6850 5401/6436 5410/6454 5711/6849
f 5709/6851 5391/6419 5401/6436 5710/6850
f 5377/6394 5391/6419 5709/6851 5708/6852
f 5707/6853 5219/6081 5377/6394 5708/6852
f 5202/6082 5219/6081 5707/6853 5706/6854
f 5705/6855 5201/6036 5202/6035 5706/6856
f 5248/6138 5201/6036 5705/6855 5704/6857
f 6758/6315 5248/6138 5704/6857 6759/6858
f 5335/6311 5336/6314 5703/6859 5702/6860
f 6104/6312 5335/6311 5702/6860 6105/6861
f 6492/6306 5334/6305 5701/6862 6493/6863
f 5333/6864 5700/6865 4710/3688
f 2935/3690 4711/3691 5700/6865
f 4711/3691 4710/3688 5700/6865
f 2934/3692 2935/3690 5700/6865 5699/6866
f 6493/6863 5701/6862 5698/6867 6494/6868
f 5702/6860 5697/6869 6106/6870 6105/6861
f 5703/6859 5696/6871 5697/6869 5702/6860
f 5704/6857 5695/6872 6760/6873 6759/6858
f 5705/6855 5694/6874 5695/6872 5704/6857
f 5694/6874 5705/6855 5706/6856 5693/6875
f 5707/6853 5692/6876 5693/6877 5706/6854
f 5692/6876 5707/6853 5708/6852 5691/6878
f 5709/6851 5690/6879 5691/6878 5708/6852
f 5690/6879 5709/6851 5710/6850 5689/6880
f 5689/6880 5710/6850 5711/6849 5688/6881
f 5688/6881 5711/6849 5712/6848 5687/6882
f 5687/6882 5712/6848 5713/6847 5686/6883
f 5686/6883 5713/6847 5714/6846 5685/6884
f 5715/6845 5684/6885 5685/6884 5714/6846
f 5716/6844 5683/6886 5684/6885 5715/6845
f 5683/6886 5716/6844 5717/6843 5682/6887
f 5682/6887 5717/6843 5718/6842 5681/6888
f 5719/6840 5680/6889 5681/6888 5718/6842
f 5680/6889 5719/6840 7425/6841 7424/6890
f 5721/6837 5678/6891 5679/6892 5720/6839
f 5678/6891 5721/6837 5722/6838 5677/6893
f 5724/6676 5492/6640 5525/6671 5723/6673
f 5503/6641 5492/6640 5724/6676 5725/6894
f 5726/6577 5480/6583 7411/6619 7410/6895
f 5480/6583 5726/6577 5727/6580 5513/6584
f 5728/6555 5469/6560 5513/6584 5727/6580
f 5729/6558 5459/6540 5469/6560 5728/6555
f 5730/6501 5435/6492 5459/6540 5729/6558
f 5435/6492 5730/6501 5731/6504 5430/6486
f 5732/6896 5429/6484 5430/6486 5731/6504
f 5733/6897 5414/6462 5429/6484 5732/6896
f 5734/6446 5406/6445 5414/6462 5733/6897
f 5735/6429 5394/6423 5406/6445 5734/6446
f 5736/6411 5387/6410 5394/6423 5735/6429
f 5387/6410 5736/6411 5737/6386 5373/6385
f 5373/6385 5737/6386 5738/6067 5215/6065
f 5194/6066 5215/6065 5738/6067 5739/6070
f 5740/6024 5193/6020 5194/6019 5739/6021
f 5741/6101 5223/6097 5193/6020 5740/6024
f 5742/6098 5187/6014 5223/6097 5741/6101
f 5743/6003 5184/6001 5187/6014 5742/6098
f 6717/6002 5184/6001 5743/6003 6718/6006
f 6686/6898 5744/6899 5761/6900 6687/6901
f 5746/6902 5762/6903 5761/6900 5744/6899
f 5748/6904 5747/6905 5775/6906 5774/6907
f 5747/6905 5745/6908 5760/6909 5775/6906
f 5749/6910 5748/6904 5774/6907 5773/6911
f 5750/6912 5749/6910 5773/6911 5772/6913
f 7376/6914 5750/6912 5772/6913 7377/6915
f 5770/6916 5752/6917 5751/6918 5771/6919
f 6436/6920 5752/6917 5770/6916 6437/6921
f 6606/6922 5768/6923 5754/6924 6607/6925
f 5754/6924 5768/6923 6090/6926 6089/6927
f 6475/6928 5755/6929 5767/6930 6476/6931
f 5765/6932 5757/6933 7330/6934 7329/6935
f 5764/6936 5758/6937 5757/6933 5765/6932
f 5762/6903 5746/6902 5759/6938 5763/6939
f 6663/6940 5758/6941 5764/6942 6664/6943
f 5761/6900 5295/6944 6688/6945 6687/6901
f 5762/6903 5297/6946 5295/6944 5761/6900
f 5297/6946 5762/6903 5763/6939 5299/6947
f 6664/6943 5764/6942 5301/6948 6665/6949
f 5301/6950 5764/6936 5765/6932 5303/6951
f 5303/6951 5765/6932 7329/6935 7328/6952
f 6476/6931 5767/6930 5307/6953 6477/6954
f 5768/6923 5305/6955 6091/6956 6090/6926
f 6605/6957 5305/6955 5768/6923 6606/6922
f 5286/6958 6438/6959 6437/6921 5770/6916
f 5600/6960 5286/6958 5770/6916 5771/6919
f 5285/6961 7378/6962 7377/6915 5772/6913
f 5773/6911 5547/6963 5285/6961 5772/6913
f 5774/6907 5287/6964 5547/6963 5773/6911
f 5775/6906 5291/6965 5287/6964 5774/6907
f 5760/6909 5293/6966 5291/6965 5775/6906
f 5748/6904 5749/6910 5750/6912 5776/6967
f 7375/6968 5777/6969 5750/6912 7376/6914
f 5750/6912 5777/6969 5778/6970 5776/6967
f 5778/6970 5779/6971 5748/6904 5776/6967
f 7374/6972 5778/6970 5777/6969 7375/6968
f 5781/6973 5747/6905 5748/6904 5779/6971
f 5782/6974 5745/6908 5747/6905 5781/6973
f 5783/6975 5744/6899 6686/6898 6685/6976
f 5785/6977 5759/6938 5746/6902 5784/6978
f 5784/6978 5746/6902 5744/6899 5783/6975
f 5787/6979 5755/6929 6475/6928 6474/6980
f 7330/6934 5757/6933 5788/6981 7331/6982
f 5788/6981 5757/6933 5758/6937 5789/6983
f 6662/6984 5789/6985 5758/6941 6663/6940
f 5752/6917 6436/6920 6435/6986 5780/6987
f 6607/6925 5754/6924 5791/6988 6608/6989
f 6088/6990 5791/6988 5754/6924 6089/6927
f 5785/6977 5784/6978 5793/6991 5792/6992
f 5793/6991 5784/6978 5783/6975 5794/6993
f 5783/6975 6685/6976 6684/6994 5794/6993
f 5780/6987 6435/6986 6434/6995 5796/6996
f 5778/6970 7374/6972 7373/6997 5798/6998
f 5798/6998 5799/6999 5779/6971 5778/6970
f 5799/6999 5800/7000 5781/6973 5779/6971
f 5800/7000 5795/7001 5782/6974 5781/6973
f 5802/7002 7332/7003 7331/6982 5788/6981
f 6473/7004 5803/7005 5787/6979 6474/6980
f 6087/7006 5804/7007 5791/6988 6088/6990
f 5804/7007 6609/7008 6608/6989 5791/6988
f 5789/6985 6662/6984 6661/7009 5805/7010
f 5788/6981 5789/6983 5805/7011 5802/7002
f 6472/7012 5806/7013 5803/7005 6473/7004
f 7332/7003 5802/7002 5808/7014 7333/7015
f 5802/7002 5805/7011 5809/7016 5808/7014
f 5811/7017 5810/7018 5793/6991 5794/6993
f 5810/7018 5812/7019 5792/6992 5793/6991
f 6660/7020 5809/7021 5805/7010 6661/7009
f 5814/7022 5813/7023 5795/7001 5800/7000
f 6683/7024 5811/7017 5794/6993 6684/6994
f 5816/7025 5815/7026 5799/6999 5798/6998
f 5815/7026 5814/7022 5800/7000 5799/6999
f 6086/7027 5817/7028 5804/7007 6087/7006
f 5817/7028 6610/7029 6609/7008 5804/7007
f 6433/7030 5819/7031 5796/6996 6434/6995
f 7372/7032 5816/7025 5798/6998 7373/6997
f 5823/7033 5822/7034 5821/7035 5820/7036
f 5825/7037 5824/7038 5820/7036 5821/7035
f 5827/7039 5826/7040 6682/7041 6681/7042
f 5826/7040 5827/7039 5829/7043 5828/7044
f 5828/7044 5829/7043 5831/7045 5830/7046
f 6682/7041 5826/7040 5811/7017 6683/7024
f 5828/7044 5810/7018 5811/7017 5826/7040
f 5814/7022 5820/7036 5824/7038 5813/7023
f 5820/7036 5814/7022 5815/7026 5832/7047
f 5816/7025 5833/7048 5832/7047 5815/7026
f 5835/7049 5828/7044 5830/7046 5834/7050
f 5835/7049 5812/7019 5810/7018 5828/7044
f 5820/7036 5832/7047 5836/7051 5823/7033
f 5838/7052 5837/7053 5830/7046 5831/7045
f 5840/7054 5839/7055 5837/7053 5838/7052
f 6678/7056 5839/7055 5840/7054 6679/7057
f 5844/7058 5843/7059 5841/7060 5842/7061
f 5822/7034 5823/7033 5843/7059 5844/7058
f 5834/7050 5830/7046 5837/7053 5845/7062
f 5847/7063 5837/7053 5839/7055 5846/7064
f 6677/7065 5846/7064 5839/7055 6678/7056
f 5848/7066 5841/7060 5843/7059 5849/7067
f 5850/7068 5843/7059 5823/7033 5836/7051
f 7371/7069 5833/7048 5816/7025 7372/7032
f 6432/7070 5851/7071 5819/7031 6433/7030
f 6610/7029 5817/7028 5853/7072 6611/7073
f 6085/7074 5853/7072 5817/7028 6086/7027
f 5854/7075 5806/7013 6472/7012 6471/7076
f 7333/7015 5808/7014 5856/7077 7334/7078
f 5856/7077 5808/7014 5809/7016 5857/7079
f 5809/7021 6660/7020 6659/7080 5857/7081
f 6658/7082 5858/7083 5857/7081 6659/7080
f 5858/7084 5859/7085 5856/7077 5857/7079
f 7334/7078 5856/7077 5859/7085 7335/7086
f 6657/7087 5861/7088 5858/7083 6658/7082
f 5859/7085 5858/7084 5861/7089 5862/7090
f 5864/7091 5863/7092 5862/7090 5861/7089
f 6656/7093 5864/7094 5861/7088 6657/7087
f 5847/7063 5865/7095 5845/7062 5837/7053
f 5832/7047 5833/7048 5866/7096 5836/7051
f 5833/7048 7371/7069 7370/7097 5866/7096
f 5851/7071 6432/7070 6431/7098 5867/7099
f 6611/7073 5853/7072 5869/7100 6612/7101
f 5853/7072 6085/7074 6084/7102 5869/7100
f 6083/7103 5871/7104 5869/7100 6084/7102
f 5873/7105 5850/7068 5836/7051 5866/7096
f 5866/7096 7370/7097 7369/7106 5873/7105
f 5867/7099 6431/7098 6430/7107 5874/7108
f 6612/7101 5869/7100 5871/7104 6613/7109
f 5843/7059 5850/7068 5876/7110 5849/7067
f 5850/7068 5873/7105 5877/7111 5876/7110
f 5873/7105 7369/7106 7368/7112 5877/7111
f 5874/7108 6430/7107 6429/7113 5878/7114
f 5871/7104 6083/7103 6082/7115 5880/7116
f 6613/7109 5871/7104 5880/7116 6614/7117
f 6470/7118 5870/7119 5854/7075 6471/7076
f 6469/7120 5872/7121 5870/7119 6470/7118
f 7335/7086 5859/7085 5862/7090 7336/7122
f 6468/7123 5881/7124 5872/7121 6469/7120
f 5863/7092 7337/7125 7336/7122 5862/7090
f 5829/7043 5827/7039 5884/7126 5831/7045
f 5822/7034 5885/7127 5825/7037 5821/7035
f 5831/7045 5884/7126 5840/7054 5838/7052
f 5844/7058 5842/7061 5885/7127 5822/7034
f 6679/7057 5840/7054 5884/7126 6680/7128
f 6680/7128 5884/7126 5827/7039 6681/7042
f 5847/7063 5846/7064 5887/7129 5886/7130
f 5887/7129 5846/7064 6677/7065 6676/7131
f 5848/7066 5849/7067 5889/7132 5888/7133
f 5891/7134 5890/7135 5876/7110 5877/7111
f 5890/7135 5889/7132 5849/7067 5876/7110
f 7367/7136 5891/7134 5877/7111 7368/7112
f 6081/7137 5893/7138 5880/7116 6082/7115
f 5893/7138 6615/7139 6614/7117 5880/7116
f 6428/7140 5892/7141 5878/7114 6429/7113
f 6467/7142 5894/7143 5881/7124 6468/7123
f 5897/7144 7338/7145 7337/7125 5863/7092
f 5898/7146 5897/7144 5863/7092 5864/7091
f 6655/7147 5898/7148 5864/7094 6656/7093
f 5899/7149 5865/7095 5847/7063 5886/7130
f 5901/7150 5899/7149 5886/7130 5900/7151
f 6654/7152 5902/7153 5898/7148 6655/7147
f 5902/7154 5903/7155 5897/7144 5898/7146
f 5900/7151 5886/7130 5887/7129 5904/7156
f 5904/7156 5887/7129 6676/7131 6675/7157
f 5905/7158 5888/7133 5889/7132 5906/7159
f 5889/7132 5890/7135 5907/7160 5906/7159
f 5890/7135 5891/7134 5908/7161 5907/7160
f 6615/7139 5893/7138 5910/7162 6616/7163
f 6427/7164 5911/7165 5892/7141 6428/7140
f 7366/7166 5908/7161 5891/7134 7367/7136
f 5903/7155 7339/7167 7338/7145 5897/7144
f 6080/7168 5910/7162 5893/7138 6081/7137
f 6466/7169 5913/7170 5894/7143 6467/7142
f 5906/7159 5915/7171 5914/7172 5905/7158
f 5904/7156 6675/7157 6674/7173 5916/7174
f 5916/7174 6674/7173 6673/7175 5917/7176
f 5914/7172 5915/7171 5919/7177 5918/7178
f 7365/7179 5920/7180 5908/7161 7366/7166
f 5920/7180 5922/7181 5907/7160 5908/7161
f 5922/7181 5915/7171 5906/7159 5907/7160
f 6426/7182 5921/7183 5911/7165 6427/7164
f 5920/7180 7365/7179 7364/7184 5924/7185
f 5924/7185 5926/7186 5922/7181 5920/7180
f 5926/7186 5919/7177 5915/7171 5922/7181
f 6617/7187 5929/7188 5928/7189 6618/7190
f 6425/7191 5925/7192 5921/7183 6426/7182
f 6616/7163 5910/7162 5929/7188 6617/7187
f 6078/7193 5928/7189 5929/7188 6079/7194
f 5910/7162 6080/7168 6079/7194 5929/7188
f 6464/7195 5931/7196 5930/7197 6465/7198
f 5913/7170 6466/7169 6465/7198 5930/7197
f 7340/7199 5935/7200 5934/7201 7341/7202
f 5935/7200 5937/7203 5936/7204 5934/7201
f 5937/7205 6653/7206 6652/7207 5936/7208
f 5935/7200 7340/7199 7339/7167 5903/7155
f 5903/7155 5902/7154 5937/7203 5935/7200
f 5902/7153 6654/7152 6653/7206 5937/7205
f 5941/7209 5938/7210 5939/7211 5940/7212
f 5917/7176 5941/7209 5940/7212 5916/7174
f 5916/7174 5940/7212 5900/7151 5904/7156
f 5940/7212 5939/7211 5901/7150 5900/7151
f 5938/7210 5941/7209 5943/7213 5942/7214
f 5944/7215 5943/7213 5941/7209 5917/7176
f 6672/7216 5944/7215 5917/7176 6673/7175
f 5947/7217 5946/7218 5919/7177 5926/7186
f 5946/7218 5945/7219 5918/7178 5919/7177
f 5926/7186 5924/7185 5948/7220 5947/7217
f 7363/7221 5948/7220 5924/7185 7364/7184
f 5928/7189 6078/7193 6077/7222 5950/7223
f 5950/7223 6619/7224 6618/7190 5928/7189
f 5925/7192 6425/7191 6424/7225 5949/7226
f 5931/7196 6464/7195 6463/7227 5951/7228
f 5954/7229 7342/7230 7341/7202 5934/7201
f 5955/7231 5954/7229 5934/7201 5936/7204
f 5936/7208 6652/7207 6651/7232 5955/7233
f 5959/7234 5958/7235 6076/7236 6075/7237
f 6461/7238 5956/7239 5957/7240 6462/7241
f 5963/7242 7344/7243 7343/7244 5962/7245
f 5957/7246 5951/7228 6463/7227 6462/7247
f 7342/7230 5954/7229 5962/7248 7343/7249
f 6649/7250 5965/7251 5964/7252 6650/7253
f 6650/7254 5964/7255 5955/7233 6651/7232
f 5962/7248 5954/7229 5955/7231 5964/7256
f 5963/7242 5962/7245 5964/7252 5965/7251
f 5966/7257 5967/7258 5969/7259 5968/7260
f 5943/7213 5969/7261 5967/7262 5942/7214
f 5968/7260 5969/7259 5971/7263 5970/7264
f 6670/7265 5970/7264 5971/7263 6671/7266
f 5969/7261 5943/7213 5944/7215 5971/7267
f 5971/7267 5944/7215 6672/7216 6671/7268
f 5972/7269 5973/7270 5975/7271 5974/7272
f 5973/7273 5945/7219 5946/7218 5975/7274
f 5947/7217 5976/7275 5975/7274 5946/7218
f 5976/7276 5977/7277 5974/7272 5975/7271
f 6076/7278 5958/7279 5950/7223 6077/7222
f 5976/7275 5947/7217 5948/7220 5978/7280
f 7362/7281 5978/7280 5948/7220 7363/7221
f 6423/7282 5979/7283 5949/7226 6424/7225
f 6619/7224 5950/7223 5958/7279 6620/7284
f 5977/7277 5976/7276 5978/7285 5981/7286
f 5981/7286 5978/7285 7362/7287 7361/7288
f 5982/7289 5979/7290 6423/7291 6422/7292
f 6620/7293 5958/7294 5959/7295 6621/7296
f 6026/7297 5985/7298 5984/7299 6011/7300
f 5985/7298 6026/7297 6669/7301 6668/7302
f 5987/7303 5986/7304 6025/7305 6024/7306
f 6014/7307 5989/7308 6010/7309 6015/7310
f 5992/7311 5956/7239 6461/7238 6460/7312
f 5993/7313 6017/7314 6459/7315 6458/7316
f 5994/7317 5959/7234 6075/7237 6074/7318
f 5995/7319 6018/7320 6073/7321 6072/7322
f 6623/7323 6018/7324 5995/7325 6624/7326
f 6621/7296 5959/7295 5994/7327 6622/7328
f 6419/7329 5999/7330 6020/7331 6420/7332
f 5982/7289 6422/7292 6421/7333 5998/7334
f 6001/7335 6021/7336 7359/7337 7358/7338
f 6000/7339 5981/7286 7361/7288 7360/7340
f 6693/7341 6023/7342 6002/7343 6694/7344
f 6022/7345 6004/7346 6002/7343 6023/7342
f 6003/7347 5974/7272 5977/7277 6005/7348
f 5981/7286 6000/7339 6005/7348 5977/7277
f 6004/7346 6022/7345 6021/7336 6001/7335
f 6006/7349 6012/7350 6011/7300 5984/7299
f 6012/7350 6006/7349 6008/7351 6013/7352
f 6646/7353 5989/7308 6014/7307 6647/7354
f 5988/7355 5965/7251 6649/7250 6648/7356
f 6010/7309 7347/7357 7346/7358 6015/7310
f 5988/7355 6009/7359 5963/7242 5965/7251
f 7344/7243 5963/7242 6009/7359 7345/7360
f 6667/7361 6036/7362 5985/7298 6668/7302
f 5985/7298 6036/7362 6035/7363 5984/7299
f 5987/7303 6038/7364 6037/7365 5986/7304
f 6012/7350 5966/7257 5968/7260 6011/7300
f 5966/7257 6012/7350 6013/7352 6007/7366
f 6014/7307 5988/7355 6648/7356 6647/7354
f 5988/7355 6014/7307 6015/7310 6009/7359
f 7345/7360 6009/7359 6015/7310 7346/7358
f 6017/7314 5992/7311 6460/7312 6459/7315
f 6018/7320 5994/7317 6074/7318 6073/7321
f 6622/7328 5994/7327 6018/7324 6623/7323
f 6420/7332 6020/7331 5998/7334 6421/7333
f 6021/7336 6000/7339 7360/7340 7359/7337
f 6022/7345 6005/7348 6000/7339 6021/7336
f 6005/7348 6022/7345 6023/7342 6003/7347
f 5974/7272 6003/7347 6023/7342 6693/7341
f 6025/7305 5972/7269 5974/7272 6024/7306
f 6026/7297 5970/7264 6670/7265 6669/7301
f 5968/7260 5970/7264 6026/7297 6011/7300
f 6006/7349 5984/7299 6035/7363 6034/7367
f 6029/7368 6070/7369 6069/7370 6028/7371
f 7348/7372 6070/7369 6029/7368 7349/7373
f 6644/7374 6028/7371 6069/7370 6645/7375
f 6031/7376 6068/7377 6067/7378 6033/7379
f 6008/7351 6006/7349 6034/7367 6032/7380
f 6039/7381 6695/7382 6694/7344 6002/7343
f 6633/7383 6039/7381 6002/7343 6634/7384
f 6631/7385 6043/7386 6041/7387 6632/7388
f 6043/7386 6631/7385 6630/7389 6044/7390
f 6634/7384 6002/7343 6004/7346 6635/7391
f 6629/7392 6046/7393 6637/7394 6636/7395
f 6628/7396 6047/7397 6046/7393 6629/7392
f 7356/7398 6047/7397 6628/7396 7357/7399
f 6418/7400 6048/7401 6627/7402 6626/7403
f 6456/7404 5995/7405 6072/7406 6457/7407
f 6453/7408 6048/7401 6418/7400 6454/7409
f 7351/7410 6415/7411 6050/7412 7352/7413
f 6452/7414 6047/7397 7356/7398 7355/7415
f 6451/7416 6046/7393 6047/7397 6452/7414
f 6051/7417 6050/7412 6415/7411 6414/7418
f 6637/7394 6046/7393 6451/7416 6638/7419
f 6641/7420 6051/7417 6414/7418 6642/7421
f 6449/7422 6043/7386 6044/7390 6450/7423
f 6053/7424 6052/7425 6413/7426 6412/7427
f 6041/7387 6043/7386 6449/7422 6448/7428
f 6411/7429 6054/7430 6053/7424 6412/7427
f 6066/7431 6027/7432 6033/7379 6067/7378
f 6056/7433 6034/7367 6035/7363 6055/7434
f 6055/7434 6035/7363 6036/7362 6057/7435
f 6057/7435 6036/7362 6667/7361 6296/7436
f 6058/7437 6037/7365 6038/7364 6059/7438
f 6039/7381 6060/7439 6696/7440 6695/7382
f 6298/7441 6060/7439 6039/7381 6633/7383
f 6300/7442 6062/7443 6041/7387 6448/7428
f 6632/7388 6041/7387 6062/7443 6299/7444
f 6063/7445 6054/7430 6411/7429 6303/7446
f 6064/7447 6027/7432 6066/7431 6065/7448
f 6066/7449 6034/7367 6056/7433 6065/7450
f 6032/7380 6034/7367 6066/7449 6067/7451
f 6068/7452 6008/7351 6032/7380 6067/7451
f 6069/7453 5989/7308 6646/7353 6645/7454
f 6070/7455 6010/7309 5989/7308 6069/7453
f 7347/7357 6010/7309 6070/7455 7348/7456
f 6457/7457 6072/7322 5993/7313 6458/7316
f 6073/7321 6017/7314 5993/7313 6072/7322
f 6074/7318 5992/7311 6017/7314 6073/7321
f 6075/7237 5956/7239 5992/7311 6074/7318
f 6076/7236 5957/7240 5956/7239 6075/7237
f 5957/7246 6076/7278 6077/7222 5951/7228
f 6078/7193 5931/7196 5951/7228 6077/7222
f 5931/7196 6078/7193 6079/7194 5930/7197
f 6080/7168 5913/7170 5930/7197 6079/7194
f 5913/7170 6080/7168 6081/7137 5894/7143
f 5894/7143 6081/7137 6082/7115 5881/7124
f 6083/7103 5872/7121 5881/7124 6082/7115
f 5872/7121 6083/7103 6084/7102 5870/7119
f 6085/7074 5854/7075 5870/7119 6084/7102
f 5854/7075 6085/7074 6086/7027 5806/7013
f 5806/7013 6086/7027 6087/7006 5803/7005
f 5803/7005 6087/7006 6088/6990 5787/6979
f 5787/6979 6088/6990 6089/6927 5755/6929
f 6090/6926 5767/6930 5755/6929 6089/6927
f 6091/6956 5307/6953 5767/6930 6090/6926
f 5308/6256 5307/6255 6091/6252 6092/6253
f 5312/6265 5308/6256 6092/6253 6093/6270
f 5315/6271 5312/6265 6093/6270 6094/6280
f 5363/6363 5315/6271 6094/6280 6095/6365
f 6744/6367 5363/6363 6095/6365 6745/6366
f 6598/6346 5356/6345 6096/6348 6599/6347
f 6444/6337 6098/6330 5348/6331 6445/6339
f 6099/6329 5349/6332 5348/6331 6098/6330
f 6100/6355 5359/6357 5349/6332 6099/6329
f 6101/6295 5325/6292 5359/6357 6100/6355
f 5325/6292 6101/6295 6102/6296 5332/6293
f 6103/6309 5338/6308 5332/6293 6102/6296
f 5338/6308 6103/6309 6104/6312 5334/6305
f 5334/6305 6104/6312 6105/6861 5701/6862
f 6106/6870 5698/6867 5701/6862 6105/6861
f 6107/6182 5264/6185 7147/6300 7146/6302
f 5655/6186 5264/6185 6107/6182 6108/6183
f 6109/6168 5259/6166 5655/6186 6108/6183
f 5259/6166 6109/6168 7228/6171 7227/6167
f 5652/6831 5256/6830 6110/6827 6111/6828
f 5254/6155 7316/6159 7315/6161 6112/6153
f 6113/6152 5609/6156 5254/6155 6112/6153
f 6114/5982 5179/5986 5609/6156 6113/6152
f 6115/5981 5002/5983 5179/5986 6114/5982
f 5002/5647 6115/5744 6116/5743 5001/5648
f 5001/5648 6116/5743 6117/5742 5000/5656
f 6118/5741 4999/5660 5000/5656 6117/5742
f 6119/5740 4998/5664 4999/5660 6118/5741
f 6120/5739 4997/5666 4998/5664 6119/5740
f 6121/5738 4996/5737 4997/5666 6120/5739
f 4996/5737 6121/5738 6122/5719 4981/5717
f 6123/5712 4979/5709 4981/5717 6122/5719
f 6806/5710 4979/5709 6123/5712 6807/5711
f 4974/5700 6124/5698 6125/5691 4970/5685
f 6126/5690 4946/5686 4970/5685 6125/5691
f 4941/5616 6781/5625 6780/5628 6127/5618
f 4790/5425 4941/5616 6127/5618 6128/5545
f 6129/5385 4766/5386 4790/5425 6128/5545
f 4737/5371 4766/5386 6129/5385 6130/5381
f 6131/5353 4754/5349 4737/5371 6130/5381
f 6132/5352 4736/5346 4754/5349 6131/5353
f 6134/7458 6133/7459 6150/7460 6149/7461
f 6133/7459 6135/7462 6151/7463 6150/7460
f 6135/7462 6136/7464 6152/7465 6151/7463
f 6137/7466 6134/7458 6149/7461 6156/7467
f 6155/7468 6138/7469 6137/7470 6156/7471
f 6154/7472 6139/7473 6138/7469 6155/7468
f 6153/7474 6140/7475 6139/7473 6154/7472
f 6152/7476 6136/7477 6140/7475 6153/7474
f 6150/7460 6142/7478 6141/7479 6149/7461
f 6151/7463 6143/7480 6142/7478 6150/7460
f 6152/7465 6144/7481 6143/7480 6151/7463
f 6144/7482 6152/7476 6153/7474 6145/7483
f 6145/7483 6153/7474 6154/7472 6146/7484
f 6146/7484 6154/7472 6155/7468 6147/7485
f 6147/7485 6155/7468 6156/7471 6148/7486
f 6149/7461 6141/7479 6148/7487 6156/7467
f 6136/7464 6135/7462 6133/7459 6157/7488
f 6134/7458 6137/7466 6157/7488 6133/7459
f 6140/7475 6136/7477 6157/7489 6139/7473
f 6138/7469 6139/7473 6157/7489 6137/7470
f 6161/7490 6160/7491 6176/7492 6175/7493
f 6160/7491 6163/7494 6177/7495 6176/7492
f 6182/7496 6164/7497 6161/7490 6175/7493
f 6163/7494 6167/7498 6178/7499 6177/7495
f 6167/7500 6169/7501 6179/7502 6178/7503
f 6181/7504 6170/7505 6164/7506 6182/7507
f 6179/7502 6169/7501 6173/7508 6180/7509
f 6180/7509 6173/7508 6170/7505 6181/7504
f 6163/7494 6160/7491 6174/7510 6167/7498
f 6161/7490 6164/7497 6174/7510 6160/7491
f 6169/7501 6167/7500 6174/7511 6173/7508
f 6170/7505 6173/7508 6174/7511 6164/7506
f 6176/7492 6159/7512 6158/7513 6175/7493
f 6177/7495 6162/7514 6159/7512 6176/7492
f 6178/7499 6166/7515 6162/7514 6177/7495
f 6179/7502 6168/7516 6166/7517 6178/7503
f 6168/7516 6179/7502 6180/7509 6172/7518
f 6172/7518 6180/7509 6181/7504 6171/7519
f 6165/7520 6171/7519 6181/7504 6182/7507
f 6158/7513 6165/7521 6182/7496 6175/7493
f 6186/7522 6185/7523 6234/7524 6233/7525
f 6240/7526 6187/7527 6186/7522 6233/7525
f 6239/7528 6189/7529 6187/7527 6240/7526
f 6238/7530 6191/7531 6189/7532 6239/7533
f 6185/7523 6194/7534 6235/7535 6234/7524
f 6198/7536 6236/7537 6235/7538 6194/7539
f 6237/7540 6195/7541 6191/7531 6238/7530
f 6195/7541 6237/7540 6236/7537 6198/7536
f 6190/7542 6188/7543 6183/7544 6199/7545
f 6184/7546 6193/7547 6199/7545 6183/7544
f 6192/7548 6190/7549 6199/7550 6196/7551
f 6197/7552 6196/7551 6199/7550 6193/7553
f 6201/7554 6184/7546 6183/7544 6200/7555
f 6202/7556 6193/7547 6184/7546 6201/7554
f 6203/7557 6197/7552 6193/7553 6202/7558
f 6204/7559 6196/7551 6197/7552 6203/7557
f 6196/7551 6204/7559 6205/7560 6192/7548
f 6190/7549 6192/7548 6205/7560 6206/7561
f 6188/7543 6190/7542 6206/7562 6207/7563
f 6183/7544 6188/7543 6207/7563 6200/7555
f 6211/7564 6210/7565 6226/7566 6225/7567
f 6226/7566 6210/7565 6212/7568 6227/7569
f 6232/7570 6214/7571 6211/7564 6225/7567
f 6212/7568 6217/7572 6228/7573 6227/7569
f 6219/7574 6229/7575 6228/7576 6217/7577
f 6219/7574 6221/7578 6230/7579 6229/7575
f 6231/7580 6222/7581 6214/7582 6232/7583
f 6221/7578 6222/7581 6231/7580 6230/7579
f 6212/7568 6210/7565 6224/7584 6217/7572
f 6214/7571 6224/7584 6210/7565 6211/7564
f 6222/7581 6221/7578 6224/7585 6214/7582
f 6224/7585 6221/7578 6219/7574 6217/7577
f 6226/7566 6209/7586 6208/7587 6225/7567
f 6213/7588 6209/7586 6226/7566 6227/7569
f 6228/7573 6216/7589 6213/7588 6227/7569
f 6229/7575 6218/7590 6216/7591 6228/7576
f 6230/7579 6220/7592 6218/7590 6229/7575
f 6231/7580 6223/7593 6220/7592 6230/7579
f 6223/7593 6231/7580 6232/7583 6215/7594
f 6208/7587 6215/7595 6232/7570 6225/7567
f 6234/7524 6201/7554 6200/7555 6233/7525
f 6235/7535 6202/7556 6201/7554 6234/7524
f 6236/7537 6203/7557 6202/7558 6235/7538
f 6237/7540 6204/7559 6203/7557 6236/7537
f 6204/7559 6237/7540 6238/7530 6205/7560
f 6205/7560 6238/7530 6239/7533 6206/7561
f 6206/7562 6239/7528 6240/7526 6207/7563
f 6207/7563 6240/7526 6233/7525 6200/7555
f 6242/7596 6241/7597 6145/7483 6146/7484
f 6147/7485 6243/7598 6242/7596 6146/7484
f 6243/7598 6168/7516 6172/7518 6244/7599
f 6244/7599 6172/7518 6171/7519 6245/7600
f 6246/7601 6245/7600 6191/7531 6195/7541
f 6246/7601 6195/7541 6198/7536 6247/7602
f 6223/7593 6249/7603 6248/7604 6220/7592
f 6247/7602 6218/7590 6220/7592 6248/7604
f 6242/7596 6251/7605 6250/7606 6241/7597
f 6243/7598 6252/7607 6251/7605 6242/7596
f 6244/7599 6253/7608 6252/7607 6243/7598
f 6245/7600 6254/7609 6253/7608 6244/7599
f 6246/7601 6255/7610 6254/7609 6245/7600
f 6247/7602 6256/7611 6255/7610 6246/7601
f 6248/7604 6257/7612 6256/7611 6247/7602
f 6249/7603 6258/7613 6257/7612 6248/7604
f 6249/7603 6223/7593 6215/7594 6259/7614
f 6249/7603 6259/7614 6260/7615 6258/7613
f 6262/7616 6261/7617 6241/7597 6250/7606
f 6261/7617 6144/7482 6145/7483 6241/7597
f 6141/7479 6142/7478 6264/7618 6263/7619
f 6143/7480 6265/7620 6264/7618 6142/7478
f 6159/7512 6162/7514 6267/7621 6266/7622
f 6266/7622 6268/7623 6158/7513 6159/7512
f 6187/7527 6270/7624 6269/7625 6186/7522
f 6186/7522 6269/7625 6271/7626 6185/7523
f 6213/7588 6273/7627 6272/7628 6209/7586
f 6209/7586 6272/7628 6274/7629 6208/7587
f 6208/7587 6274/7629 6259/7630 6215/7595
f 6144/7481 6261/7631 6265/7620 6143/7480
f 6168/7516 6276/7632 6275/7633 6166/7517
f 6276/7632 6147/7485 6148/7486 6275/7633
f 6276/7632 6168/7516 6243/7598 6147/7485
f 6171/7519 6277/7634 6191/7531 6245/7600
f 6278/7635 6189/7532 6191/7531 6277/7634
f 6165/7520 6278/7635 6277/7634 6171/7519
f 6198/7536 6279/7636 6218/7590 6247/7602
f 6280/7637 6216/7591 6218/7590 6279/7636
f 6279/7636 6198/7536 6194/7539 6280/7637
f 6281/7638 6187/7527 6189/7529 6278/7639
f 6278/7639 6165/7521 6158/7513 6281/7638
f 6282/7640 6270/7624 6187/7527 6281/7638
f 6281/7638 6158/7513 6268/7623 6282/7640
f 6283/7641 6162/7514 6166/7515 6275/7642
f 6275/7642 6148/7487 6141/7479 6283/7641
f 6284/7643 6267/7621 6162/7514 6283/7641
f 6283/7641 6141/7479 6263/7619 6284/7643
f 6285/7644 6213/7588 6216/7589 6280/7645
f 6286/7646 6273/7627 6213/7588 6285/7644
f 6271/7626 6286/7646 6285/7644 6185/7523
f 6280/7645 6194/7534 6185/7523 6285/7644
f 6261/7631 6262/7647 6287/7648 6265/7620
f 6288/7649 6264/7618 6265/7620 6287/7648
f 6289/7650 6263/7619 6264/7618 6288/7649
f 6284/7643 6263/7619 6289/7650 6267/7621
f 6270/7624 6282/7640 6268/7623 6290/7651
f 6291/7652 6273/7627 6286/7646 6271/7626
f 6266/7622 6267/7621 6289/7650 6292/7653
f 6268/7623 6266/7622 6292/7653 6290/7651
f 6270/7624 6290/7651 6293/7654 6269/7625
f 6271/7626 6269/7625 6293/7654 6291/7652
f 6272/7628 6273/7627 6291/7652 6294/7655
f 6295/7656 6274/7629 6272/7628 6294/7655
f 6260/7657 6259/7630 6274/7629 6295/7656
f 6289/7650 6057/7435 6296/7436 6292/7653
f 6292/7653 6296/7436 6058/7437 6290/7651
f 6290/7651 6058/7437 6059/7438 6293/7654
f 6293/7654 6059/7438 6297/7658 6291/7652
f 6291/7652 6297/7658 6060/7439 6294/7655
f 6288/7649 6055/7434 6057/7435 6289/7650
f 6287/7648 6056/7433 6055/7434 6288/7649
f 6298/7441 6295/7656 6294/7655 6060/7439
f 6061/7659 6260/7657 6295/7656 6298/7441
f 6056/7433 6287/7648 6262/7647 6065/7450
f 6250/7606 6064/7447 6065/7448 6262/7616
f 6061/7660 6299/7444 6258/7613 6260/7615
f 6257/7612 6258/7613 6299/7444 6062/7443
f 6062/7443 6300/7442 6256/7611 6257/7612
f 6300/7442 6301/7661 6255/7610 6256/7611
f 6301/7661 6302/7662 6254/7609 6255/7610
f 6302/7662 6063/7445 6253/7608 6254/7609
f 6303/7446 6252/7607 6253/7608 6063/7445
f 6304/7663 6251/7605 6252/7607 6303/7446
f 6251/7605 6304/7663 6064/7447 6250/7606
f 6305/7664 6027/7432 6064/7447 6304/7663
f 6033/7379 6027/7432 6305/7664 6306/7665
f 6307/7666 6031/7376 6033/7379 6306/7665
f 6028/7371 6644/7374 6643/7667 6308/7668
f 6309/7669 6029/7368 6028/7371 6308/7668
f 7349/7373 6029/7368 6309/7669 7350/7670
f 6455/7671 6311/7672 5995/7405 6456/7404
f 5995/7405 6311/7672 6625/7673 6624/7674
f 6019/7675 5997/7676 6312/7677 6313/7678
f 5996/7679 6019/7675 6313/7678 6314/7680
f 6315/7681 5983/7682 5996/7679 6314/7680
f 6316/7683 5980/7684 5983/7682 6315/7681
f 5980/7685 6316/7686 6317/7687 5952/7688
f 6318/7689 5927/7690 5952/7688 6317/7687
f 5927/7690 6318/7689 6319/7691 5923/7692
f 5923/7692 6319/7691 6320/7693 5909/7694
f 5909/7694 6320/7693 6321/7695 5895/7696
f 5895/7696 6321/7695 6322/7697 5879/7698
f 6323/7699 5875/7700 5879/7698 6322/7697
f 6324/7701 5868/7702 5875/7700 6323/7699
f 6325/7703 5852/7704 5868/7702 6324/7701
f 5852/7704 6325/7703 6326/7705 5818/7706
f 5818/7706 6326/7705 6327/7707 5797/7708
f 6328/7709 5790/7710 5797/7708 6327/7707
f 6329/7711 5753/7712 5790/7710 6328/7709
f 5769/7713 5753/7712 6329/7711 6330/7714
f 6331/7715 5288/7716 5769/7713 6330/7714
f 6332/7717 5289/7718 5288/7719 6331/7720
f 5316/7721 5289/7718 6332/7717 6333/7722
f 6334/7723 5319/7724 5316/7721 6333/7722
f 6749/7725 5319/7724 6334/7723 6750/7726
f 5352/7727 5346/7728 6335/7729 6336/7730
f 6097/7731 5352/7727 6336/7730 6337/7732
f 5353/7733 6097/7731 6337/7732 6338/7734
f 6483/7735 5353/7733 6338/7734 6484/7736
f 6054/7430 6063/7445 6302/7662 6593/7737
f 6592/7738 6053/7424 6054/7430 6593/7737
f 6052/7425 6053/7424 6592/7738 6591/7739
f 6051/7417 6641/7420 6640/7740 6590/7741
f 6050/7412 6051/7417 6590/7741 6589/7742
f 7352/7413 6050/7412 6589/7742 7353/7743
f 6416/7744 6049/7745 6588/7746 6587/7747
f 6030/7748 6310/7749 6586/7750 6585/7751
f 6071/7752 6030/7748 6585/7751 6584/7753
f 5991/7754 6071/7755 6584/7756 6583/7757
f 6582/7758 6016/7759 5991/7754 6583/7757
f 6581/7760 5990/7761 6016/7759 6582/7758
f 6580/7762 5960/7763 5990/7761 6581/7760
f 5961/7764 5960/7763 6580/7762 6579/7765
f 6578/7766 5953/7767 5961/7768 6579/7769
f 6577/7770 5933/7771 5953/7767 6578/7766
f 5933/7771 6577/7770 6576/7772 5932/7773
f 6575/7774 5912/7775 5932/7773 6576/7772
f 5896/7776 5912/7775 6575/7774 6574/7777
f 5883/7778 5896/7776 6574/7777 6573/7779
f 5882/7780 5883/7778 6573/7779 6572/7781
f 5882/7780 6572/7781 6571/7782 5860/7783
f 5855/7784 5860/7783 6571/7782 6570/7785
f 6569/7786 5807/7787 5855/7784 6570/7785
f 5807/7787 6569/7786 6568/7788 5801/7789
f 5801/7789 6568/7788 6567/7790 5786/7791
f 6566/7792 5756/7793 5786/7791 6567/7790
f 5766/7794 5756/7793 6566/7792 6565/7795
f 5309/7796 5766/7794 6565/7795 6564/7797
f 5310/6264 5309/7798 6564/7799 6563/7800
f 6562/7801 5311/6261 5310/6264 6563/7800
f 6561/7802 5313/6267 5311/6261 6562/7801
f 5361/6359 5313/6267 6561/7802 6560/7803
f 5361/6359 6560/7803 6741/7804 6740/6360
f 6594/7805 5355/7806 6559/7807 6595/7808
f 6339/7809 5354/7810 6558/7811 6557/7812
f 6555/7813 5350/6340 6447/6342 6556/7814
f 6554/7815 5351/6341 5350/6340 6555/7813
f 5360/6358 5351/6341 6554/7815 6553/7816
f 5323/7817 5360/6358 6553/7816 6552/7818
f 5323/7817 6552/7818 6551/7819 5324/6318
f 6550/7820 5337/6317 5324/6318 6551/7819
f 6549/7821 5333/6864 5337/6317 6550/7820
f 5700/6865 5333/6864 6549/7821 6548/7822
f 5699/6866 5700/6865 6548/7822 6547/7823
f 6546/7824 5176/6297 7151/6298 7150/7825
f 5654/6835 5176/6297 6546/7824 6545/7826
f 6544/7827 5175/6836 5654/6835 6545/7826
f 7223/7828 5175/6836 6544/7827 7224/7829
f 5653/6834 5255/6833 6543/7830 6542/7831
f 6541/7832 5174/5975 7320/5976 7319/7833
f 5608/6777 5174/5975 6541/7832 6540/7834
f 6539/7835 5173/5973 5608/6777 6540/7834
f 6538/7836 4961/5974 5173/5973 6539/7835
f 4962/5653 4961/5652 6538/7837 6537/7838
f 4963/5654 4962/5653 6537/7838 6536/7839
f 6535/7840 4964/5658 4963/5654 6536/7839
f 6534/7841 4965/5662 4964/5658 6535/7840
f 6533/7842 4966/5670 4965/5662 6534/7841
f 6532/7843 4983/5673 4966/5670 6533/7842
f 4983/5673 6532/7843 6531/7844 4980/5715
f 4980/5715 6531/7844 6530/7845 4978/5705
f 6802/5706 4978/5705 6530/7845 6803/7846
f 6528/7847 4968/5681 4975/5702 6529/7848
f 4968/5681 6528/7847 6527/7849 4945/5678
f 4940/5615 6785/5623 6784/7850 6526/7851
f 6525/7852 4789/5423 4940/5615 6526/7851
f 6524/7853 4767/5393 4789/5423 6525/7852
f 6523/7854 4738/5372 4767/5393 6524/7853
f 4755/5366 4738/5372 6523/7854 6522/7855
f 6521/7856 4739/5367 4755/5366 6522/7855
f 6411/7429 6305/7664 6304/7663 6303/7446
f 6305/7664 6411/7429 6412/7427 6306/7665
f 6413/7426 6307/7666 6306/7665 6412/7427
f 6642/7421 6414/7418 6308/7668 6643/7667
f 6415/7411 6309/7669 6308/7668 6414/7418
f 7350/7670 6309/7669 6415/7411 7351/7410
f 6310/7749 6416/7744 6587/7747 6586/7750
f 6418/7400 6311/7672 6455/7671 6454/7409
f 6311/7672 6418/7400 6626/7403 6625/7673
f 6312/7677 6419/7329 6420/7332 6313/7678
f 6313/7678 6420/7332 6421/7333 6314/7680
f 6422/7292 6315/7681 6314/7680 6421/7333
f 6423/7291 6316/7683 6315/7681 6422/7292
f 6316/7686 6423/7282 6424/7225 6317/7687
f 6425/7191 6318/7689 6317/7687 6424/7225
f 6318/7689 6425/7191 6426/7182 6319/7691
f 6319/7691 6426/7182 6427/7164 6320/7693
f 6320/7693 6427/7164 6428/7140 6321/7695
f 6321/7695 6428/7140 6429/7113 6322/7697
f 6430/7107 6323/7699 6322/7697 6429/7113
f 6431/7098 6324/7701 6323/7699 6430/7107
f 6432/7070 6325/7703 6324/7701 6431/7098
f 6325/7703 6432/7070 6433/7030 6326/7705
f 6326/7705 6433/7030 6434/6995 6327/7707
f 6435/6986 6328/7709 6327/7707 6434/6995
f 6436/6920 6329/7711 6328/7709 6435/6986
f 6329/7711 6436/6920 6437/6921 6330/7714
f 6438/6959 6331/7715 6330/7714 6437/6921
f 6439/6218 6332/7717 6331/7720 6438/6219
f 6332/7717 6439/6218 6440/6275 6333/7722
f 6441/6277 6334/7723 6333/7722 6440/6275
f 6334/7723 6441/6277 6751/6326 6750/7726
f 6335/7729 6442/6335 6443/6336 6336/7730
f 6336/7730 6443/6336 6444/6337 6337/7732
f 6337/7732 6444/6337 6445/6339 6338/7734
f 6484/7736 6338/7734 6445/6339 6485/6338
f 6447/6342 6339/7809 6557/7812 6556/7814
f 6339/7809 6447/6342 3686/3159 3577/4684
f 6301/7661 6300/7442 6448/7428 6340/7857
f 6449/7422 6341/7858 6340/7857 6448/7428
f 6341/7858 6449/7422 6450/7423 6342/7859
f 6638/7419 6451/7416 6343/7860 6639/7861
f 6343/7860 6451/7416 6452/7414 6344/7862
f 6344/7862 6452/7414 7355/7415 7354/7863
f 6345/7864 6453/7408 6454/7409 6417/7865
f 6455/7671 6346/7866 6417/7865 6454/7409
f 6346/7866 6455/7671 6456/7404 6347/7867
f 6347/7867 6456/7404 6457/7407 6348/7868
f 6348/7869 6457/7457 6458/7316 6349/7870
f 6459/7315 6350/7871 6349/7870 6458/7316
f 6460/7312 6351/7872 6350/7871 6459/7315
f 6461/7238 6352/7873 6351/7872 6460/7312
f 6352/7873 6461/7238 6462/7241 6353/7874
f 6463/7227 6354/7875 6353/7876 6462/7247
f 6464/7195 6355/7877 6354/7875 6463/7227
f 6355/7877 6464/7195 6465/7198 6356/7878
f 6466/7169 6357/7879 6356/7878 6465/7198
f 6357/7879 6466/7169 6467/7142 6358/7880
f 6358/7880 6467/7142 6468/7123 6359/7881
f 6359/7881 6468/7123 6469/7120 6360/7882
f 6360/7882 6469/7120 6470/7118 6361/7883
f 6361/7883 6470/7118 6471/7076 6362/7884
f 6472/7012 6363/7885 6362/7884 6471/7076
f 6363/7885 6472/7012 6473/7004 6364/7886
f 6364/7886 6473/7004 6474/6980 6365/7887
f 6475/6928 6366/7888 6365/7887 6474/6980
f 6366/7888 6475/6928 6476/6931 6367/7889
f 6367/7889 6476/6931 6477/6954 6368/7890
f 6368/7891 6477/6254 6478/6257 6369/7892
f 6479/6266 6370/7893 6369/7892 6478/6257
f 6480/6272 6371/7894 6370/7893 6479/6266
f 6371/7894 6480/6272 6481/6364 6372/7895
f 6372/7895 6481/6364 6743/6368 6742/7896
f 6596/7897 6373/7898 6482/6344 6597/6343
f 6374/7899 6483/7735 6484/7736 6375/7900
f 6446/7901 6375/7900 6484/7736 6485/6338
f 6486/6334 6376/7902 6446/7901 6485/6338
f 6487/6333 6377/7903 6376/7902 6486/6334
f 6377/7903 6487/6333 6488/6356 6378/7904
f 6378/7904 6488/6356 6489/6291 6379/7905
f 6379/7905 6489/6291 6490/6294 6380/7906
f 6491/6307 6381/7907 6380/7906 6490/6294
f 6492/6306 6382/7908 6381/7907 6491/6307
f 6382/7908 6492/6306 6493/6863 6383/7909
f 6383/7909 6493/6863 6494/6868 6384/7910
f 6495/6184 6385/7911 7149/7912 7148/6299
f 6385/7911 6495/6184 6496/6187 6386/7913
f 6497/6165 6387/7914 6386/7913 6496/6187
f 7225/7915 6387/7914 6497/6165 7226/6164
f 6388/7916 6498/6829 6499/6832 6389/7917
f 6500/6154 6390/7918 7318/7919 7317/6158
f 6390/7918 6500/6154 6501/6157 6391/7920
f 6502/5985 6392/7921 6391/7920 6501/6157
f 6503/5984 6393/7922 6392/7921 6502/5985
f 6393/7923 6503/5646 6504/5649 6394/7924
f 6394/7924 6504/5649 6505/5657 6395/7925
f 6506/5661 6396/7926 6395/7925 6505/5657
f 6507/5665 6397/7927 6396/7926 6506/5661
f 6508/5667 6398/7928 6397/7927 6507/5665
f 6509/5736 6399/7929 6398/7928 6508/5667
f 6399/7929 6509/5736 6510/5716 6400/7930
f 6400/7930 6510/5716 6511/5708 6401/7931
f 6804/7932 6401/7931 6511/5708 6805/5707
f 6513/5684 6403/7933 6402/7934 6512/5699
f 6403/7933 6513/5684 6514/5687 6404/7935
f 6782/5626 6515/5617 6405/7936 6783/7937
f 6516/5426 6406/7938 6405/7936 6515/5617
f 6517/5387 6407/7939 6406/7938 6516/5426
f 6518/5370 6408/7940 6407/7939 6517/5387
f 6408/7940 6518/5370 6519/5348 6409/7941
f 6520/5347 6410/7942 6409/7941 6519/5348
f 6410/7942 6521/7856 6522/7855 6409/7941
f 6523/7854 6408/7940 6409/7941 6522/7855
f 6408/7940 6523/7854 6524/7853 6407/7939
f 6407/7939 6524/7853 6525/7852 6406/7938
f 6406/7938 6525/7852 6526/7851 6405/7936
f 6783/7937 6405/7936 6526/7851 6784/7850
f 6528/7847 6403/7933 6404/7935 6527/7849
f 6403/7933 6528/7847 6529/7848 6402/7934
f 6803/7846 6530/7845 6401/7931 6804/7932
f 6531/7844 6400/7930 6401/7931 6530/7845
f 6532/7843 6399/7929 6400/7930 6531/7844
f 6399/7929 6532/7843 6533/7842 6398/7928
f 6398/7928 6533/7842 6534/7841 6397/7927
f 6397/7927 6534/7841 6535/7840 6396/7926
f 6396/7926 6535/7840 6536/7839 6395/7925
f 6537/7838 6394/7924 6395/7925 6536/7839
f 6538/7837 6393/7923 6394/7924 6537/7838
f 6393/7922 6538/7836 6539/7835 6392/7921
f 6392/7921 6539/7835 6540/7834 6391/7920
f 6541/7832 6390/7918 6391/7920 6540/7834
f 6390/7918 6541/7832 7319/7833 7318/7919
f 6543/7830 6388/7916 6389/7917 6542/7831
f 7224/7829 6544/7827 6387/7914 7225/7915
f 6387/7914 6544/7827 6545/7826 6386/7913
f 6546/7824 6385/7911 6386/7913 6545/7826
f 6385/7911 6546/7824 7150/7825 7149/7912
f 6548/7822 6383/7909 6384/7910 6547/7823
f 6549/7821 6382/7908 6383/7909 6548/7822
f 6382/7908 6549/7821 6550/7820 6381/7907
f 6381/7907 6550/7820 6551/7819 6380/7906
f 6552/7818 6379/7905 6380/7906 6551/7819
f 6553/7816 6378/7904 6379/7905 6552/7818
f 6554/7815 6377/7903 6378/7904 6553/7816
f 6377/7903 6554/7815 6555/7813 6376/7902
f 6376/7902 6555/7813 6556/7814 6446/7901
f 6557/7812 6375/7900 6446/7901 6556/7814
f 6558/7811 6374/7899 6375/7900 6557/7812
f 6595/7808 6559/7807 6373/7898 6596/7897
f 6560/7803 6372/7895 6742/7896 6741/7804
f 6561/7802 6371/7894 6372/7895 6560/7803
f 6371/7894 6561/7802 6562/7801 6370/7893
f 6370/7893 6562/7801 6563/7800 6369/7892
f 6564/7799 6368/7891 6369/7892 6563/7800
f 6565/7795 6367/7889 6368/7890 6564/7797
f 6566/7792 6366/7888 6367/7889 6565/7795
f 6366/7888 6566/7792 6567/7790 6365/7887
f 6568/7788 6364/7886 6365/7887 6567/7790
f 6569/7786 6363/7885 6364/7886 6568/7788
f 6363/7885 6569/7786 6570/7785 6362/7884
f 6571/7782 6361/7883 6362/7884 6570/7785
f 6572/7781 6360/7882 6361/7883 6571/7782
f 6573/7779 6359/7881 6360/7882 6572/7781
f 6574/7777 6358/7880 6359/7881 6573/7779
f 6575/7774 6357/7879 6358/7880 6574/7777
f 6357/7879 6575/7774 6576/7772 6356/7878
f 6577/7770 6355/7877 6356/7878 6576/7772
f 6355/7877 6577/7770 6578/7766 6354/7875
f 6354/7875 6578/7766 6579/7769 6353/7876
f 6580/7762 6352/7873 6353/7874 6579/7765
f 6352/7873 6580/7762 6581/7760 6351/7872
f 6351/7872 6581/7760 6582/7758 6350/7871
f 6350/7871 6582/7758 6583/7757 6349/7870
f 6584/7756 6348/7869 6349/7870 6583/7757
f 6585/7751 6347/7867 6348/7868 6584/7753
f 6586/7750 6346/7866 6347/7867 6585/7751
f 6587/7747 6417/7865 6346/7866 6586/7750
f 6588/7746 6345/7864 6417/7865 6587/7747
f 6589/7742 6344/7862 7354/7863 7353/7743
f 6590/7741 6343/7860 6344/7862 6589/7742
f 6639/7861 6343/7860 6590/7741 6640/7740
f 6592/7738 6341/7858 6342/7859 6591/7739
f 6341/7858 6592/7738 6593/7737 6340/7857
f 6302/7662 6301/7661 6340/7857 6593/7737
f 5354/7810 4714/4772 4721/4771 6594/7805
f 6558/7811 5354/7810 6594/7805 6595/7808
f 6374/7899 6558/7811 6595/7808 6596/7897
f 6483/7735 6374/7899 6596/7897 6597/6343
f 5353/7733 6483/7735 6597/6343 6598/6346
f 6097/7731 5353/7733 6598/6346 6599/6347
f 5352/7727 6097/7731 6599/6347 6600/6350
f 5346/7728 5352/7727 6600/6350 6601/6352
f 6602/6278 5319/7724 6749/7725 6748/6354
f 5316/7721 5319/7724 6602/6278 6603/6273
f 6604/6251 5289/7718 5316/7721 6603/6273
f 6605/6250 5288/7719 5289/7718 6604/6251
f 5769/7713 5288/7716 6605/6957 6606/6922
f 5753/7712 5769/7713 6606/6922 6607/6925
f 5753/7712 6607/6925 6608/6989 5790/7710
f 6609/7008 5797/7708 5790/7710 6608/6989
f 6610/7029 5818/7706 5797/7708 6609/7008
f 5818/7706 6610/7029 6611/7073 5852/7704
f 5852/7704 6611/7073 6612/7101 5868/7702
f 5868/7702 6612/7101 6613/7109 5875/7700
f 5875/7700 6613/7109 6614/7117 5879/7698
f 6615/7139 5895/7696 5879/7698 6614/7117
f 5895/7696 6615/7139 6616/7163 5909/7694
f 5909/7694 6616/7163 6617/7187 5923/7692
f 5923/7692 6617/7187 6618/7190 5927/7690
f 6619/7224 5952/7688 5927/7690 6618/7190
f 5952/7688 6619/7224 6620/7284 5980/7685
f 5980/7684 6620/7293 6621/7296 5983/7682
f 5983/7682 6621/7296 6622/7328 5996/7679
f 6019/7675 5996/7679 6622/7328 6623/7323
f 5997/7676 6019/7675 6623/7323 6624/7326
f 6625/7673 6312/7943 5997/7944 6624/7674
f 6626/7403 6419/7945 6312/7943 6625/7673
f 6627/7402 5999/7946 6419/7945 6626/7403
f 6628/7396 6001/7947 7358/7948 7357/7399
f 6001/7947 6628/7396 6629/7392 6004/7949
f 6004/7949 6629/7392 6636/7395 6635/7950
f 6631/7385 6042/7951 6045/7952 6630/7389
f 6042/7951 6631/7385 6632/7388 6040/7953
f 6061/7660 6040/7953 6632/7388 6299/7444
f 6061/7659 6298/7441 6633/7383 6040/7954
f 6040/7954 6633/7383 6634/7384 6042/7955
f 6042/7955 6634/7384 6635/7391 6045/7956
f 6636/7395 6630/7389 6045/7952 6635/7950
f 6637/7394 6044/7390 6630/7389 6636/7395
f 6450/7423 6044/7390 6637/7394 6638/7419
f 6342/7859 6450/7423 6638/7419 6639/7861
f 6591/7739 6342/7859 6639/7861 6640/7740
f 6641/7420 6052/7425 6591/7739 6640/7740
f 6413/7426 6052/7425 6641/7420 6642/7421
f 6307/7666 6413/7426 6642/7421 6643/7667
f 6644/7374 6031/7376 6307/7666 6643/7667
f 6031/7376 6644/7374 6645/7375 6068/7377
f 6646/7353 6008/7351 6068/7452 6645/7454
f 6008/7351 6646/7353 6647/7354 6013/7352
f 6648/7356 6007/7366 6013/7352 6647/7354
f 6649/7250 5966/7257 6007/7366 6648/7356
f 5967/7258 5966/7257 6649/7250 6650/7253
f 5942/7214 5967/7262 6650/7254 6651/7232
f 6652/7207 5938/7210 5942/7214 6651/7232
f 6653/7206 5939/7211 5938/7210 6652/7207
f 6654/7152 5901/7150 5939/7211 6653/7206
f 5901/7150 6654/7152 6655/7147 5899/7149
f 5899/7149 6655/7147 6656/7093 5865/7095
f 5865/7095 6656/7093 6657/7087 5845/7062
f 5845/7062 6657/7087 6658/7082 5834/7050
f 5834/7050 6658/7082 6659/7080 5835/7049
f 6660/7020 5812/7019 5835/7049 6659/7080
f 5812/7019 6660/7020 6661/7009 5792/6992
f 6662/6984 5785/6977 5792/6992 6661/7009
f 5759/6938 5785/6977 6662/6984 6663/6940
f 5763/6939 5759/6938 6663/6940 6664/6943
f 5299/6947 5763/6939 6664/6943 6665/6949
f 6666/6234 5298/6231 5299/6230 6665/6235
f 6733/6243 5298/6231 6666/6234 6734/6241
f 6667/7361 6037/7365 6058/7437 6296/7436
f 5986/7304 6037/7365 6667/7361 6668/7302
f 6669/7301 6025/7305 5986/7304 6668/7302
f 6670/7265 5972/7269 6025/7305 6669/7301
f 5973/7270 5972/7269 6670/7265 6671/7266
f 6672/7216 5945/7219 5973/7273 6671/7268
f 5945/7219 6672/7216 6673/7175 5918/7178
f 6674/7173 5914/7172 5918/7178 6673/7175
f 6675/7157 5905/7158 5914/7172 6674/7173
f 6676/7131 5888/7133 5905/7158 6675/7157
f 6677/7065 5848/7066 5888/7133 6676/7131
f 5841/7060 5848/7066 6677/7065 6678/7056
f 5842/7061 5841/7060 6678/7056 6679/7057
f 5842/7061 6679/7057 6680/7128 5885/7127
f 5885/7127 6680/7128 6681/7042 5825/7037
f 6682/7041 5824/7038 5825/7037 6681/7042
f 5813/7023 5824/7038 6682/7041 6683/7024
f 5813/7023 6683/7024 6684/6994 5795/7001
f 6685/6976 5782/6974 5795/7001 6684/6994
f 6686/6898 5745/6908 5782/6974 6685/6976
f 5745/6908 6686/6898 6687/6901 5760/6909
f 6688/6945 5293/6966 5760/6909 6687/6901
f 6689/6226 5292/6223 5293/6222 6688/6227
f 5365/6371 5292/6223 6689/6226 6690/6370
f 6691/6375 5366/6372 5365/6371 6690/6370
f 6692/6378 5367/6373 5366/6372 6691/6375
f 6728/6376 5367/6373 6692/6378 6729/6380
f 6024/7306 5974/7272 6693/7341
f 5987/7303 6024/7306 6693/7341 6694/7344
f 6695/7382 6038/7364 5987/7303 6694/7344
f 6696/7440 6059/7438 6038/7364 6695/7382
f 6060/7439 6297/7658 6059/7438 6696/7440
f 4722/7957 4682/7958 6698/5507
f 6697/5509 6698/5507 2058/7959
f 6698/5507 4682/7958 2058/7959
f 6700/5505 4724/7960 4723/7961 6699/5506
f 2053/7962 6701/5502 6702/5499 2050/7963
f 6703/5498 1969/7964 2050/7963 6702/5499
f 6704/5402 1970/7965 1969/7966 6703/5403
f 1985/7967 1970/7965 6704/5402 6705/5428
f 2013/7968 1985/7967 6705/5428 6706/5453
f 2023/7969 2013/7968 6706/5453 6707/5463
f 6708/5476 2035/7970 2023/7971 6707/5477
f 6709/5461 2021/7972 2035/7970 6708/5476
f 6710/5450 2010/7973 2021/7972 6709/5461
f 2011/7974 2010/7973 6710/5450 6711/5451
f 2132/7975 2011/7974 6711/5451 6712/5594
f 6713/5596 2133/7976 2132/7975 6712/5594
f 2137/7977 2133/7976 6713/5596 6714/5599
f 2142/7978 2137/7977 6714/5599 6715/5604
f 2403/4809 2142/4810 6715/5999 6716/6000
f 2405/4811 2403/4809 6716/6000 6717/6002
f 2980/4812 2405/4811 6717/6002 6718/6006
f 6718/6006 7260/6005 4503/4813 2980/4812
f 6719/6008 2406/4815 4420/4814 7177/6009
f 2406/4815 6719/6008 6720/6011 2758/4816
f 2758/4816 6720/6011 4718/4817
f 6720/6011 6721/6193 4718/4817
f 6721/6193 4697/4818 4718/4817
f 4725/4819 6723/6200 4699/4820
f 6723/6200 6724/6201 4699/4820
f 2496/4821 4699/4820 6724/6201
f 6726/6205 4702/4823 4700/4822 6725/6203
f 6727/6207 2502/4824 6726/6205
f 4702/4823 6726/6205 4703/4825
f 2502/4824 4703/4825 6726/6205
f 2502/4824 6727/6207 6728/6376 2598/4826
f 3932/4827 2598/4826 6728/6376 6729/6380
f 6730/6379 2600/4828 3932/4827 6729/6380
f 2600/4828 6730/6379 4717/4829
f 6731/6244 4726/4830 6730/6379
f 6730/6379 4726/4830 4717/4829
f 6735/6240 4704/7979 4729/7980 6734/6241
f 6736/6246 4705/7981 4704/7982 6735/6247
f 2536/4835 4706/4836 6738/6262
f 6738/6262 4706/4836 6737/6263
f 6739/6268 4707/4837 2536/4835 6738/6262
f 6740/6360 5355/7806 6739/6268
f 6739/6268 5355/7806 4707/4837
f 5355/7806 4715/4838 4707/4837
f 6741/7804 6559/7807 5355/7806 6740/6360
f 6742/7896 6373/7898 6559/7807 6741/7804
f 6743/6368 6482/6344 6373/7898 6742/7896
f 6744/6367 5356/6345 6482/6344 6743/6368
f 6096/6348 5356/6345 6744/6367 6745/6366
f 5357/6349 6096/6348 6745/6366 6746/6362
f 6747/6353 5358/6351 5357/6349 6746/6362
f 5358/6351 6747/6353 6748/6354 6601/6352
f 6749/7725 5346/7728 6601/6352 6748/6354
f 5346/7728 6749/7725 6750/7726 6335/7729
f 6751/6326 6442/6335 6335/7729 6750/7726
f 6752/6325 5345/6327 6442/6335 6751/6326
f 6753/6322 5343/6323 5345/6327 6752/6325
f 5343/6323 6753/6322 6754/6319 5341/6320
f 5327/6288 5341/6320 6754/6319 6755/6286
f 6756/6285 5330/6289 5327/6288 6755/6286
f 6757/6316 5340/6313 5330/6289 6756/6285
f 6758/6315 5336/6314 5340/6313 6757/6316
f 5336/6314 6758/6315 6759/6858 5703/6859
f 6760/6873 5696/6871 5703/6859 6759/6858
f 6761/6176 5262/6180 7144/6303 7143/6304
f 5657/6181 5262/6180 6761/6176 6762/6177
f 6763/6175 5261/6172 5657/6181 6762/6177
f 7230/6173 5261/6172 6763/6175 7231/6174
f 6765/6821 5650/6824 5258/6823 6764/6822
f 6766/6147 5252/6148 7313/6162 7312/6163
f 6767/6146 5611/6149 5252/6148 6766/6147
f 6768/5987 5177/5980 5611/6149 6767/6146
f 4935/5977 5177/5980 6768/5987 6769/5990
f 6770/5607 4936/5731 4935/5733 6769/5608
f 4936/5731 6770/5607 6771/5645 4960/5728
f 6772/5644 4959/5726 4960/5728 6771/5645
f 6773/5642 4958/5722 4959/5726 6772/5644
f 4958/5722 6773/5642 6774/5643 4957/5723
f 4957/5723 6774/5643 6775/5641 4994/5735
f 6776/5636 4953/5720 4994/5735 6775/5641
f 4953/5720 6776/5636 6777/5633 4951/5695
f 4951/5695 6777/5633 6810/5634 6809/5696
f 4949/5693 6778/5630 6779/5627 4947/5689
f 6126/5690 4947/5689 6779/5627 6780/5628
f 6781/5625 4946/5686 6126/5690 6780/5628
f 6514/5687 4946/5686 6781/5625 6782/5626
f 6404/7935 6514/5687 6782/5626 6783/7937
f 6527/7849 6404/7935 6783/7937 6784/7850
f 6785/5623 4945/5678 6527/7849 6784/7850
f 4944/5679 4945/5678 6785/5623 6786/5624
f 6787/5620 4943/5674 6799/5682 6798/5622
f 4730/5621 4684/7983 6787/5620
f 4943/5674 6787/5620 2154/5675
f 2154/5675 6787/5620 4684/7983
f 6697/5509 2058/7959 4028/7984 6788/7985
f 4855/5510 6697/5509 6788/7985 6789/5521
f 6790/5520 4859/5513 4855/5510 6789/5521
f 4859/5513 6790/5520 6791/5517 4860/5514
f 4860/5514 6791/5517 6792/5417 4774/5486
f 6793/5416 4773/5487 4774/5486 6792/5417
f 6794/5409 4770/5391 4773/5394 6793/5410
f 6795/5414 4771/5392 4770/5391 6794/5409
f 6796/5422 4787/5424 4771/5392 6795/5414
f 4787/5424 6796/5422 6797/5613 4939/5614
f 4939/5614 6797/5613 6798/5622 6786/5624
f 6799/5682 4944/5679 6786/5624 6798/5622
f 4944/5679 6799/5682 6800/5683 4969/5680
f 6801/5704 4976/5701 4969/5680 6800/5683
f 4975/5702 4976/5701 6801/5704 6802/5706
f 6529/7848 4975/5702 6802/5706 6803/7846
f 6402/7934 6529/7848 6803/7846 6804/7932
f 6512/5699 6402/7934 6804/7932 6805/5707
f 4974/5700 6512/5699 6805/5707 6806/5710
f 6124/5698 4974/5700 6806/5710 6807/5711
f 6808/5697 4972/5692 6124/5698 6807/5711
f 6809/5696 4949/5693 4972/5692 6808/5697
f 6810/5634 6778/5630 4949/5693 6809/5696
f 6811/5632 4948/5629 6778/5630 6810/5634
f 6812/5574 4904/5572 4948/5629 6811/5632
f 6813/5568 4892/5552 4904/5572 6812/5574
f 4891/5553 4892/5552 6813/5568 6814/5571
f 5004/5746 4891/5745 6814/5769 6815/5772
f 5020/5780 5004/5746 6815/5772 6816/5783
f 5097/5862 5020/5780 6816/5783 6817/5939
f 5096/5858 5097/5862 6817/5939 6818/5937
f 6819/5935 5095/5859 5096/5858 6818/5937
f 6820/5933 5100/5865 5095/5859 6819/5935
f 5100/5865 6820/5933 6821/5931 5103/5869
f 5103/5869 6821/5931 6822/5929 5105/5871
f 6823/5927 5107/5873 5105/5871 6822/5929
f 6824/5893 5120/5892 5107/5873 6823/5927
f 5120/5892 6824/5893 6825/5896 5121/5889
f 6826/5900 5125/5897 5121/5889 6825/5896
f 4856/5522 6789/5521 6788/7985 6827/7986
f 4069/7987 2068/5523 4856/5522 6827/7986
f 6788/7985 4028/7984 4069/7987 6827/7986
f 6831/7988 6830/7989 6829/7990 6828/7991
f 6828/7991 6833/7992 6832/7993 6831/7988
f 6830/7989 6835/7994 6834/7995 6829/7990
f 6837/7996 6834/7997 6835/7998 6836/7999
f 6839/8000 6832/7993 6833/7992 6838/8001
f 6842/8002 6843/8003 6839/8004 6838/8005
f 6841/8006 6837/7996 6836/7999 6840/8007
f 6843/8003 6842/8002 6841/8006 6840/8007
f 6830/7989 6831/7988 6845/8008 6844/8009
f 6831/7988 6832/7993 6846/8010 6845/8008
f 6848/8011 6847/8012 6836/7999 6835/7998
f 6835/7994 6830/7989 6844/8009 6848/8013
f 6840/8007 6836/7999 6847/8012 6849/8014
f 6843/8003 6840/8007 6849/8014 6850/8015
f 6850/8015 6851/8016 6839/8004 6843/8003
f 6832/7993 6839/8000 6851/8017 6846/8010
f 6850/8015 6849/8014 6853/8018 6852/8019
f 6854/8020 6853/8018 6849/8014 6847/8012
f 6852/8019 6855/8021 6851/8016 6850/8015
f 6846/8010 6851/8017 6855/8022 6856/8023
f 6844/8009 6845/8008 6858/8024 6857/8025
f 6845/8008 6846/8010 6856/8023 6858/8024
f 6848/8013 6844/8009 6857/8025 6859/8026
f 6859/8027 6854/8020 6847/8012 6848/8011
f 6858/8024 6856/8023 6861/8028 6860/8029
f 6857/8025 6858/8024 6860/8029 6862/8030
f 6862/8030 6863/8031 6859/8026 6857/8025
f 6859/8027 6863/8032 6864/8033 6854/8020
f 6853/8018 6854/8020 6864/8033 6865/8034
f 6852/8019 6853/8018 6865/8034 6866/8035
f 6866/8035 6867/8036 6855/8021 6852/8019
f 6856/8023 6855/8022 6867/8037 6861/8028
f 6869/8038 6868/8039 6862/8030 6860/8029
f 6870/8040 6869/8038 6860/8029 6861/8028
f 6863/8031 6862/8030 6868/8039 6871/8041
f 6871/8042 6872/8043 6864/8033 6863/8032
f 6865/8034 6864/8033 6872/8043 6873/8044
f 6874/8045 6866/8035 6865/8034 6873/8044
f 6875/8046 6867/8036 6866/8035 6874/8045
f 6867/8037 6875/8047 6870/8040 6861/8028
f 6869/8038 6876/8048 6871/8041 6868/8039
f 6876/8048 6869/8038 6870/8040 6875/8047
f 6876/8049 6873/8044 6872/8043 6871/8042
f 6874/8045 6873/8044 6876/8049 6875/8046
f 6877/8050 6878/8051 6881/8052 6880/8053
f 6882/8054 6881/8052 6878/8051 6879/8055
f 6892/8056 6891/8057 6882/8054 6879/8055
f 6884/8058 6877/8050 6880/8053 6883/8059
f 6886/8060 6884/8061 6883/8062 6885/8063
f 6885/8063 6888/8064 6887/8065 6886/8060
f 6890/8066 6887/8065 6888/8064 6889/8067
f 6892/8068 6890/8066 6889/8067 6891/8069
f 6881/8052 6882/8054 6894/8070 6893/8071
f 6880/8053 6881/8052 6893/8071 6895/8072
f 6883/8059 6880/8053 6895/8072 6896/8073
f 6885/8063 6883/8062 6896/8074 6897/8075
f 6888/8064 6885/8063 6897/8075 6898/8076
f 6889/8067 6888/8064 6898/8076 6899/8077
f 6891/8069 6889/8067 6899/8077 6900/8078
f 6891/8057 6900/8079 6894/8070 6882/8054
f 6899/8077 6898/8076 6902/8080 6901/8081
f 6903/8082 6902/8080 6898/8076 6897/8075
f 6900/8078 6899/8077 6901/8081 6904/8083
f 6904/8084 6905/8085 6894/8070 6900/8079
f 6893/8071 6894/8070 6905/8085 6906/8086
f 6895/8072 6893/8071 6906/8086 6907/8087
f 6896/8073 6895/8072 6907/8087 6908/8088
f 6908/8089 6903/8082 6897/8075 6896/8074
f 6910/8090 6909/8091 6906/8086 6905/8085
f 6907/8087 6906/8086 6909/8091 6911/8092
f 6911/8092 6912/8093 6908/8088 6907/8087
f 6903/8082 6908/8089 6912/8094 6913/8095
f 6913/8095 6914/8096 6902/8080 6903/8082
f 6901/8081 6902/8080 6914/8096 6915/8097
f 6904/8083 6901/8081 6915/8097 6916/8098
f 6916/8099 6910/8090 6905/8085 6904/8084
f 6918/8100 6917/8101 6915/8097 6914/8096
f 6916/8098 6915/8097 6917/8101 6919/8102
f 6920/8103 6918/8100 6914/8096 6913/8095
f 6921/8104 6920/8103 6913/8095 6912/8094
f 6912/8093 6911/8092 6922/8105 6921/8106
f 6911/8092 6909/8091 6923/8107 6922/8105
f 6924/8108 6923/8107 6909/8091 6910/8090
f 6916/8099 6919/8109 6924/8108 6910/8090
f 6923/8107 6925/8110 6921/8106 6922/8105
f 6924/8108 6919/8109 6925/8110 6923/8107
f 6925/8111 6918/8100 6920/8103 6921/8104
f 6918/8100 6925/8111 6919/8102 6917/8101
f 6929/8112 6928/8113 6927/8114 6926/8115
f 6933/8116 6932/8117 6927/8114 6928/8113
f 6931/8118 6929/8112 6926/8115 6930/8119
f 6931/8118 6930/8119 6935/8120 6934/8121
f 6937/8122 6934/8123 6935/8124 6936/8125
f 6933/8126 6939/8127 6938/8128 6932/8129
f 6941/8130 6940/8131 6937/8122 6936/8125
f 6938/8128 6939/8127 6940/8131 6941/8130
f 6926/8115 6927/8114 6943/8132 6942/8133
f 6932/8117 6945/8134 6943/8132 6927/8114
f 6930/8119 6926/8115 6942/8133 6944/8135
f 6946/8136 6945/8137 6932/8129 6938/8128
f 6946/8136 6938/8128 6941/8130 6947/8138
f 6947/8138 6941/8130 6936/8125 6948/8139
f 6948/8139 6936/8125 6935/8124 6949/8140
f 6930/8119 6944/8135 6949/8141 6935/8120
f 6945/8134 6952/8142 6950/8143 6943/8132
f 6950/8143 6951/8144 6942/8133 6943/8132
f 6944/8135 6942/8133 6951/8144 6953/8145
f 6944/8135 6953/8145 6954/8146 6949/8141
f 6955/8147 6948/8139 6949/8140 6954/8148
f 6947/8138 6948/8139 6955/8147 6956/8149
f 6957/8150 6946/8136 6947/8138 6956/8149
f 6945/8137 6946/8136 6957/8150 6952/8151
f 6952/8142 6965/8152 6958/8153 6950/8143
f 6958/8153 6959/8154 6951/8144 6950/8143
f 6953/8145 6951/8144 6959/8154 6960/8155
f 6954/8146 6953/8145 6960/8155 6961/8156
f 6955/8147 6954/8148 6961/8157 6962/8158
f 6963/8159 6956/8149 6955/8147 6962/8158
f 6964/8160 6957/8150 6956/8149 6963/8159
f 6952/8151 6957/8150 6964/8160 6965/8161
f 6965/8152 6973/8162 6966/8163 6958/8153
f 6959/8154 6958/8153 6966/8163 6967/8164
f 6960/8155 6959/8154 6967/8164 6968/8165
f 6961/8156 6960/8155 6968/8165 6969/8166
f 6969/8167 6970/8168 6962/8158 6961/8157
f 6963/8159 6962/8158 6970/8168 6971/8169
f 6972/8170 6964/8160 6963/8159 6971/8169
f 6965/8161 6964/8160 6972/8170 6973/8171
f 6971/8169 6974/8172 6973/8171 6972/8170
f 6970/8168 6969/8167 6974/8172 6971/8169
f 6967/8164 6974/8173 6969/8166 6968/8165
f 6973/8162 6974/8173 6967/8164 6966/8163
f 6978/8174 6977/8175 6976/8176 6975/8177
f 6980/8178 6978/8174 6975/8177 6979/8179
f 6982/8180 6980/8178 6979/8179 6981/8181
f 6984/8182 6976/8176 6977/8175 6983/8183
f 6986/8184 6985/8185 6984/8186 6983/8187
f 6988/8188 6982/8189 6981/8190 6987/8191
f 6987/8191 6990/8192 6989/8193 6988/8188
f 6989/8193 6990/8192 6985/8185 6986/8184
f 6978/8174 6980/8178 6992/8194 6991/8195
f 6991/8195 6993/8196 6977/8175 6978/8174
f 6994/8197 6992/8194 6980/8178 6982/8180
f 6983/8183 6977/8175 6993/8196 6995/8198
f 6995/8199 6996/8200 6986/8184 6983/8187
f 6989/8193 6986/8184 6996/8200 6997/8201
f 6997/8201 6998/8202 6988/8188 6989/8193
f 6998/8202 6994/8203 6982/8189 6988/8188
f 7000/8204 6999/8205 6991/8195 6992/8194
f 6999/8205 7001/8206 6993/8196 6991/8195
f 6995/8198 6993/8196 7001/8206 7002/8207
f 7003/8208 7000/8204 6992/8194 6994/8197
f 7004/8209 7003/8210 6994/8203 6998/8202
f 7005/8211 7004/8209 6998/8202 6997/8201
f 7006/8212 7005/8211 6997/8201 6996/8200
f 7006/8212 6996/8200 6995/8199 7002/8213
f 7004/8209 7005/8211 7008/8214 7007/8215
f 7009/8216 7008/8214 7005/8211 7006/8212
f 7003/8210 7004/8209 7007/8215 7010/8217
f 7000/8204 7003/8208 7010/8218 7011/8219
f 6999/8205 7000/8204 7011/8219 7012/8220
f 7001/8206 6999/8205 7012/8220 7013/8221
f 7002/8207 7001/8206 7013/8221 7014/8222
f 7002/8213 7014/8223 7009/8216 7006/8212
f 7013/8221 7012/8220 7016/8224 7015/8225
f 7012/8220 7011/8219 7017/8226 7016/8224
f 7018/8227 7017/8226 7011/8219 7010/8218
f 7018/8228 7010/8217 7007/8215 7019/8229
f 7009/8216 7021/8230 7020/8231 7008/8214
f 7007/8215 7008/8214 7020/8231 7019/8229
f 7009/8216 7014/8223 7022/8232 7021/8230
f 7014/8222 7013/8221 7015/8225 7022/8233
f 7019/8229 7020/8231 7023/8234 7018/8228
f 7021/8230 7022/8232 7023/8234 7020/8231
f 7017/8226 7018/8227 7023/8235 7016/8224
f 7016/8224 7023/8235 7022/8233 7015/8225
f 7027/8236 7026/8237 7025/8238 7024/8239
f 7029/8240 7025/8238 7026/8237 7028/8241
f 7031/8242 7029/8240 7028/8241 7030/8243
f 7027/8236 7024/8239 7033/8244 7032/8245
f 7033/8246 7035/8247 7034/8248 7032/8249
f 7030/8250 7037/8251 7036/8252 7031/8253
f 7035/8247 7039/8254 7038/8255 7034/8248
f 7039/8254 7036/8252 7037/8251 7038/8255
f 7024/8239 7025/8238 7041/8256 7040/8257
f 7042/8258 7041/8256 7025/8238 7029/8240
f 7029/8240 7031/8242 7043/8259 7042/8258
f 7044/8260 7043/8261 7031/8253 7036/8252
f 7036/8252 7039/8254 7045/8262 7044/8260
f 7039/8254 7035/8247 7046/8263 7045/8262
f 7040/8257 7047/8264 7033/8244 7024/8239
f 7047/8265 7046/8263 7035/8247 7033/8246
f 7044/8260 7045/8262 7049/8266 7048/8267
f 7045/8262 7046/8263 7050/8268 7049/8266
f 7048/8267 7051/8269 7043/8261 7044/8260
f 7051/8270 7052/8271 7042/8258 7043/8259
f 7040/8257 7041/8256 7054/8272 7053/8273
f 7052/8271 7054/8272 7041/8256 7042/8258
f 7053/8273 7055/8274 7047/8264 7040/8257
f 7055/8275 7050/8268 7046/8263 7047/8265
f 7057/8276 7056/8277 7049/8266 7050/8268
f 7056/8277 7058/8278 7048/8267 7049/8266
f 7051/8269 7048/8267 7058/8278 7059/8279
f 7052/8271 7051/8270 7059/8280 7060/8281
f 7060/8281 7061/8282 7054/8272 7052/8271
f 7061/8282 7062/8283 7053/8273 7054/8272
f 7055/8274 7053/8273 7062/8283 7063/8284
f 7055/8275 7063/8285 7057/8276 7050/8268
f 7065/8286 7064/8287 7062/8283 7061/8282
f 7066/8288 7065/8286 7061/8282 7060/8281
f 7067/8289 7066/8288 7060/8281 7059/8280
f 7059/8279 7058/8278 7068/8290 7067/8291
f 7069/8292 7068/8290 7058/8278 7056/8277
f 7070/8293 7069/8292 7056/8277 7057/8276
f 7064/8287 7071/8294 7063/8284 7062/8283
f 7063/8285 7071/8295 7070/8293 7057/8276
f 7068/8290 7069/8292 7072/8296 7067/8291
f 7072/8296 7069/8292 7070/8293 7071/8295
f 7066/8288 7067/8289 7072/8297 7065/8286
f 7065/8286 7072/8297 7071/8294 7064/8287
f 7250/6772 5604/6771 7074/8298 7251/8299
f 5604/6771 5676/6770 7075/8300 7074/8298
f 5676/6770 5603/6768 7076/8301 7075/8300
f 5603/6768 7124/6769 7123/8302 7076/8301
f 5677/6893 5722/6838 7078/8303 7077/8304
f 5722/6838 5602/6766 7079/8305 7078/8303
f 5602/6766 5601/6767 7080/8306 7079/8305
f 7403/6765 5575/6726 7081/8307 7404/8308
f 5606/6773 7293/6774 7292/8309 7082/8310
f 5631/6782 5605/6781 7073/8311 7083/8312
f 5723/6673 5525/6671 7085/8313 7084/8314
f 5525/6671 5524/6672 7086/8315 7085/8313
f 5524/6672 5607/6775 7087/8316 7086/8315
f 5607/6775 5630/6776 7088/8317 7087/8316
f 5630/6776 5606/6773 7082/8310 7088/8317
f 5572/6679 5526/6678 7089/8318 7090/8319
f 7089/8318 5526/6678 7156/6677 7155/8320
f 7091/8321 5573/6724 5572/6679 7090/8319
f 7092/8322 5574/6725 5573/6724 7091/8321
f 7092/8323 7081/8307 5575/6726 5574/6727
f 7092/8322 7091/8321 7324/8324 7323/8325
f 7091/8321 7090/8319 7325/8326 7324/8324
f 7081/8307 7092/8323 7323/8327 7322/8328
f 7213/8329 6834/7997 6837/7996 7214/8330
f 7212/8331 6829/7990 6834/7995 7213/8332
f 7211/8333 6828/7991 6829/7990 7212/8331
f 7214/8330 6837/7996 6841/8006 7215/8334
f 6833/7992 6828/7991 7211/8333 7153/8335
f 7216/8336 6842/8002 6838/8005 7217/8337
f 7102/8338 7101/8339 7192/8340 7191/8341
f 7101/8339 7102/8338 7194/8342 7193/8343
f 7215/8334 6841/8006 6842/8002 7216/8336
f 7098/8344 7210/8345 7209/8346 7154/8347
f 7102/8338 7103/8348 7195/8349 7194/8342
f 7195/8349 7103/8348 7104/8350 7196/8351
f 7122/8352 7105/8353 7198/8354 7197/8355
f 7198/8354 7105/8353 7106/8356 7199/8357
f 7199/8357 7106/8356 7107/8358 7200/8359
f 7200/8359 7107/8358 7253/8360 7252/8361
f 7201/8362 7108/8363 7109/8364 7202/8365
f 7290/8366 7110/8367 7203/8368 7291/8369
f 7203/8368 7110/8367 7111/8370 7204/8371
f 7204/8371 7111/8370 7112/8372 7205/8373
f 7207/8374 7114/8375 7113/8376 7208/8377
f 7206/8378 7115/8379 7114/8375 7207/8374
f 7205/8373 7112/8372 7115/8379 7206/8378
f 7104/8350 7103/8348 7190/8380 7189/8381
f 7103/8348 7102/8338 7191/8341 7190/8380
f 7105/8353 7122/8352 7188/8382 7187/8383
f 7106/8356 7105/8353 7187/8383 7186/8384
f 7107/8358 7106/8356 7186/8384 7185/8385
f 7184/8386 7109/8364 7108/8363 7185/8385
f 7122/8352 7104/8350 7189/8381 7188/8382
f 7104/8350 7122/8352 7197/8355 7196/8351
f 7124/6769 5677/6893 7077/8304 7123/8302
f 7125/6659 5678/6891 5677/6893 7124/6769
f 5678/6891 7125/6659 7126/6660 5679/6892
f 7127/6599 5680/6889 7424/6890 7423/6628
f 5680/6889 7127/6599 7128/6602 5681/6888
f 7129/6571 5682/6887 5681/6888 7128/6602
f 7130/6544 5683/6886 5682/6887 7129/6571
f 5683/6886 7130/6544 7131/6522 5684/6885
f 5684/6885 7131/6522 7132/6525 5685/6884
f 7133/6527 5686/6883 5685/6884 7132/6525
f 7134/6471 5687/6882 5686/6883 7133/6527
f 7135/6453 5688/6881 5687/6882 7134/6471
f 7136/6439 5689/6880 5688/6881 7135/6453
f 7137/6420 5690/6879 5689/6880 7136/6439
f 5690/6879 7137/6420 7138/6393 5691/6878
f 7139/6085 5692/6876 5691/6878 7138/6393
f 5692/6876 7139/6085 7140/6088 5693/6877
f 7141/6041 5694/6874 5693/6875 7140/6042
f 5694/6874 7141/6041 7142/6141 5695/6872
f 5695/6872 7142/6141 7143/6304 6760/6873
f 7144/6303 5696/6871 6760/6873 7143/6304
f 5696/6871 7144/6303 7145/6301 5697/6869
f 5697/6869 7145/6301 7146/6302 6106/6870
f 7147/6300 5698/6867 6106/6870 7146/6302
f 7148/6299 6494/6868 5698/6867 7147/6300
f 7149/7912 6384/7910 6494/6868 7148/6299
f 7150/7825 6547/7823 6384/7910 7149/7912
f 7151/6298 5699/6866 6547/7823 7150/7825
f 7153/8335 7152/8387 6878/8051 6877/8050
f 7208/8377 7113/8376 7284/8388 7283/8389
f 5723/6673 7084/8314 7282/8390 7281/6674
f 5725/6894 5724/6676 7280/6675 7279/8391
f 5726/6577 7410/6895 7409/8392 7278/6578
f 5730/6501 5729/6558 7275/6557 7274/6502
f 5732/6896 5731/6504 7273/6503 7272/8393
f 5733/6897 5732/6896 7272/8393 7271/8394
f 5734/6446 5733/6897 7271/8394 7270/6447
f 7154/8347 7152/8387 7153/8335 7098/8344
f 7178/8395 7113/8376 7114/8375 7179/8396
f 7111/8370 7181/8397 7180/8398 7112/8372
f 7180/8398 7182/8399 7115/8379 7112/8372
f 7114/8375 7115/8379 7182/8399 7179/8396
f 6975/8177 6976/8176 7179/8396 7182/8399
f 6979/8179 6975/8177 7182/8399 7180/8398
f 7027/8236 7180/8398 7181/8397 7026/8237
f 7183/8400 7181/8397 7111/8370 7110/8367
f 7183/8400 7028/8241 7026/8237 7181/8397
f 7038/8255 7037/8251 7184/8386 7185/8385
f 7186/8384 7119/8401 7120/8402 7185/8385
f 7187/8383 7118/8403 7119/8401 7186/8384
f 7188/8382 7121/8404 7118/8403 7187/8383
f 7189/8381 7116/8405 7121/8404 7188/8382
f 7190/8380 7117/8406 7116/8405 7189/8381
f 7191/8341 7100/8407 7117/8406 7190/8380
f 7192/8340 7099/8408 7100/8407 7191/8341
f 7194/8342 7079/8305 7080/8306 7193/8343
f 7195/8349 7078/8303 7079/8305 7194/8342
f 7077/8304 7078/8303 7195/8349 7196/8351
f 7197/8355 7123/8302 7077/8304 7196/8351
f 7198/8354 7076/8301 7123/8302 7197/8355
f 7075/8300 7076/8301 7198/8354 7199/8357
f 7074/8298 7075/8300 7199/8357 7200/8359
f 7251/8299 7074/8298 7200/8359 7252/8361
f 7083/8312 7073/8311 7201/8362 7202/8365
f 7082/8310 7292/8309 7291/8369 7203/8368
f 7088/8317 7082/8310 7203/8368 7204/8371
f 7087/8316 7088/8317 7204/8371 7205/8373
f 7086/8315 7087/8316 7205/8373 7206/8378
f 7085/8313 7086/8315 7206/8378 7207/8374
f 7084/8314 7085/8313 7207/8374 7208/8377
f 7084/8314 7208/8377 7283/8389 7282/8390
f 7210/8345 7089/8318 7155/8320 7209/8346
f 7211/8333 7096/8409 7098/8344 7153/8335
f 7096/8409 7211/8333 7212/8331 7095/8410
f 7095/8410 7212/8331 7213/8332 7094/8411
f 7094/8412 7213/8329 7214/8330 7093/8413
f 7097/8414 7093/8413 7214/8330 7215/8334
f 7099/8408 7097/8414 7215/8334 7216/8336
f 7100/8407 7099/8408 7216/8336 7217/8337
f 6833/7992 7153/8335 6877/8050 7218/8415
f 7180/8398 7027/8236 7219/8416 6979/8179
f 6979/8179 7219/8416 7220/8417 6981/8181
f 7032/8245 7220/8417 7219/8416 7027/8236
f 7221/8418 6987/8191 6981/8190 7220/8419
f 7034/8248 7221/8418 7220/8419 7032/8249
f 7221/8418 7034/8248 7038/8255 7222/8420
f 7222/8420 7120/8402 6987/8191 7221/8418
f 7038/8255 7185/8385 7120/8402 7222/8420
f 2478/3655 4732/5277 5255/6833
f 4733/5278 7223/7828 4732/5277
f 4732/5277 7223/7828 5255/6833
f 6543/7830 5255/6833 7223/7828 7224/7829
f 6388/7916 6543/7830 7224/7829 7225/7915
f 6498/6829 6388/7916 7225/7915 7226/6164
f 5256/6830 6498/6829 7226/6164 7227/6167
f 7228/6171 6110/6827 5256/6830 7227/6167
f 7229/6170 5257/6826 6110/6827 7228/6171
f 7230/6173 5258/6823 5257/6826 7229/6170
f 6764/6822 5258/6823 7230/6173 7231/6174
f 7232/6143 5250/6820 6764/6822 7231/6174
f 5250/6820 7232/6143 7233/6045 5207/6815
f 5208/6816 5207/6815 7233/6045 7234/6048
f 7235/6095 5222/6812 5208/6814 7234/6096
f 5374/6809 5222/6812 7235/6095 7236/6390
f 5384/6808 5374/6809 7236/6390 7237/6407
f 5384/6808 7237/6407 7238/6428 5396/6806
f 7239/6450 5407/6804 5396/6806 7238/6428
f 7240/6468 5418/6802 5407/6804 7239/6450
f 7241/6530 5428/6800 5418/6802 7240/6468
f 5428/6800 7241/6530 7242/6531 5434/6798
f 5434/6798 7242/6531 7243/6534 5439/6796
f 7244/6551 5467/6794 5439/6796 7243/6534
f 7245/6568 5474/6792 5467/6794 7244/6551
f 5474/6792 7245/6568 7246/6608 5520/6790
f 7247/6607 5488/6786 5520/6790 7246/6608
f 7418/6787 5488/6786 7247/6607 7419/6631
f 7249/6652 5500/6780 5507/6784 7248/6653
f 5605/6781 5500/6780 7249/6652 7250/6772
f 5605/6781 7250/6772 7251/8299 7073/8311
f 7073/8311 7251/8299 7252/8361 7201/8362
f 7253/8360 7108/8363 7201/8362 7252/8361
f 7107/8358 7185/8385 7108/8363 7253/8360
f 7218/8415 6877/8050 6884/8058 7254/8421
f 7254/8421 6838/8001 6833/7992 7218/8415
f 7254/8422 6884/8061 6886/8060 7255/8423
f 6838/8005 7254/8422 7255/8423 7217/8337
f 7255/8423 6886/8060 6887/8065 7256/8424
f 7217/8337 7255/8423 7256/8424 7100/8407
f 7116/8405 7117/8406 6887/8065 6890/8066
f 7117/8406 7100/8407 7256/8424 6887/8065
f 7121/8404 7116/8405 6937/8122 6940/8131
f 6940/8131 6939/8127 7118/8403 7121/8404
f 7257/8425 6937/8122 7116/8405 6890/8066
f 6892/8068 7258/8426 7257/8425 6890/8066
f 7258/8426 6934/8123 6937/8122 7257/8425
f 7259/8427 6931/8118 6934/8121 7258/8428
f 7258/8428 6892/8056 6879/8055 7259/8427
f 7260/6005 7177/6009 4420/4814 4503/4813
f 7261/6004 7176/6010 7177/6009 7260/6005
f 7262/6099 7175/6102 7176/6010 7261/6004
f 7263/6100 7174/6104 7175/6102 7262/6099
f 7173/6027 7174/6104 7263/6100 7264/6023
f 7265/6022 7172/6028 7173/6027 7264/6023
f 7266/6068 7171/6074 7172/6073 7265/6069
f 7267/6387 7170/6400 7171/6074 7266/6068
f 7268/6412 7169/6414 7170/6400 7267/6387
f 7269/6430 7168/6432 7169/6414 7268/6412
f 7270/6447 7167/6460 7168/6432 7269/6430
f 7271/8394 7166/6478 7167/6460 7270/6447
f 7272/8393 7165/6497 7166/6478 7271/8394
f 7273/6503 7164/6499 7165/6497 7272/8393
f 7274/6502 7163/6505 7164/6499 7273/6503
f 7275/6557 7162/6537 7163/6505 7274/6502
f 7276/6556 7161/6561 7162/6537 7275/6557
f 7160/6588 7161/6561 7276/6556 7277/6579
f 7278/6578 7159/6585 7160/6588 7277/6579
f 7408/6617 7159/6585 7278/6578 7409/8392
f 7280/6675 7157/6635 7158/6638 7279/8391
f 7281/6674 7156/6677 7157/6635 7280/6675
f 7282/8390 7155/8320 7156/6677 7281/6674
f 7283/8389 7209/8346 7155/8320 7282/8390
f 7284/8388 7154/8347 7209/8346 7283/8389
f 7152/8387 7154/8347 7284/8388 7285/8429
f 7285/8429 7284/8388 7113/8376 7178/8395
f 6879/8055 6878/8051 7152/8387 7285/8429
f 6929/8112 7178/8395 7179/8396 6928/8113
f 7178/8395 6929/8112 6931/8118 7285/8429
f 6879/8055 7285/8429 6931/8118 7259/8427
f 6928/8113 7179/8396 6976/8176 7286/8430
f 7287/8431 6933/8116 6928/8113 7286/8430
f 7286/8430 6976/8176 6984/8182 7287/8431
f 6933/8126 7287/8432 7288/8433 6939/8127
f 7287/8432 6984/8186 6985/8185 7288/8433
f 7119/8401 7118/8403 6985/8185 6990/8192
f 6939/8127 7288/8433 6985/8185 7118/8403
f 7120/8402 7119/8401 6990/8192 6987/8191
f 7030/8250 7289/8434 7184/8386 7037/8251
f 7183/8400 7289/8435 7030/8243 7028/8241
f 7202/8365 7109/8364 7290/8436 7291/8437
f 7292/8438 7083/8312 7202/8365 7291/8437
f 7293/8439 5631/6782 7083/8312 7292/8438
f 7294/8440 5632/6779 5631/6782 7293/8439
f 5632/6779 7294/8440 7295/8441 5633/6783
f 7296/6609 5634/6785 7417/6788 7416/6634
f 5634/6785 7296/6609 7297/6612 5635/6789
f 7298/6566 5636/6791 5635/6789 7297/6612
f 7299/6552 5637/6793 5636/6791 7298/6566
f 5637/6793 7299/6552 7300/6496 5638/6795
f 7301/6490 5639/6797 5638/6795 7300/6496
f 5639/6797 7301/6490 7302/6483 5640/6799
f 7303/6466 5641/6801 5640/6799 7302/6483
f 7304/6448 5642/6803 5641/6801 7303/6466
f 5642/6803 7304/6448 7305/6426 5643/6805
f 5643/6805 7305/6426 7306/6405 5644/6807
f 5644/6807 7306/6405 7307/6388 5645/6810
f 7308/6092 5646/6811 5645/6810 7307/6388
f 7309/6091 5647/6813 5646/6811 7308/6092
f 5647/6817 7309/6053 7310/6054 5648/6818
f 7311/6142 5649/6819 5648/6818 7310/6054
f 5649/6819 7311/6142 7312/6163 6765/6821
f 7313/6162 5650/6824 6765/6821 7312/6163
f 5650/6824 7313/6162 7314/6160 5651/6825
f 6111/6828 5651/6825 7314/6160 7315/6161
f 7316/6159 5652/6831 6111/6828 7315/6161
f 7317/6158 6499/6832 5652/6831 7316/6159
f 7318/7919 6389/7917 6499/6832 7317/6158
f 7319/7833 6542/7831 6389/7917 7318/7919
f 7320/5976 5653/6834 6542/7831 7319/7833
f 4565/2786 2887/3652 5653/6834 7320/5976
f 7290/8436 7109/8364 7184/8386 7289/8434
f 7110/8367 7290/8366 7289/8435 7183/8400
f 7321/8442 7097/8414 7099/8408 7192/8340
f 7323/8327 7094/8412 7093/8413 7322/8328
f 7324/8324 7095/8410 7094/8411 7323/8325
f 7325/8326 7096/8409 7095/8410 7324/8324
f 7322/8328 7093/8413 7097/8414 7321/8442
f 7096/8409 7325/8326 7210/8345 7098/8344
f 7089/8318 7210/8345 7325/8326 7090/8319
f 7081/8307 7322/8328 7405/8443 7404/8308
f 7326/6260 6737/6263 4706/4836 4735/8444
f 7327/6258 5310/6264 6737/6263 7326/6260
f 5309/7798 5310/6264 7327/6258 7328/6259
f 7329/6935 5766/7794 5309/7796 7328/6952
f 7330/6934 5756/7793 5766/7794 7329/6935
f 5786/7791 5756/7793 7330/6934 7331/6982
f 7332/7003 5801/7789 5786/7791 7331/6982
f 5801/7789 7332/7003 7333/7015 5807/7787
f 5855/7784 5807/7787 7333/7015 7334/7078
f 5860/7783 5855/7784 7334/7078 7335/7086
f 5860/7783 7335/7086 7336/7122 5882/7780
f 7337/7125 5883/7778 5882/7780 7336/7122
f 7338/7145 5896/7776 5883/7778 7337/7125
f 7339/7167 5912/7775 5896/7776 7338/7145
f 7340/7199 5932/7773 5912/7775 7339/7167
f 5932/7773 7340/7199 7341/7202 5933/7771
f 7342/7230 5953/7767 5933/7771 7341/7202
f 5961/7768 5953/7767 7342/7230 7343/7249
f 7344/7243 5960/7763 5961/7764 7343/7244
f 5990/7761 5960/7763 7344/7243 7345/7360
f 6016/7759 5990/7761 7345/7360 7346/7358
f 7347/7357 5991/7754 6016/7759 7346/7358
f 6071/7755 5991/7754 7347/7357 7348/7456
f 6030/7748 6071/7752 7348/7372 7349/7373
f 6310/7749 6030/7748 7349/7373 7350/7670
f 6416/7744 6310/7749 7350/7670 7351/7410
f 6049/7745 6416/7744 7351/7410 7352/7413
f 6049/7745 7352/7413 7353/7743 6588/7746
f 7354/7863 6345/7864 6588/7746 7353/7743
f 7355/7415 6453/7408 6345/7864 7354/7863
f 7356/7398 6048/7401 6453/7408 7355/7415
f 6048/7401 7356/7398 7357/7399 6627/7402
f 7358/7948 5999/7946 6627/7402 7357/7399
f 7359/7337 6020/7331 5999/7330 7358/7338
f 7360/7340 5998/7334 6020/7331 7359/7337
f 7361/7288 5982/7289 5998/7334 7360/7340
f 7362/7287 5979/7290 5982/7289 7361/7288
f 5949/7226 5979/7283 7362/7281 7363/7221
f 5949/7226 7363/7221 7364/7184 5925/7192
f 7365/7179 5921/7183 5925/7192 7364/7184
f 5921/7183 7365/7179 7366/7166 5911/7165
f 5911/7165 7366/7166 7367/7136 5892/7141
f 5892/7141 7367/7136 7368/7112 5878/7114
f 7369/7106 5874/7108 5878/7114 7368/7112
f 7370/7097 5867/7099 5874/7108 7369/7106
f 7371/7069 5851/7071 5867/7099 7370/7097
f 5851/7071 7371/7069 7372/7032 5819/7031
f 5819/7031 7372/7032 7373/6997 5796/6996
f 7374/6972 5780/6987 5796/6996 7373/6997
f 5780/6987 7374/6972 7375/6968 5752/6917
f 5751/6918 5752/6917 7375/6968 7376/6914
f 5771/6919 5751/6918 7376/6914 7377/6915
f 7378/6962 5600/6960 5771/6919 7377/6915
f 5600/6215 7378/6763 7379/6761 5599/6137
f 5599/6137 7379/6761 7380/6759 5598/6135
f 7381/6757 5597/6132 5598/6135 7380/6759
f 5597/6132 7381/6757 7382/6756 5596/6131
f 7383/6754 5595/6121 5596/6131 7382/6756
f 7384/6752 5594/6117 5595/6121 7383/6754
f 7385/6750 5593/6115 5594/6117 7384/6752
f 7386/6745 5592/6037 5593/6115 7385/6750
f 5592/6037 7386/6745 7387/6748 5591/6038
f 5591/6083 7387/6744 7388/6743 5590/6084
f 5590/6084 7388/6743 7389/6742 5589/6395
f 7390/6741 5588/6418 5589/6395 7389/6742
f 5588/6418 7390/6741 7391/6740 5587/6437
f 5587/6437 7391/6740 7392/6739 5586/6455
f 7393/6738 5585/6472 5586/6455 7392/6739
f 7394/6737 5584/6521 5585/6472 7393/6738
f 7395/6736 5583/6517 5584/6521 7394/6737
f 5583/6517 7395/6736 7396/6735 5582/6518
f 7397/6734 5581/6545 5582/6518 7396/6735
f 7398/6733 5580/6572 5581/6545 7397/6734
f 5580/6572 7398/6733 7399/6732 5579/6598
f 7400/6730 5578/6595 5579/6598 7399/6732
f 5578/6595 7400/6730 7428/6731 7427/6626
f 5577/6663 7401/6728 7402/6729 5576/6664
f 5601/6767 5576/6664 7402/6729 7403/6765
f 5601/6767 7403/6765 7404/8308 7080/8306
f 7405/8443 7193/8343 7080/8306 7404/8308
f 7405/8443 7406/8445 7101/8339 7193/8343
f 7405/8443 7322/8328 7321/8442 7406/8445
f 7321/8442 7192/8340 7101/8339 7406/8445
f 7408/8446 7158/6638 5502/6637 7407/8447
f 7279/8391 7158/6638 7408/8446 7409/8448
f 7410/8449 5725/6894 7279/8391 7409/8448
f 7411/8450 5503/6641 5725/6894 7410/8449
f 5503/6641 7411/8450 7412/8451 5504/6642
f 7413/8452 5505/6643 5504/6642 7412/8451
f 5505/6643 7413/8452 7414/8453 5628/6647
f 7415/8454 5506/6648 5628/6647 7414/8453
f 5506/6648 7415/8454 7416/8455 7295/6650
f 7417/8456 5633/6783 7295/8441 7416/8457
f 7418/8458 5507/6784 5633/6783 7417/8456
f 5507/6784 7418/8458 7419/8459 7248/6653
f 7420/8460 5508/6654 7248/6653 7419/8459
f 7421/8461 5674/6658 5508/6654 7420/8460
f 7422/8462 5509/6655 5674/6658 7421/8461
f 5509/6655 7422/8462 7423/8463 7126/6660
f 7424/8464 5679/6892 7126/6660 7423/8463
f 7425/8465 5720/6839 5679/6892 7424/8464
f 7426/8466 5510/6662 5720/6839 7425/8465
f 5510/6662 7426/8466 7427/8467 5577/6663
f 7428/8468 7401/6728 5577/6663 7427/8467
f 7429/8469 5511/6722 7401/6728 7428/8468
f 5511/6722 7429/8469 7430/8470 5570/6723
f 7431/8471 5512/6668 5570/6667 7430/8472
f 7432/8473 5545/6669 5512/6668 7431/8471
f 7407/8447 5502/6637 5545/6669 7432/8473
f 4679/8474 4785/5413 4678/8475
f 4783/5408 1975/5412 4785/5413
f 4785/5413 1975/5412 4678/8475
f 4680/5610 4788/5421 4785/5413 4679/8474
f 4688/8476 4977/5703 4687/8477
f 4977/5703 4967/5677 4687/8477
f 4967/5677 2184/5676 4687/8477
f 4689/5713 4978/5705 4977/5703 4688/8476
f 4694/2784 5174/5975 4693/5336
f 5174/5975 5608/6777 4693/5336
f 5608/6777 2840/3596 4693/5336
f 4696/3110 5176/6297 5654/6835 4719/3657
f 4695/3658 5175/6836 7223/7828 4733/5278
f 4708/5337 5323/7817 5324/6318 4709/3131
f 4712/3132 5337/6317 5333/6864 4710/3688
f 4715/4838 5355/7806 6594/7805 4721/4771
f 2589/3175 5360/6358 4716/5338
f 4708/5337 4716/5338 5323/7817
f 4716/5338 5360/6358 5323/7817
f 3577/4684 4713/5339 6339/7809
f 4714/4772 5354/7810 4713/5339
f 5354/7810 6339/7809 4713/5339
f 4722/7957 6698/5507 6699/5506 4723/7961
f 4724/7960 6700/5505 4681/8478
f 6701/5502 2053/7962 6700/5505
f 6700/5505 2053/7962 4681/8478
f 4697/4818 6721/6193 6722/6194 4698/5341
f 4698/5341 6722/6194 6723/6200 4725/4819
f 6724/6201 6725/6203 2496/4821
f 4700/4822 4701/5342 6725/6203
f 4701/5342 2496/4821 6725/6203
f 4726/4830 6731/6244 6732/6242 4727/5343
f 4727/5343 6732/6242 6733/6243 4728/8479
f 4728/8479 6733/6243 6734/6241 4729/7980
f 4705/7981 6736/6246 7326/6260 4735/8444
f 2934/3692 5699/6866 4720/5345
f 5699/6866 7151/6298 4720/5345
f 4720/5345 7151/6298 4731/3109
s 270
f 7433/8480 7573/8481 7607/8482 7594/8483
f 7433/8480 7434/8484 7572/8485 7573/8481
f 7434/8484 7435/8486 7571/8487 7572/8485
f 7435/8486 7436/8488 7570/8489 7571/8487
f 7436/8488 7437/8490 7569/8491 7570/8489
f 7437/8490 7438/8492 7568/8493 7569/8491
f 7438/8492 7439/8494 7567/8495 7568/8493
f 7439/8496 7440/8497 7566/8498 7567/8499
f 7565/8500 7566/8498 7440/8497 7441/8501
f 7564/8502 7565/8500 7441/8501 7442/8503
f 7559/8504 7560/8505 7443/8506 7444/8507
f 7556/8508 7557/8509 7531/8510 7445/8511
f 7433/8480 7594/8483 7446/8512
f 7594/8483 7595/8513 7446/8512
f 7447/8514 7446/8512 7595/8513
f 7446/8512 7448/8515 7434/8484 7433/8480
f 7449/8516 7450/8517 7448/8515 7446/8512
f 7451/8518 7523/8519 7603/8520 7598/8521
f 7522/8522 7523/8519 7451/8518 7452/8523
f 7454/8524 7452/8523 7451/8518 7453/8525
f 7453/8525 7524/8526 7525/8527 7454/8524
f 7455/8528 7458/8529 7459/8530 7456/8531
f 7456/8531 7459/8530 7460/8532 7457/8533
f 7601/8534 7461/8535 7600/8536
f 7461/8535 7459/8537 7600/8536
f 7458/8538 7600/8536 7459/8537
f 7462/8539 7460/8540 7459/8537 7461/8535
f 7461/8535 7464/8541 7465/8542 7462/8539
f 7463/8543 7466/8544 7467/8545 7464/8541
f 7464/8541 7467/8545 7468/8546 7465/8542
f 7470/8547 7467/8545 7466/8544 7469/8548
f 7467/8545 7470/8547 7471/8549 7468/8546
f 7469/8548 7472/8550 7473/8551 7470/8547
f 7474/8552 7471/8549 7470/8547 7473/8551
f 7476/8553 7473/8551 7472/8550 7475/8554
f 7473/8551 7476/8553 7477/8555 7474/8552
f 7479/8556 7476/8553 7475/8554 7478/8557
f 7476/8553 7479/8556 7480/8558 7477/8555
f 7478/8557 7482/8559 7483/8560 7479/8556
f 7479/8556 7483/8560 7481/8561 7480/8558
f 7482/8559 7485/8562 7486/8563 7483/8560
f 7483/8560 7486/8563 7484/8564 7481/8561
f 7486/8563 7485/8562 7488/8565 7489/8566
f 7484/8564 7486/8563 7489/8566 7487/8567
f 7490/8568 7487/8567 7489/8566 7491/8569
f 7491/8569 7489/8566 7488/8565 7492/8570
f 7491/8569 7494/8571 7493/8572 7490/8568
f 7494/8571 7491/8569 7492/8570 7495/8573
f 7494/8571 7497/8574 7496/8575 7493/8572
f 7497/8574 7494/8571 7495/8573 7498/8576
f 7498/8576 7526/8577 7527/8578 7497/8574
f 7497/8574 7527/8578 7528/8579 7496/8575
f 7499/8580 7502/8581 7503/8582 7500/8583
f 7500/8583 7503/8582 7504/8584 7501/8585
f 7505/8586 7504/8584 7503/8582 7506/8587
f 7506/8587 7503/8582 7502/8581 7507/8588
f 7508/8589 7505/8586 7506/8587 7509/8590
f 7509/8590 7506/8587 7507/8588 7510/8591
f 7511/8592 7508/8589 7509/8590 7512/8593
f 7512/8593 7509/8590 7510/8591 7513/8594
f 7554/8595 7555/8596 7514/8597 7515/8598
f 7555/8596 7556/8508 7445/8511 7514/8597
f 7515/8598 7514/8597 7516/8599 7517/8600
f 7445/8511 7518/8601 7516/8599 7514/8597
f 7520/8602 7517/8600 7516/8599 7519/8603
f 7518/8601 7521/8604 7519/8603 7516/8599
f 7512/8593 7519/8603 7521/8604 7511/8592
f 7519/8603 7512/8593 7513/8594 7520/8602
f 7449/8516 7523/8519 7522/8522 7450/8517
f 7524/8526 7605/8605 7456/8531
f 7605/8605 7604/8606 7456/8531
f 7604/8606 7455/8528 7456/8531
f 7525/8527 7524/8526 7456/8531 7457/8533
f 7527/8578 7526/8577 7499/8580 7500/8583
f 7528/8579 7527/8578 7500/8583 7501/8585
f 7560/8505 7561/8607 7529/8608 7443/8506
f 7530/8609 7558/8610 7559/8504 7444/8507
f 7531/8510 7557/8509 7558/8610 7530/8609
f 7442/8503 7550/8611 7563/8612 7564/8502
f 7562/8613 7563/8612 7550/8611 7552/8614
f 7561/8607 7562/8613 7552/8614 7529/8608
f 7532/8615 7533/8616 7592/8617 7593/8618
f 7533/8616 7534/8619 7591/8620 7592/8617
f 7534/8619 7535/8621 7590/8622 7591/8620
f 7589/8623 7590/8622 7535/8621 7536/8624
f 7588/8625 7589/8623 7536/8624 7537/8626
f 7537/8626 7538/8627 7587/8628 7588/8625
f 7538/8627 7539/8629 7586/8630 7587/8628
f 7539/8629 7553/8631 7585/8632 7586/8630
f 7553/8631 7551/8633 7584/8634 7585/8632
f 7583/8635 7584/8634 7551/8633 7540/8636
f 7540/8636 7541/8637 7582/8638 7583/8635
f 7541/8637 7542/8639 7581/8640 7582/8638
f 7580/8641 7581/8640 7542/8639 7543/8642
f 7579/8643 7580/8644 7543/8645 7544/8646
f 7578/8647 7579/8643 7544/8646 7545/8648
f 7577/8649 7578/8647 7545/8648 7546/8650
f 7576/8651 7577/8649 7546/8650 7547/8652
f 7575/8653 7576/8651 7547/8652 7548/8654
f 7574/8655 7575/8653 7548/8654 7549/8656
f 7743/8657 7744/8658 7518/8601 7445/8511
f 7788/8659 7743/8657 7445/8511 7531/8510
f 7787/8660 7788/8659 7531/8510 7530/8609
f 7786/8661 7787/8660 7530/8609 7444/8507
f 7785/8662 7786/8661 7444/8507 7443/8506
f 7784/8663 7785/8662 7443/8506 7529/8608
f 7783/8664 7784/8663 7529/8608 7552/8614
f 7782/8665 7783/8664 7552/8614 7550/8611
f 7781/8666 7782/8665 7550/8611 7442/8503
f 7780/8667 7781/8666 7442/8503 7441/8501
f 7441/8501 7440/8497 7779/8668 7780/8667
f 7778/8669 7779/8668 7440/8497 7439/8496
f 7777/8670 7778/8671 7439/8494 7438/8492
f 7776/8672 7777/8670 7438/8492 7437/8490
f 7775/8673 7776/8672 7437/8490 7436/8488
f 7436/8488 7435/8486 7774/8674 7775/8673
f 7773/8675 7774/8674 7435/8486 7434/8484
f 7772/8676 7773/8675 7434/8484 7448/8515
f 7448/8515 7450/8517 7771/8677 7772/8676
f 7450/8517 7522/8522 7770/8678 7771/8677
f 7769/8679 7770/8678 7522/8522 7452/8523
f 7452/8523 7454/8524 7768/8680 7769/8679
f 7767/8681 7768/8680 7454/8524 7525/8527
f 7766/8682 7767/8681 7525/8527 7457/8533
f 7765/8683 7766/8682 7457/8533 7460/8532
f 7460/8540 7462/8539 7764/8684 7765/8685
f 7462/8539 7465/8542 7763/8686 7764/8684
f 7762/8687 7763/8686 7465/8542 7468/8546
f 7761/8688 7762/8687 7468/8546 7471/8549
f 7471/8549 7474/8552 7760/8689 7761/8688
f 7474/8552 7477/8555 7759/8690 7760/8689
f 7477/8555 7480/8558 7758/8691 7759/8690
f 7480/8558 7481/8561 7757/8692 7758/8691
f 7756/8693 7757/8692 7481/8561 7484/8564
f 7755/8694 7756/8693 7484/8564 7487/8567
f 7754/8695 7755/8694 7487/8567 7490/8568
f 7490/8568 7493/8572 7753/8696 7754/8695
f 7493/8572 7496/8575 7752/8697 7753/8696
f 7751/8698 7752/8697 7496/8575 7528/8579
f 7528/8579 7501/8585 7750/8699 7751/8698
f 7749/8700 7750/8699 7501/8585 7504/8584
f 7504/8584 7505/8586 7748/8701 7749/8700
f 7505/8586 7508/8589 7747/8702 7748/8701
f 7746/8703 7747/8702 7508/8589 7511/8592
f 7745/8704 7746/8703 7511/8592 7521/8604
f 7744/8658 7745/8704 7521/8604 7518/8601
f 7573/8481 7572/8485 7575/8653 7574/8655
f 7572/8485 7571/8487 7576/8651 7575/8653
f 7571/8487 7570/8489 7577/8649 7576/8651
f 7570/8489 7569/8491 7578/8647 7577/8649
f 7569/8491 7568/8493 7579/8643 7578/8647
f 7568/8493 7567/8495 7580/8644 7579/8643
f 7567/8499 7566/8498 7581/8640 7580/8641
f 7582/8638 7581/8640 7566/8498 7565/8500
f 7583/8635 7582/8638 7565/8500 7564/8502
f 7564/8502 7563/8612 7584/8634 7583/8635
f 7585/8632 7584/8634 7563/8612 7562/8613
f 7586/8630 7585/8632 7562/8613 7561/8607
f 7587/8628 7586/8630 7561/8607 7560/8505
f 7588/8625 7587/8628 7560/8505 7559/8504
f 7559/8504 7558/8610 7589/8623 7588/8625
f 7558/8610 7557/8509 7590/8622 7589/8623
f 7591/8620 7590/8622 7557/8509 7556/8508
f 7592/8617 7591/8620 7556/8508 7555/8596
f 7593/8618 7592/8617 7555/8596 7554/8595
f 7447/8514 7597/8705 7446/8512
f 7449/8516 7446/8512 7596/8706
f 7597/8705 7596/8706 7446/8512
f 7598/8521 7599/8707 7453/8525 7451/8518
f 7599/8707 7605/8605 7524/8526 7453/8525
f 7601/8534 7602/8708 7461/8535
f 7464/8541 7461/8535 7463/8543
f 7602/8708 7463/8543 7461/8535
f 7596/8706 7603/8520 7523/8519 7449/8516
f 7606/8709 7608/8710 7574/8655 7549/8656
f 7608/8710 7607/8482 7573/8481 7574/8655
f 7609/8711 7594/8483 7607/8482 7723/8712
f 7609/8711 7723/8712 7722/8713 7610/8714
f 7610/8714 7722/8713 7721/8715 7611/8716
f 7611/8716 7721/8715 7720/8717 7612/8718
f 7612/8718 7720/8717 7719/8719 7613/8720
f 7613/8720 7719/8719 7718/8721 7614/8722
f 7614/8722 7718/8721 7717/8723 7615/8724
f 7615/8725 7717/8726 7716/8727 7616/8728
f 7715/8729 7617/8730 7616/8728 7716/8727
f 7714/8731 7618/8732 7617/8730 7715/8729
f 7709/8733 7620/8734 7619/8735 7710/8736
f 7706/8737 7621/8738 7683/8739 7707/8740
f 7609/8711 7622/8741 7594/8483
f 7594/8483 7622/8741 7595/8513
f 7447/8514 7595/8513 7622/8741
f 7622/8741 7609/8711 7610/8714 7623/8742
f 7624/8743 7622/8741 7623/8742 7625/8744
f 7626/8745 7598/8521 7603/8520 7676/8746
f 7675/8747 7627/8748 7626/8745 7676/8746
f 7629/8749 7628/8750 7626/8745 7627/8748
f 7628/8750 7629/8749 7678/8751 7677/8752
f 7455/8528 7630/8753 7632/8754 7458/8529
f 7630/8753 7631/8755 7633/8756 7632/8754
f 7601/8534 7600/8536 7634/8757
f 7634/8757 7600/8536 7632/8758
f 7458/8538 7632/8758 7600/8536
f 7635/8759 7634/8757 7632/8758 7633/8760
f 7634/8757 7635/8759 7637/8761 7636/8762
f 7463/8543 7636/8762 7638/8763 7466/8544
f 7636/8762 7637/8761 7639/8764 7638/8763
f 7640/8765 7469/8548 7466/8544 7638/8763
f 7638/8763 7639/8764 7641/8766 7640/8765
f 7469/8548 7640/8765 7642/8767 7472/8550
f 7643/8768 7642/8767 7640/8765 7641/8766
f 7644/8769 7475/8554 7472/8550 7642/8767
f 7642/8767 7643/8768 7645/8770 7644/8769
f 7646/8771 7478/8557 7475/8554 7644/8769
f 7644/8769 7645/8770 7647/8772 7646/8771
f 7478/8557 7646/8771 7649/8773 7482/8559
f 7646/8771 7647/8772 7648/8774 7649/8773
f 7482/8559 7649/8773 7651/8775 7485/8562
f 7649/8773 7648/8774 7650/8776 7651/8775
f 7651/8775 7653/8777 7488/8565 7485/8562
f 7650/8776 7652/8778 7653/8777 7651/8775
f 7654/8779 7655/8780 7653/8777 7652/8778
f 7655/8780 7492/8570 7488/8565 7653/8777
f 7655/8780 7654/8779 7656/8781 7657/8782
f 7657/8782 7495/8573 7492/8570 7655/8780
f 7657/8782 7656/8781 7658/8783 7659/8784
f 7659/8784 7498/8576 7495/8573 7657/8782
f 7498/8576 7659/8784 7679/8785 7526/8577
f 7659/8784 7658/8783 7680/8786 7679/8785
f 7499/8580 7660/8787 7662/8788 7502/8581
f 7660/8787 7661/8789 7663/8790 7662/8788
f 7664/8791 7665/8792 7662/8788 7663/8790
f 7665/8792 7507/8588 7502/8581 7662/8788
f 7666/8793 7667/8794 7665/8792 7664/8791
f 7667/8794 7510/8591 7507/8588 7665/8792
f 7668/8795 7669/8796 7667/8794 7666/8793
f 7669/8796 7513/8594 7510/8591 7667/8794
f 7554/8595 7515/8598 7670/8797 7705/8798
f 7705/8798 7670/8797 7621/8738 7706/8737
f 7515/8598 7517/8600 7671/8799 7670/8797
f 7621/8738 7670/8797 7671/8799 7672/8800
f 7520/8602 7673/8801 7671/8799 7517/8600
f 7672/8800 7671/8799 7673/8801 7674/8802
f 7669/8796 7668/8795 7674/8802 7673/8801
f 7673/8801 7520/8602 7513/8594 7669/8796
f 7624/8743 7625/8744 7675/8747 7676/8746
f 7677/8752 7630/8753 7605/8605
f 7605/8605 7630/8753 7604/8606
f 7630/8753 7455/8528 7604/8606
f 7678/8751 7631/8755 7630/8753 7677/8752
f 7679/8785 7660/8787 7499/8580 7526/8577
f 7680/8786 7661/8789 7660/8787 7679/8785
f 7710/8736 7619/8735 7681/8803 7711/8804
f 7682/8805 7620/8734 7709/8733 7708/8806
f 7683/8739 7682/8805 7708/8806 7707/8740
f 7618/8732 7714/8731 7713/8807 7701/8808
f 7712/8809 7703/8810 7701/8808 7713/8807
f 7711/8804 7681/8803 7703/8810 7712/8809
f 7532/8615 7593/8618 7742/8811 7684/8812
f 7684/8812 7742/8811 7741/8813 7685/8814
f 7685/8814 7741/8813 7740/8815 7686/8816
f 7739/8817 7687/8818 7686/8816 7740/8815
f 7738/8819 7688/8820 7687/8818 7739/8817
f 7688/8820 7738/8819 7737/8821 7689/8822
f 7689/8822 7737/8821 7736/8823 7690/8824
f 7690/8824 7736/8823 7735/8825 7704/8826
f 7704/8826 7735/8825 7734/8827 7702/8828
f 7733/8829 7691/8830 7702/8828 7734/8827
f 7691/8830 7733/8829 7732/8831 7692/8832
f 7692/8832 7732/8831 7731/8833 7693/8834
f 7730/8835 7694/8836 7693/8834 7731/8833
f 7729/8837 7695/8838 7694/8839 7730/8840
f 7728/8841 7696/8842 7695/8838 7729/8837
f 7727/8843 7697/8844 7696/8842 7728/8841
f 7726/8845 7698/8846 7697/8844 7727/8843
f 7725/8847 7699/8848 7698/8846 7726/8845
f 7724/8849 7700/8850 7699/8848 7725/8847
f 7930/8851 7834/8852 7789/8853 7928/8854
f 7932/8855 7833/8856 7834/8852 7929/8857
f 7934/8858 7832/8859 7833/8856 7931/8860
f 7936/8861 7831/8862 7832/8859 7933/8863
f 7938/8864 7830/8865 7831/8862 7935/8866
f 7940/8867 7829/8868 7830/8865 7937/8869
f 7942/8870 7828/8871 7829/8868 7939/8872
f 7944/8873 7827/8874 7828/8871 7941/8875
f 7946/8876 7826/8877 7827/8874 7943/8878
f 7948/8879 7825/8880 7826/8877 7945/8881
f 7824/8882 7825/8880 7947/8883 7950/8884
f 7952/8885 7823/8886 7824/8882 7949/8887
f 7954/8888 7822/8889 7823/8890 7951/8891
f 7956/8892 7821/8893 7822/8889 7953/8894
f 7958/8895 7820/8896 7821/8893 7955/8897
f 7819/8898 7820/8896 7957/8899 7960/8900
f 7962/8901 7818/8902 7819/8898 7959/8903
f 7964/8904 7817/8905 7818/8902 7961/8906
f 7816/8907 7817/8905 7963/8908 7966/8909
f 7815/8910 7816/8907 7965/8911 7968/8912
f 7970/8913 7814/8914 7815/8910 7967/8915
f 7813/8916 7814/8914 7969/8917 7972/8918
f 7974/8919 7812/8920 7813/8916 7971/8921
f 7976/8922 7811/8923 7812/8920 7973/8924
f 7978/8925 7810/8926 7811/8923 7975/8927
f 7809/8928 7810/8929 7977/8930 7980/8931
f 7808/8932 7809/8928 7979/8933 7982/8934
f 7984/8935 7807/8936 7808/8932 7981/8937
f 7986/8938 7806/8939 7807/8936 7983/8940
f 7805/8941 7806/8939 7985/8942 7988/8943
f 7804/8944 7805/8941 7987/8945 7990/8946
f 7803/8947 7804/8944 7989/8948 7992/8949
f 7802/8950 7803/8947 7991/8951 7994/8952
f 7996/8953 7801/8954 7802/8950 7993/8955
f 7998/8956 7800/8957 7801/8954 7995/8958
f 8000/8959 7799/8960 7800/8957 7997/8961
f 7798/8962 7799/8960 7999/8963 8002/8964
f 7797/8965 7798/8962 8001/8966 8004/8967
f 8006/8968 7796/8969 7797/8965 8003/8970
f 7795/8971 7796/8969 8005/8972 8008/8973
f 8010/8974 7794/8975 7795/8971 8007/8976
f 7793/8977 7794/8975 8009/8978 8012/8979
f 7792/8980 7793/8977 8011/8981 8014/8982
f 8016/8983 7791/8984 7792/8980 8013/8985
f 8018/8986 7790/8987 7791/8984 8015/8988
f 7927/8989 7789/8853 7790/8987 8017/8990
f 7723/8712 7724/8849 7725/8847 7722/8713
f 7722/8713 7725/8847 7726/8845 7721/8715
f 7721/8715 7726/8845 7727/8843 7720/8717
f 7720/8717 7727/8843 7728/8841 7719/8719
f 7719/8719 7728/8841 7729/8837 7718/8721
f 7718/8721 7729/8837 7730/8840 7717/8723
f 7717/8726 7730/8835 7731/8833 7716/8727
f 7732/8831 7715/8729 7716/8727 7731/8833
f 7733/8829 7714/8731 7715/8729 7732/8831
f 7714/8731 7733/8829 7734/8827 7713/8807
f 7735/8825 7712/8809 7713/8807 7734/8827
f 7736/8823 7711/8804 7712/8809 7735/8825
f 7737/8821 7710/8736 7711/8804 7736/8823
f 7738/8819 7709/8733 7710/8736 7737/8821
f 7709/8733 7738/8819 7739/8817 7708/8806
f 7708/8806 7739/8817 7740/8815 7707/8740
f 7741/8813 7706/8737 7707/8740 7740/8815
f 7742/8811 7705/8798 7706/8737 7741/8813
f 7593/8618 7554/8595 7705/8798 7742/8811
f 7447/8514 7622/8741 7597/8705
f 7624/8743 7596/8706 7622/8741
f 7597/8705 7622/8741 7596/8706
f 7598/8521 7626/8745 7628/8750 7599/8707
f 7599/8707 7628/8750 7677/8752 7605/8605
f 7601/8534 7634/8757 7602/8708
f 7636/8762 7463/8543 7634/8757
f 7634/8757 7463/8543 7602/8708
f 7596/8706 7624/8743 7676/8746 7603/8520
f 7606/8709 7700/8850 7724/8849 7608/8710
f 7608/8710 7724/8849 7723/8712 7607/8482
f 7837/8991 7835/8992 7744/8658 7743/8657
f 7836/8993 7925/8994 7745/8704 7744/8658
f 7926/8995 7923/8996 7746/8703 7745/8704
f 7924/8997 7921/8998 7747/8702 7746/8703
f 7748/8701 7747/8702 7922/8999 7919/9000
f 7749/8700 7748/8701 7920/9001 7917/9002
f 7918/9003 7915/9004 7750/8699 7749/8700
f 7751/8698 7750/8699 7916/9005 7913/9006
f 7914/9007 7911/9008 7752/8697 7751/8698
f 7753/8696 7752/8697 7912/9009 7909/9010
f 7754/8695 7753/8696 7910/9011 7907/9012
f 7908/9013 7905/9014 7755/8694 7754/8695
f 7906/9015 7903/9016 7756/8693 7755/8694
f 7904/9017 7901/9018 7757/8692 7756/8693
f 7758/8691 7757/8692 7902/9019 7899/9020
f 7759/8690 7758/8691 7900/9021 7897/9022
f 7760/8689 7759/8690 7898/9023 7895/9024
f 7761/8688 7760/8689 7896/9025 7893/9026
f 7894/9027 7891/9028 7762/8687 7761/8688
f 7892/9029 7889/9030 7763/8686 7762/8687
f 7764/8684 7763/8686 7890/9031 7887/9032
f 7765/8685 7764/8684 7888/9033 7885/9034
f 7886/9035 7883/9036 7766/8682 7765/8683
f 7884/9037 7881/9038 7767/8681 7766/8682
f 7882/9039 7879/9040 7768/8680 7767/8681
f 7769/8679 7768/8680 7880/9041 7877/9042
f 7878/9043 7875/9044 7770/8678 7769/8679
f 7771/8677 7770/8678 7876/9045 7873/9046
f 7772/8676 7771/8677 7874/9047 7871/9048
f 7872/9049 7869/9050 7773/8675 7772/8676
f 7870/9051 7867/9052 7774/8674 7773/8675
f 7775/8673 7774/8674 7868/9053 7865/9054
f 7866/9055 7863/9056 7776/8672 7775/8673
f 7864/9057 7861/9058 7777/8670 7776/8672
f 7862/9059 7859/9060 7778/8671 7777/8670
f 7860/9061 7857/9062 7779/8668 7778/8669
f 7780/8667 7779/8668 7858/9063 7855/9064
f 7856/9065 7853/9066 7781/8666 7780/8667
f 7854/9067 7851/9068 7782/8665 7781/8666
f 7852/9069 7849/9070 7783/8664 7782/8665
f 7850/9071 7847/9072 7784/8663 7783/8664
f 7848/9073 7845/9074 7785/8662 7784/8663
f 7846/9075 7843/9076 7786/8661 7785/8662
f 7844/9077 7841/9078 7787/8660 7786/8661
f 7842/9079 7839/9080 7788/8659 7787/8660
f 7840/9081 7838/9082 7743/8657 7788/8659
f 7790/8987 7789/8853 7672/8800 7674/8802
f 7791/8984 7790/8987 7674/8802 7668/8795
f 7792/8980 7791/8984 7668/8795 7666/8793
f 7664/8791 7793/8977 7792/8980 7666/8793
f 7663/8790 7794/8975 7793/8977 7664/8791
f 7795/8971 7794/8975 7663/8790 7661/8789
f 7680/8786 7796/8969 7795/8971 7661/8789
f 7797/8965 7796/8969 7680/8786 7658/8783
f 7656/8781 7798/8962 7797/8965 7658/8783
f 7654/8779 7799/8960 7798/8962 7656/8781
f 7800/8957 7799/8960 7654/8779 7652/8778
f 7801/8954 7800/8957 7652/8778 7650/8776
f 7802/8950 7801/8954 7650/8776 7648/8774
f 7647/8772 7803/8947 7802/8950 7648/8774
f 7645/8770 7804/8944 7803/8947 7647/8772
f 7643/8768 7805/8941 7804/8944 7645/8770
f 7641/8766 7806/8939 7805/8941 7643/8768
f 7807/8936 7806/8939 7641/8766 7639/8764
f 7808/8932 7807/8936 7639/8764 7637/8761
f 7635/8759 7809/8928 7808/8932 7637/8761
f 7633/8760 7810/8929 7809/8928 7635/8759
f 7811/8923 7810/8926 7633/8756 7631/8755
f 7812/8920 7811/8923 7631/8755 7678/8751
f 7813/8916 7812/8920 7678/8751 7629/8749
f 7627/8748 7814/8914 7813/8916 7629/8749
f 7815/8910 7814/8914 7627/8748 7675/8747
f 7625/8744 7816/8907 7815/8910 7675/8747
f 7623/8742 7817/8905 7816/8907 7625/8744
f 7818/8902 7817/8905 7623/8742 7610/8714
f 7819/8898 7818/8902 7610/8714 7611/8716
f 7612/8718 7820/8896 7819/8898 7611/8716
f 7821/8893 7820/8896 7612/8718 7613/8720
f 7822/8889 7821/8893 7613/8720 7614/8722
f 7823/8890 7822/8889 7614/8722 7615/8724
f 7824/8882 7823/8886 7615/8725 7616/8728
f 7617/8730 7825/8880 7824/8882 7616/8728
f 7826/8877 7825/8880 7617/8730 7618/8732
f 7827/8874 7826/8877 7618/8732 7701/8808
f 7828/8871 7827/8874 7701/8808 7703/8810
f 7829/8868 7828/8871 7703/8810 7681/8803
f 7830/8865 7829/8868 7681/8803 7619/8735
f 7831/8862 7830/8865 7619/8735 7620/8734
f 7832/8859 7831/8862 7620/8734 7682/8805
f 7833/8856 7832/8859 7682/8805 7683/8739
f 7834/8852 7833/8856 7683/8739 7621/8738
f 7789/8853 7834/8852 7621/8738 7672/8800
s off
f 8019 8020 8021 8022
f 8023 8024 8025 8026
f 8027 8028 8029 8030
f 8031 8032 8033 8034
f 8035 8036 8037 8038
f 8039 8040 8041 8042
f 8043 8044 8045 8046
f 8047 8048 8049 8050
f 8051 8052 8053 8054
f 8055 8056 8057 8058
f 8059 8060 8061 8062
f 8063 8064 8065 8066
f 8067 8068 8069 8070
f 8071 8072 8073 8074
f 8075 8076 8077 8078
f 8079 8080 8081 8082
f 8083 8084 8085 8086
f 8087 8088 8089 8090
f 8091 8092 8093 8094
f 8095 8096 8097 8098
f 8099 8100 8101 8102
f 8103 8104 8105 8106
f 8107 8108 8109 8110
f 8111 8112 8113 8114
f 8115 8116 8117 8118
f 8119 8120 8121 8122
f 8123 8124 8125 8126
f 8127 8128 8129 8130
f 8131 8132 8133 8134
f 8135 8136 8137 8138
f 8139 8140 8141 8142
f 8143 8144 8145 8146
f 8147 8148 8149 8150
f 8151 8152 8153 8154
f 8155 8156 8157 8158
f 8159 8160 8161 8162
f 8163 8164 8165 8166
f 8167 8168 8169 8170
f 8171 8172 8173 8174
f 8175 8176 8177 8178
f 8179 8180 8181 8182
f 8183 8184 8185 8186
f 8187 8188 8189 8190
f 8191 8192 8193 8194
f 8195 8196 8197 8198
f 8199 8200 8201 8202
f 8203 8204 8205 8206
f 8207 8208 8209 8210
f 8211 8212 8213 8214
f 8215 8216 8217 8218
f 8219 8220 8221 8222
f 8223 8224 8225 8226
f 8227 8228 8229 8230
f 8231 8232 8233 8234
f 8235 8236 8237 8238
f 8239 8240 8241 8242
f 8243 8244 8245 8246
f 8247 8248 8249 8250
f 8251 8252 8253 8254
f 8255 8256 8257 8258
f 8259 8260 8261 8262
f 8263 8264 8265 8266
f 8267 8268 8269 8270
f 8271 8272 8273 8274
f 8275 8276 8277 8278
f 8279 8280 8281 8282
f 8283 8284 8285 8286
f 8287 8288 8289 8290
f 8291 8292 8293 8294
f 8295 8296 8297 8298
f 8299 8300 8301 8302
f 8303 8304 8305 8306
f 8307 8308 8309 8310
f 8311 8312 8313 8314
f 8315 8316 8317 8318
f 8319 8320 8321 8322
f 8323 8324 8325 8326
f 8327 8328 8329 8330
f 8331 8332 8333 8334
f 8335 8336 8337 8338
f 8339 8340 8341 8342
f 8343 8344 8345 8346
f 8347 8348 8349 8350
f 8351 8352 8353 8354
f 8355 8356 8357 8358
f 8359 8360 8361 8362
f 8363 8364 8365 8366
f 8367 8368 8369 8370
f 8371 8372 8373 8374
f 8375 8376 8377 8378
f 8379 8380 8381 8382
f 8383 8384 8385 8386
